0 0 18
1 0 4667
2 0 1870
3 1 841
4 1 1540
5 1 29
6 2 5031
7 2 434
8 3 2588
9 3 428
10 4 4018
11 4 4013
12 5 1551
13 5 4182
14 5 448
15 6 1329
16 6 1437
17 7 1894
18 7 1784
19 8 2126
20 8 1875
21 8 2105
22 9 2042
23 9 5686
24 10 612
25 10 1433
26 10 2198
27 11 2709
28 11 3795
29 12 1522
30 12 3701
31 12 1437
32 12 3719
33 13 644
34 14 24
35 14 27
36 15 1781
37 15 4773
38 16 1606
39 16 2123
40 17 1789
41 17 3727
42 17 19
43 17 1676
44 18 204
46 18 1772
47 18 203
48 19 27
49 19 3721
51 20 5635
52 20 5637
53 20 1789
54 20 2126
55 21 1683
56 21 3044
57 21 3387
58 22 642
59 22 656
60 23 586
61 23 3620
62 24 1989
63 24 25
64 25 1416
65 25 26
67 26 3382
68 26 2341
70 26 27
74 28 365
75 28 3328
77 30 2919
78 30 530
79 31 1082
80 31 5229
81 31 2307
82 32 33
83 32 794
84 33 34
86 33 791
88 34 1420
89 34 2484
90 35 2087
91 35 3378
92 36 891
93 36 5313
94 37 2204
95 37 2213
96 38 4932
97 38 2133
98 39 64
99 39 41
100 40 2139
101 40 44
102 41 3051
103 41 40
104 42 3051
105 42 3050
106 42 3730
107 43 2115
108 43 3050
109 43 4674
110 44 2116
111 44 43
112 44 3584
113 45 2246
114 45 3582
115 46 4937
116 46 3364
117 47 5557
118 47 64
119 48 65
120 48 49
121 49 4784
122 49 65
123 50 4784
124 50 5558
125 51 50
126 52 4928
127 52 4927
128 53 4927
129 53 1746
130 53 3366
131 54 1332
132 54 1746
133 54 55
134 55 1332
135 55 1333
136 55 58
138 56 57
139 56 3365
140 56 60
141 56 4675
143 58 59
144 58 60
146 59 1605
147 59 3373
151 60 54
152 61 58
153 61 62
154 62 63
155 62 1605
157 63 3377
159 63 61
161 64 65
166 66 3783
167 66 67
168 67 2085
169 67 4271
170 68 2080
171 68 131
172 68 69
173 69 70
174 69 2109
175 69 94
176 70 93
177 70 2980
178 70 2973
179 71 2978
180 71 2287
181 71 4814
182 72 76
183 72 4814
184 72 73
185 73 81
186 73 74
188 74 75
190 74 4170
191 75 1566
193 75 1554
194 75 1560
195 76 77
197 76 4813
198 76 81
200 77 4812
201 77 80
202 77 78
203 78 79
204 78 1570
207 79 2460
208 80 1568
209 80 79
211 81 80
213 82 4816
214 82 1360
215 82 4814
216 83 4816
217 83 1728
218 83 1359
219 84 4821
220 84 788
221 85 4178
222 85 91
223 86 512
224 86 1103
225 87 1555
226 87 3942
227 87 4602
228 87 4820
229 88 1555
230 88 4175
231 88 3943
232 89 1184
233 89 93
234 89 90
235 89 96
237 90 1185
238 90 123
239 91 1559
240 91 3940
241 91 4177
242 92 5485
243 92 4821
244 92 1104
245 93 1183
248 93 94
251 94 95
253 95 96
254 95 130
255 96 123
258 97 2117
259 97 98
260 98 99
263 99 1821
264 99 2085
265 100 1821
266 100 4557
267 101 1751
268 101 110
269 102 101
270 102 105
271 103 4924
272 103 2144
273 104 3482
274 104 106
275 105 528
276 105 110
277 105 3483
279 106 3480
280 106 1084
281 107 108
282 107 4134
283 108 531
285 108 526
286 109 3486
287 109 110
288 109 533
289 110 532
293 111 2485
294 111 4926
295 112 5504
296 112 1749
297 112 113
299 114 115
300 114 5069
301 114 464
302 115 116
304 115 461
305 115 5070
307 116 117
308 116 120
310 117 118
311 117 461
312 118 119
313 118 2912
315 119 120
317 119 2913
320 120 469
321 121 2913
322 121 2268
323 121 122
325 122 5713
328 123 5712
329 123 5713
331 124 130
332 124 125
333 124 5712
334 124 129
335 125 5170
337 125 135
338 126 127
339 126 5170
340 126 134
341 127 3473
342 127 3731
344 127 139
345 128 2921
346 128 3473
347 128 4135
349 129 5172
350 129 5171
351 130 131
353 130 135
357 131 136
358 132 133
359 132 3731
360 132 134
362 133 2269
363 133 4829
364 133 1427
365 134 135
368 134 2269
372 135 136
374 136 1346
376 137 1552
377 137 1010
378 137 1557
379 137 5348
380 138 3473
381 138 139
382 138 2942
383 139 3732
384 139 1082
387 140 2008
388 140 277
389 141 1484
390 141 3999
391 142 4990
392 142 3059
393 142 2576
394 143 2581
395 143 3201
396 143 3204
397 144 145
398 145 2438
399 145 2432
400 146 5264
401 146 5268
402 148 2449
403 149 5266
404 149 3978
405 150 149
406 151 4585
407 152 170
408 153 2617
409 153 1140
410 154 1196
411 154 2403
412 155 5716
413 155 1179
414 156 2797
415 156 947
416 157 4355
417 157 178
418 158 2420
419 159 2840
420 159 2843
421 160 159
422 161 173
423 161 162
424 162 163
425 163 175
426 163 164
427 164 207
428 165 166
429 165 158
430 166 167
431 167 171
432 167 168
433 169 779
434 169 4356
435 170 171
436 170 168
437 171 172
438 172 162
439 172 173
440 173 156
441 174 175
442 174 164
443 175 176
444 176 166
445 176 158
446 177 178
447 177 4356
448 178 780
450 179 180
451 179 1933
452 180 181
456 181 182
457 182 5511
459 182 1293
460 183 276
461 183 3336
462 184 4187
463 184 307
464 185 3729
465 185 3617
466 186 2019
467 186 5483
468 187 852
469 187 853
470 188 4010
471 188 189
472 188 1253
473 189 4011
474 189 1844
475 189 1223
476 190 852
477 190 1253
478 191 2963
479 191 2696
480 191 5627
481 191 5090
482 192 3510
483 192 1154
484 192 399
485 193 5624
486 193 1154
487 193 3514
488 193 4634
489 194 1304
490 194 5310
491 195 196
492 195 1772
493 196 197
494 196 840
495 197 1688
496 197 1772
497 197 198
500 198 1773
501 198 199
502 198 1415
503 199 200
504 199 1687
505 199 3379
508 200 3380
509 200 201
510 200 1690
511 201 2075
512 201 2341
514 202 1895
515 202 1688
516 202 1414
518 203 1416
520 204 1773
521 204 3381
522 204 3383
523 205 206
524 205 3764
525 206 165
526 207 209
527 207 3877
528 208 219
529 208 220
530 208 206
531 208 3989
532 209 1847
533 210 999
534 210 4254
535 211 1266
536 211 2376
537 211 1130
538 212 939
539 212 211
540 212 2630
541 213 214
542 214 687
543 214 695
544 215 1848
545 215 677
546 216 215
547 217 681
548 217 685
549 218 692
550 218 693
551 218 2593
552 219 802
554 219 799
556 221 3562
557 221 2498
558 222 2965
559 222 3503
560 222 2147
561 223 408
562 223 2963
563 223 2964
564 224 1291
565 224 3760
566 224 3567
567 225 707
568 225 353
569 225 3758
570 226 523
571 226 2332
572 227 1993
573 227 3549
574 228 1376
575 228 5719
576 229 3409
577 229 3408
578 230 472
579 230 3492
580 231 3492
581 231 508
582 231 506
583 232 508
584 232 233
585 232 3504
587 233 478
588 233 5689
589 233 3493
590 234 4108
591 234 4284
592 235 4020
593 236 3160
594 236 2582
595 236 3615
596 237 3173
597 237 3152
598 237 3615
599 238 3174
600 238 726
601 238 3172
602 239 1965
603 239 5617
604 240 2370
605 240 5696
606 241 2231
607 241 3003
608 241 3011
609 242 5162
610 242 5708
611 243 1702
612 243 1036
613 244 1698
614 244 1538
615 245 1068
616 245 2201
617 246 4242
618 246 4300
619 247 3939
620 247 3734
621 247 2703
622 248 4514
623 248 2854
624 249 2828
625 249 2616
626 250 4237
627 250 775
628 251 4654
629 252 4529
630 252 1211
631 253 336
632 254 2344
633 254 1260
634 255 1288
635 255 5539
636 256 604
637 256 5517
638 256 560
639 257 4984
640 257 3315
641 258 560
642 258 525
643 259 2580
644 259 571
645 259 3312
646 260 261
647 260 757
648 260 515
649 261 554
651 261 262
652 261 5487
653 262 1508
654 262 263
656 263 1887
658 264 1713
659 265 2762
660 265 3262
661 266 3047
662 266 722
663 267 2454
664 267 2456
665 268 269
666 268 4266
667 269 698
668 269 270
669 270 271
670 270 3757
671 271 253
672 271 268
673 272 703
674 272 270
675 273 2900
676 274 728
677 275 2901
678 275 954
679 275 2689
680 276 277
681 276 3337
682 277 3335
683 278 767
684 278 765
685 279 517
686 279 541
687 280 2137
688 280 3530
689 280 3521
690 281 2131
691 281 2967
692 282 4552
693 283 1535
694 283 290
695 283 2827
696 284 2835
697 284 4959
698 285 252
699 285 5646
700 286 1534
701 286 1961
702 286 4582
703 287 803
704 287 805
705 288 824
706 288 1636
707 289 2683
708 289 797
709 289 1384
710 290 4533
711 290 291
712 291 4414
713 292 1582
714 292 5296
715 293 1596
716 293 5107
717 294 2276
718 294 2282
719 295 823
720 295 4540
721 296 301
722 297 4525
723 297 5294
724 297 4519
725 298 5108
726 298 302
727 299 293
728 299 825
729 300 822
730 300 1579
731 300 4539
733 301 1655
734 302 299
735 303 4184
736 303 5224
737 304 2051
738 304 1984
739 305 4212
740 305 4209
741 306 1761
742 306 2062
743 307 2007
744 307 1740
745 308 5029
746 308 309
747 309 2101
748 309 5028
749 310 4025
750 310 311
751 311 4568
752 311 1663
753 311 312
754 312 4186
755 312 4567
756 313 4023
757 313 457
758 314 2040
759 314 234
760 315 2576
761 315 1362
762 315 4080
763 316 3632
764 316 1493
765 317 328
766 317 3098
767 317 4750
768 317 1496
769 318 2714
770 318 3636
771 318 2102
772 319 2106
773 319 4774
774 320 5165
775 320 1202
776 320 4031
777 321 4193
778 321 5573
779 322 1209
780 322 1693
781 322 1511
782 323 3097
783 323 5116
784 324 325
785 324 1487
786 324 1492
788 325 4087
789 325 361
790 325 4844
791 326 3109
792 326 4750
793 326 4751
794 327 4753
795 327 4757
796 328 3097
797 328 1494
799 328 4757
800 329 1510
801 329 4075
802 330 1610
803 330 1611
804 330 1260
805 331 3614
806 331 332
807 331 337
808 332 1369
809 332 4786
811 333 343
812 333 3132
813 334 4787
814 334 933
815 335 2219
816 335 420
817 335 933
818 336 1857
819 336 1815
820 337 1363
821 337 4080
822 337 1945
823 338 3610
824 338 142
825 339 3610
826 339 1622
827 340 2599
828 340 3254
829 340 579
830 341 3146
831 341 3250
832 341 3245
833 341 4905
834 342 713
835 342 3072
836 342 3070
837 343 4788
838 343 4787
839 344 343
840 344 334
841 345 3258
842 345 3068
843 345 3259
844 346 3263
845 346 2597
846 347 727
847 347 3224
848 347 3228
849 348 3148
850 348 725
851 348 3251
852 349 720
853 350 965
854 350 4094
855 350 930
856 351 930
857 351 935
858 351 3259
859 351 3256
860 352 353
861 352 3088
862 352 432
863 353 427
865 353 2470
867 354 355
868 354 1029
870 355 1028
871 355 584
872 356 591
873 356 357
874 357 1760
876 357 584
877 358 1502
878 358 3102
879 359 1904
880 359 1485
881 359 1509
882 360 362
883 360 4847
884 360 361
885 361 1488
887 361 1489
890 362 1484
891 362 363
892 362 1488
893 363 1503
895 363 1485
896 364 3333
897 364 365
898 364 3955
899 365 5525
901 366 2060
902 366 550
903 366 1783
904 366 1792
905 367 4051
906 367 555
907 367 550
908 368 3404
909 369 2210
910 369 2193
911 369 1068
912 370 2193
913 370 1066
914 370 1065
915 371 1208
916 371 1065
917 371 372
918 372 539
920 373 2199
921 373 5430
922 373 2203
923 374 2346
924 374 4986
925 374 571
926 375 4986
927 375 3340
928 375 4604
929 375 549
930 376 2371
931 377 5255
932 377 2625
933 377 3969
934 378 4782
935 378 390
936 379 4780
937 379 4990
938 379 3292
939 380 2929
940 380 4871
941 381 382
942 381 4868
943 382 383
944 382 1408
945 383 1408
946 383 2581
948 383 5003
949 384 3298
950 384 387
951 384 5542
952 385 5533
953 385 3297
954 386 753
955 386 1273
957 387 388
958 387 5003
959 388 5220
961 389 2539
962 389 1270
963 389 1268
964 390 391
965 390 2575
966 391 1692
967 391 1797
968 391 3302
969 392 2984
970 392 2998
971 393 2071
972 393 1506
973 394 2994
974 395 1300
975 395 625
976 395 2130
977 396 2098
978 396 3518
979 396 1309
980 397 2179
981 397 3500
982 398 4040
983 398 474
984 398 2182
985 398 1546
986 399 3509
987 399 5718
989 399 5091
990 400 2137
991 400 1314
992 400 631
993 400 1313
994 401 1316
995 401 4722
996 401 1313
997 402 2654
998 402 2638
999 402 2634
1000 403 1899
1001 403 2641
1002 403 5091
1003 404 2652
1004 404 1231
1005 404 1234
1006 405 621
1007 405 2645
1008 405 627
1009 405 1089
1010 406 2646
1011 406 3509
1012 406 1089
1013 407 5629
1014 407 2696
1015 407 5593
1016 408 2965
1018 408 409
1019 409 2076
1021 410 412
1022 410 414
1023 410 415
1024 411 413
1025 411 5593
1026 411 2969
1027 412 1828
1029 412 3503
1030 413 415
1032 413 5592
1033 414 2964
1035 414 5592
1038 415 416
1039 416 2165
1041 417 2757
1042 417 1149
1043 417 928
1044 418 419
1045 418 3818
1046 418 966
1047 418 3994
1048 419 3824
1049 419 692
1051 419 3827
1052 420 4097
1054 420 2760
1055 421 4095
1056 421 350
1057 422 423
1058 422 931
1059 423 952
1060 423 981
1061 424 5560
1062 424 2470
1063 424 1134
1064 424 2469
1065 425 432
1066 425 1134
1067 425 426
1068 426 923
1070 426 329
1072 427 905
1073 427 3628
1074 428 3628
1075 428 1182
1076 428 2471
1077 429 3811
1078 429 986
1079 429 3810
1080 430 3811
1081 430 433
1082 430 904
1083 430 706
1084 431 3088
1085 431 3090
1088 432 2470
1090 433 901
1091 433 3091
1092 433 903
1093 434 4071
1094 434 435
1095 434 1038
1096 435 781
1097 435 437
1099 436 5284
1100 436 5283
1101 436 437
1104 437 1573
1105 438 1576
1106 438 896
1107 439 1861
1108 439 496
1109 440 2732
1110 440 5460
1111 441 3792
1112 442 2255
1113 442 5279
1114 442 1578
1115 443 441
1116 443 835
1117 444 3431
1118 444 1550
1119 444 3433
1120 445 446
1121 445 3439
1122 445 3443
1123 445 3428
1124 446 447
1126 446 3442
1128 447 3429
1129 447 448
1131 448 2911
1132 449 3467
1133 449 2107
1134 449 104
1135 450 3467
1136 450 451
1137 450 5070
1138 451 3472
1140 452 3472
1141 452 4182
1142 452 1703
1143 453 3421
1144 453 3428
1145 453 1664
1146 453 3424
1147 454 3484
1148 454 4341
1149 454 4319
1150 455 3359
1151 455 458
1152 455 3583
1153 456 4565
1154 456 5224
1155 456 4566
1156 457 4022
1157 457 1373
1158 457 314
1160 458 1705
1161 459 3361
1162 459 3359
1163 459 460
1164 460 1373
1165 460 313
1166 460 5500
1167 461 452
1168 462 465
1169 462 3474
1170 462 466
1171 463 3476
1172 463 467
1173 463 464
1175 464 3479
1178 465 3479
1179 465 2921
1180 466 3475
1182 467 115
1184 468 467
1185 468 469
1187 469 2914
1189 470 477
1190 470 471
1191 471 3505
1192 471 4358
1193 471 3504
1194 472 4036
1195 473 631
1196 473 5601
1197 473 2185
1198 474 5601
1200 474 4722
1201 475 2174
1202 475 477
1203 475 476
1205 476 478
1206 476 2131
1208 477 3504
1210 477 478
1211 478 1827
1215 479 480
1216 479 5553
1217 479 483
1218 480 2041
1219 480 5476
1220 481 3550
1221 481 3352
1222 482 4030
1223 483 5680
1224 483 2026
1225 484 1738
1226 484 5562
1227 485 2032
1228 485 486
1229 485 1101
1230 485 917
1231 486 488
1233 486 487
1234 487 839
1235 487 2000
1238 488 2019
1239 489 3626
1240 489 1101
1241 489 917
1242 490 636
1243 490 855
1244 490 502
1245 491 1182
1246 491 502
1247 491 2472
1248 492 995
1249 492 2472
1250 492 635
1251 493 442
1252 493 2736
1253 494 2245
1254 494 5280
1255 494 2734
1256 495 856
1257 495 1226
1258 495 4008
1259 496 2733
1260 497 2884
1261 497 500
1262 497 498
1263 497 496
1264 498 1574
1265 498 443
1266 499 4527
1267 499 187
1268 500 1574
1270 501 1861
1271 501 502
1274 503 507
1275 503 504
1276 503 3493
1277 504 505
1279 504 4908
1280 505 507
1281 505 3492
1283 506 472
1287 507 508
1291 509 787
1292 509 784
1293 509 510
1294 510 782
1295 510 511
1297 511 512
1298 511 4822
1299 511 2488
1302 512 5485
1304 513 514
1305 513 83
1306 514 4553
1308 514 1015
1309 514 1728
1310 515 554
1311 515 1892
1312 516 3345
1313 516 3344
1314 516 3346
1315 517 2205
1316 517 548
1317 517 1139
1318 518 600
1319 518 519
1320 518 5517
1321 518 520
1322 519 5516
1323 519 5518
1325 520 598
1326 520 2205
1327 521 593
1328 521 638
1329 522 547
1331 523 645
1332 524 13
1333 524 651
1334 525 637
1335 525 2214
1337 526 527
1338 526 4134
1339 526 3487
1340 527 3487
1341 527 528
1344 528 2104
1346 529 5230
1347 529 530
1348 529 5067
1349 530 5068
1351 530 2918
1353 531 3486
1354 531 2918
1355 531 532
1357 532 3487
1359 533 3485
1360 533 534
1362 534 5094
1364 535 4311
1365 535 536
1366 535 370
1368 536 1208
1369 536 537
1370 537 540
1371 537 538
1374 538 1208
1375 538 539
1376 539 2005
1378 540 765
1380 540 2742
1381 541 585
1382 542 279
1383 542 1276
1384 542 576
1385 543 3293
1386 543 3292
1387 543 3288
1388 543 3295
1389 544 712
1390 544 1945
1391 544 4786
1392 545 28
1393 545 3322
1394 546 561
1395 546 4615
1396 547 2340
1397 547 599
1398 548 541
1399 548 564
1401 549 4985
1404 550 572
1406 551 555
1407 551 568
1408 551 1863
1409 552 1795
1410 552 556
1411 552 3348
1412 552 3964
1413 553 374
1414 553 1696
1417 554 1889
1420 555 572
1422 556 564
1423 556 558
1424 557 559
1425 557 546
1426 558 4604
1427 558 590
1429 559 596
1430 559 561
1431 560 598
1432 560 566
1436 561 617
1438 562 567
1439 563 1524
1440 563 616
1441 564 585
1444 564 1793
1445 565 1888
1446 565 568
1447 565 572
1448 566 2735
1450 567 569
1451 567 601
1454 568 3339
1455 569 605
1457 569 2556
1458 569 594
1459 570 1886
1460 571 1696
1464 572 1783
1467 573 1879
1468 574 5692
1469 574 1882
1470 574 577
1471 574 5645
1472 575 1283
1473 575 755
1474 576 1277
1475 576 1803
1476 576 585
1477 577 592
1478 577 1277
1480 578 5645
1481 578 592
1482 578 587
1483 579 937
1485 579 3263
1486 580 3102
1487 580 1501
1488 580 3104
1489 581 2587
1490 582 3325
1491 582 3314
1492 583 3261
1493 583 934
1496 584 591
1498 585 3347
1501 586 1209
1502 586 3619
1503 587 588
1505 587 1280
1506 588 592
1507 588 589
1510 589 1278
1511 589 1802
1512 590 1794
1514 590 3348
1516 591 354
1520 593 522
1521 593 4779
1522 594 4616
1523 594 602
1524 594 557
1525 595 597
1526 595 605
1527 595 601
1528 596 606
1529 596 602
1530 597 600
1532 597 603
1534 598 525
1535 599 4778
1538 600 606
1539 601 603
1541 602 605
1544 603 520
1550 606 519
1552 607 2207
1553 607 611
1554 608 611
1555 608 1697
1556 608 2207
1557 608 1433
1558 609 1523
1559 609 3403
1560 610 5455
1561 610 2190
1563 611 1432
1564 612 2213
1565 612 3986
1566 613 3709
1567 613 3715
1568 613 2555
1569 614 1527
1570 615 5223
1571 616 4618
1572 616 1527
1573 616 4616
1574 617 4282
1576 617 618
1578 618 4281
1580 619 1231
1581 619 280
1582 620 2643
1583 620 627
1584 620 1017
1585 621 2647
1587 621 2650
1588 621 2643
1589 622 1637
1590 622 3513
1591 622 3512
1592 623 1637
1593 623 625
1594 623 1597
1595 623 1632
1596 624 3516
1597 624 1155
1598 624 3520
1601 625 1298
1602 626 629
1603 626 2937
1606 627 1016
1607 628 1155
1608 628 1588
1609 628 3511
1611 629 2113
1612 629 631
1613 630 2114
1617 632 3520
1618 632 3518
1619 632 3525
1620 633 1296
1621 633 1303
1622 633 1594
1623 633 1304
1624 634 4632
1625 634 1660
1626 635 636
1628 636 2256
1630 636 851
1631 637 638
1632 637 1040
1634 638 4779
1635 639 2898
1636 639 3264
1637 639 2273
1638 640 524
1639 640 648
1640 641 642
1641 641 656
1642 642 757
1644 642 643
1645 643 759
1646 643 763
1647 644 2330
1648 644 640
1649 645 640
1650 645 646
1651 646 647
1652 646 655
1653 647 641
1654 647 757
1655 648 641
1656 648 646
1657 649 648
1658 649 524
1659 650 652
1660 650 655
1661 651 654
1662 651 5459
1663 652 649
1664 652 651
1665 653 652
1666 653 658
1667 654 13
1668 655 3604
1669 656 653
1670 656 649
1671 657 5487
1672 657 1508
1673 658 4688
1674 659 1152
1675 660 4139
1676 660 4405
1677 661 667
1678 662 666
1679 662 5698
1680 663 662
1681 663 674
1682 664 663
1683 665 664
1684 665 4480
1685 666 665
1686 667 674
1687 667 668
1688 668 669
1689 669 671
1690 669 1846
1691 670 815
1692 670 661
1693 671 673
1694 672 662
1695 672 668
1696 673 4439
1697 674 4484
1698 675 3808
1699 675 672
1700 675 975
1701 676 666
1702 676 1848
1703 677 970
1704 678 5122
1705 678 213
1706 679 680
1707 679 3813
1708 680 4865
1709 680 4470
1710 681 4867
1711 681 4866
1712 682 697
1713 683 4864
1714 683 688
1715 684 2906
1716 684 695
1717 685 686
1718 685 216
1719 686 684
1720 687 688
1721 687 694
1722 688 689
1723 689 691
1724 689 690
1725 690 216
1726 691 2904
1729 692 971
1730 693 866
1731 693 978
1733 694 1950
1734 694 991
1735 695 697
1736 696 709
1737 696 976
1738 697 945
1739 698 708
1740 699 980
1741 699 4226
1742 700 702
1743 700 4266
1744 701 700
1745 701 704
1746 702 698
1747 702 703
1748 703 701
1749 703 705
1750 704 3089
1751 704 253
1752 705 904
1753 705 706
1755 706 3757
1757 707 1037
1758 707 3091
1759 708 709
1760 708 699
1761 709 904
1763 709 272
1764 710 268
1765 710 700
1766 711 4785
1767 711 333
1769 712 4225
1770 712 2345
1772 713 3130
1773 714 3072
1774 714 3069
1775 715 718
1776 715 719
1777 716 715
1778 716 724
1779 717 716
1780 717 1369
1781 718 3074
1782 718 717
1783 719 720
1785 720 3135
1786 721 3071
1787 721 723
1788 722 3171
1789 722 719
1790 723 3119
1791 724 3170
1792 724 725
1794 725 715
1796 726 725
1799 727 3246
1800 727 3240
1801 728 743
1802 728 732
1803 729 4547
1804 729 274
1805 730 4257
1806 730 4549
1807 730 4868
1808 731 2234
1809 731 4546
1810 732 740
1811 732 735
1812 733 2225
1813 733 1076
1814 734 738
1815 735 731
1816 735 4870
1817 736 734
1818 736 731
1819 737 740
1820 738 743
1821 738 737
1822 739 1085
1823 740 143
1824 741 735
1825 741 736
1826 742 733
1827 742 5253
1828 743 744
1829 744 5615
1830 745 3217
1831 745 733
1832 746 747
1833 746 5616
1834 747 1966
1835 747 748
1836 748 751
1837 748 749
1838 749 1078
1839 749 750
1840 750 4993
1841 750 3013
1842 751 3789
1843 751 273
1844 752 2230
1845 752 3015
1846 753 1408
1848 753 2929
1849 754 3040
1850 754 575
1851 755 1282
1852 756 1878
1853 756 574
1856 757 763
1857 758 22
1858 758 643
1859 759 760
1860 759 4055
1861 760 758
1862 760 772
1863 761 2267
1864 761 772
1865 762 758
1866 762 653
1867 763 773
1868 763 1893
1869 764 4054
1870 764 769
1871 765 2195
1872 765 766
1874 765 535
1875 766 2267
1877 766 2037
1878 766 767
1879 767 768
1880 767 5458
1881 768 278
1882 768 2009
1883 769 183
1884 770 9
1885 770 1997
1886 771 774
1887 771 2266
1888 772 762
1889 772 4052
1890 773 759
1891 773 3338
1892 774 766
1893 774 2266
1894 775 1805
1895 776 777
1896 776 2831
1897 778 777
1898 778 4065
1899 779 1958
1900 780 3847
1901 781 786
1903 781 1125
1905 782 787
1906 782 788
1907 783 1380
1908 783 2586
1909 783 1095
1911 784 2491
1912 785 787
1913 785 1351
1914 785 1350
1916 786 1125
1920 788 1350
1922 789 790
1923 789 1791
1924 789 2779
1925 790 1007
1927 790 1009
1928 791 794
1929 791 1608
1931 792 793
1932 792 2128
1933 792 1669
1934 793 2031
1936 793 1679
1937 793 1684
1939 794 1829
1940 795 4914
1941 795 5062
1942 795 1670
1943 796 4587
1944 796 2955
1945 796 2825
1946 797 2800
1948 797 2781
1949 798 1004
1950 798 2809
1951 799 800
1952 799 806
1953 800 801
1954 800 2794
1955 801 287
1956 801 2685
1958 802 810
1959 803 799
1960 803 2676
1961 804 2794
1962 804 1385
1963 804 806
1964 805 2794
1965 805 809
1966 805 1395
1967 806 5322
1968 807 801
1969 807 800
1970 808 1385
1971 808 804
1972 809 2613
1973 810 2674
1974 810 3762
1975 811 1980
1976 811 219
1977 812 5042
1978 812 661
1979 813 2609
1980 813 4649
1981 814 813
1982 815 4703
1983 816 294
1984 816 821
1985 816 817
1986 817 818
1987 817 1623
1988 817 2282
1991 818 820
1992 818 819
1993 818 831
1995 819 1649
1996 819 843
1997 819 5050
1998 820 826
2000 820 1623
2002 821 1443
2003 822 1440
2004 822 295
2005 823 300
2006 824 4587
2007 824 2955
2008 825 1629
2009 825 826
2010 825 830
2013 826 293
2014 827 828
2015 827 4269
2017 828 1009
2018 828 1001
2019 829 4268
2020 829 4269
2021 830 846
2022 830 833
2023 830 1629
2024 831 833
2025 831 843
2027 831 832
2028 832 847
2032 833 826
2033 834 2887
2034 834 1951
2035 835 5461
2036 836 1027
2037 836 438
2038 837 5109
2039 837 298
2040 838 251
2041 839 2028
2042 839 4074
2043 839 4016
2044 840 2056
2045 840 1871
2047 841 4642
2048 841 4647
2049 842 841
2050 842 1540
2052 843 1650
2053 843 848
2055 844 4852
2056 844 1654
2057 845 2275
2058 845 4625
2059 846 4626
2060 846 2954
2061 846 1657
2062 847 833
2063 847 846
2064 848 832
2065 848 4627
2067 849 838
2068 850 854
2069 850 4486
2070 851 2733
2071 851 855
2072 852 4009
2073 852 188
2074 853 2961
2075 853 1214
2076 854 849
2077 854 439
2078 854 5284
2079 855 501
2082 856 2734
2083 856 2249
2084 857 2632
2085 857 960
2086 858 4545
2087 858 959
2088 858 1529
2089 859 860
2090 859 2053
2091 859 368
2092 860 244
2094 861 1205
2095 861 1204
2096 861 862
2098 862 4019
2099 863 956
2100 863 961
2101 863 2898
2102 864 3269
2103 864 914
2104 864 915
2105 864 1616
2106 865 978
2107 865 980
2108 865 866
2109 865 4226
2111 866 3993
2112 866 3992
2114 867 4996
2115 867 4213
2116 868 3879
2117 868 4072
2118 869 2829
2119 870 4854
2120 870 2279
2121 871 2982
2122 871 283
2123 872 3035
2124 872 5699
2125 872 2378
2126 873 876
2127 873 4576
2128 873 3037
2129 873 2379
2130 874 1855
2131 874 3035
2132 874 4576
2133 874 3036
2134 875 2220
2135 875 4363
2136 875 5706
2137 876 878
2139 876 877
2140 876 4578
2142 877 1000
2143 877 879
2145 878 879
2146 878 2220
2148 879 2239
2150 880 2550
2151 880 2200
2152 880 882
2153 881 2096
2154 881 2108
2155 882 2132
2156 882 4915
2157 882 4764
2158 883 2095
2159 883 1684
2160 883 792
2161 884 5452
2162 884 654
2163 885 3400
2164 885 891
2165 886 2142
2166 886 881
2167 887 1685
2168 887 2124
2169 887 883
2170 888 2124
2171 888 889
2172 888 1109
2173 888 3592
2175 889 4917
2176 889 1412
2177 890 3401
2178 890 2331
2181 891 2334
2182 892 2771
2183 893 2771
2184 893 1410
2185 893 1896
2186 894 903
2187 894 3092
2188 894 898
2189 894 4071
2190 895 994
2191 895 1576
2192 896 2602
2193 896 895
2194 897 1573
2195 897 897
2198 898 899
2199 898 5031
2200 899 1115
2202 899 993
2203 900 901
2204 900 1115
2205 900 3810
2206 900 988
2209 901 902
2210 901 3812
2211 902 1116
2213 902 1117
2216 903 3093
2217 903 1116
2221 905 225
2223 906 993
2224 907 909
2225 907 2905
2226 907 908
2227 908 3824
2228 908 971
2230 909 3813
2232 909 970
2233 910 5128
2234 910 973
2235 911 1330
2236 912 957
2237 912 3982
2238 913 961
2239 913 957
2240 913 958
2241 913 3271
2242 914 3267
2244 914 1122
2245 915 2749
2247 916 3624
2248 916 1203
2249 916 489
2251 917 2057
2252 918 997
2253 918 3117
2254 919 1517
2255 919 920
2256 919 1133
2257 920 1505
2259 920 4225
2260 921 4851
2261 921 922
2262 921 1370
2263 922 997
2265 922 3117
2266 923 2758
2267 923 3087
2268 924 2744
2269 924 929
2270 924 979
2271 925 2895
2272 925 4133
2273 926 4106
2274 926 3807
2275 926 3794
2276 927 3807
2277 927 2747
2278 928 2759
2279 928 3087
2281 928 4097
2282 929 3695
2283 929 4092
2286 930 936
2287 930 934
2289 931 936
2290 931 932
2292 932 935
2294 932 937
2295 932 981
2296 933 5574
2299 934 421
2301 935 936
2305 936 965
2309 937 953
2311 938 4048
2312 938 2901
2313 938 4146
2314 938 5316
2315 939 5591
2317 939 4207
2318 940 4207
2319 941 2265
2320 941 942
2321 942 1434
2323 943 1436
2324 943 1539
2325 943 2263
2326 944 3357
2327 944 2034
2328 944 5556
2329 944 1701
2330 945 982
2331 945 1818
2332 946 2618
2333 946 1809
2334 946 1246
2335 947 3741
2336 948 949
2337 948 3744
2338 948 1907
2340 949 4126
2341 949 1243
2342 950 5041
2343 951 2656
2344 951 4109
2345 951 3793
2346 952 4840
2347 952 639
2348 953 346
2350 954 2688
2351 954 4903
2352 955 1127
2353 955 3151
2354 956 3265
2356 956 1070
2359 957 3273
2360 957 2896
2362 958 2896
2364 960 4875
2367 961 3266
2369 961 2897
2370 962 5237
2371 962 4440
2372 962 3973
2373 963 967
2374 963 1620
2375 963 973
2376 964 966
2377 965 422
2378 965 4093
2381 966 3821
2382 966 967
2385 967 3823
2387 967 3818
2388 968 3814
2389 968 5595
2390 968 3817
2391 969 3824
2392 969 1813
2393 969 3815
2394 969 975
2395 970 675
2398 971 3796
2399 972 2748
2400 972 3821
2401 972 3822
2402 972 1330
2403 973 5597
2406 973 5595
2407 974 1813
2408 974 975
2409 974 5698
2413 976 986
2414 976 982
2416 977 3992
2417 977 1817
2419 978 2743
2421 979 2743
2422 979 925
2423 979 4091
2424 980 977
2427 981 1236
2428 981 3264
2431 982 989
2433 983 984
2434 983 989
2435 983 988
2437 985 992
2438 985 4455
2439 985 987
2442 986 989
2443 987 991
2444 987 990
2446 988 2889
2453 990 4466
2454 990 4455
2455 991 4469
2457 991 992
2459 992 4468
2461 992 4197
2465 993 2614
2466 994 2614
2467 994 5654
2469 995 2342
2470 995 1207
2471 996 2342
2472 996 4019
2473 996 4017
2476 997 3118
2477 997 1370
2478 998 1368
2479 998 4086
2480 999 1262
2481 999 4593
2482 1000 4256
2484 1000 2624
2485 1001 284
2486 1001 2956
2487 1001 1003
2488 1002 1004
2489 1002 1003
2491 1003 1005
2494 1004 1005
2495 1004 289
2497 1005 1008
2499 1006 2681
2500 1006 1572
2501 1006 2774
2502 1006 2775
2503 1007 1382
2505 1007 1386
2506 1007 1008
2509 1008 1386
2511 1009 2775
2513 1010 4831
2515 1010 3680
2516 1010 1565
2517 1011 4830
2518 1011 1337
2519 1011 4831
2520 1012 1011
2521 1012 2538
2522 1013 2713
2523 1013 1056
2524 1014 4817
2525 1014 513
2526 1015 2976
2528 1015 1014
2529 1016 1017
2531 1016 1021
2533 1017 1019
2535 1018 1021
2536 1018 2634
2537 1018 1020
2539 1019 1020
2540 1019 2644
2542 1020 2637
2546 1021 2655
2547 1022 1023
2548 1022 1024
2551 1023 1930
2552 1024 776
2553 1025 2847
2554 1025 5263
2555 1026 1265
2556 1026 4146
2557 1026 2596
2558 1027 4070
2559 1027 1576
2562 1028 1033
2563 1029 140
2564 1029 1028
2565 1030 140
2566 1030 3337
2567 1031 1032
2568 1031 5513
2569 1032 2272
2570 1033 1762
2572 1033 1031
2573 1034 1202
2574 1034 2565
2575 1035 1033
2576 1035 1030
2578 1036 9
2579 1037 3092
2580 1037 2615
2581 1038 3
2582 1038 786
2583 1039 1059
2584 1039 1900
2585 1040 523
2586 1040 2332
2587 1041 4068
2588 1042 5048
2589 1043 2466
2590 1043 1052
2591 1044 1968
2592 1044 2882
2593 1045 2230
2594 1045 3790
2595 1046 1964
2596 1046 1045
2597 1047 151
2598 1047 1048
2599 1048 1049
2600 1049 150
2601 1049 1058
2602 1050 150
2603 1050 1048
2604 1051 151
2605 1051 1058
2606 1052 1764
2607 1053 4405
2608 1053 659
2609 1054 3954
2610 1054 4145
2611 1055 1013
2612 1056 1565
2613 1056 1568
2614 1057 4138
2615 1058 1047
2616 1058 1541
2617 1059 2609
2618 1060 4978
2619 1060 3937
2620 1061 5260
2621 1062 2827
2622 1062 5043
2623 1063 4835
2624 1064 144
2625 1064 2444
2628 1065 1067
2629 1066 2192
2630 1066 2217
2631 1066 1067
2632 1067 1069
2637 1068 2192
2639 1069 4562
2640 1069 4931
2641 1070 2930
2643 1070 1119
2644 1071 1119
2645 1071 1071
2646 1072 4163
2647 1072 2232
2648 1073 1072
2649 1073 2987
2650 1073 2238
2651 1074 4736
2652 1074 1077
2653 1075 5097
2654 1075 3001
2655 1076 2221
2656 1076 5253
2657 1077 2557
2658 1077 2229
2659 1077 2987
2660 1078 3013
2661 1078 3014
2663 1079 2429
2664 1079 1287
2665 1080 1080
2667 1080 3819
2668 1081 4557
2669 1081 1138
2672 1082 4277
2673 1083 4361
2674 1083 4277
2675 1084 2920
2676 1084 1083
2677 1085 380
2678 1085 4873
2679 1086 3945
2680 1086 1031
2681 1087 761
2682 1087 5458
2683 1088 2650
2684 1088 1089
2685 1088 2649
2689 1090 2655
2690 1091 2924
2691 1091 1092
2692 1092 3977
2693 1093 2484
2694 1094 2935
2695 1094 2909
2696 1095 2793
2697 1095 1096
2698 1095 1379
2700 1096 1395
2701 1096 2792
2702 1096 1099
2704 1097 1098
2705 1097 1791
2706 1097 2793
2708 1098 1098
2710 1099 1102
2712 1099 2613
2713 1100 1666
2714 1100 1371
2716 1101 1203
2718 1101 4074
2720 1103 85
2721 1103 5486
2723 1104 1559
2724 1104 5486
2725 1104 3942
2726 1105 3587
2727 1105 4667
2728 1106 4665
2729 1106 3587
2730 1106 3586
2731 1107 1418
2732 1107 4665
2733 1108 889
2734 1108 1112
2735 1108 4916
2736 1109 1112
2737 1109 1110
2739 1110 1867
2740 1110 2072
2742 1111 2072
2743 1111 1686
2744 1111 887
2747 1112 1866
2748 1113 4910
2749 1113 1782
2750 1114 4459
2751 1114 990
2754 1115 1117
2756 1116 1117
2761 1118 1255
2762 1118 1119
2766 1120 5027
2767 1120 2594
2768 1120 1122
2769 1121 5066
2770 1121 2591
2771 1121 2691
2772 1121 1621
2773 1122 3275
2774 1122 5066
2777 1123 5009
2778 1123 3283
2779 1123 1124
2780 1124 3282
2781 1124 1619
2782 1125 854
2784 1126 1127
2785 1126 1128
2786 1126 4904
2787 1127 273
2789 1128 3239
2791 1129 1130
2792 1129 4611
2793 1129 4260
2796 1130 1131
2797 1130 5252
2799 1132 4225
2801 1133 3623
2802 1133 1134
2806 1135 1445
2807 1135 1180
2808 1136 2534
2809 1136 2537
2810 1136 2533
2811 1137 1081
2812 1137 1341
2813 1138 4360
2814 1139 373
2815 1139 5429
2816 1140 1141
2817 1141 1845
2818 1141 2385
2819 1142 1143
2820 1142 2617
2821 1142 2661
2822 1143 2390
2823 1143 2386
2825 1144 2395
2826 1144 5023
2827 1145 221
2828 1145 1146
2829 1146 1712
2830 1146 3566
2831 1146 5415
2832 1147 224
2833 1149 2747
2834 1149 2759
2835 1150 3535
2836 1150 1592
2837 1150 2130
2838 1151 1593
2839 1151 3535
2840 1151 3545
2841 1151 3537
2842 1152 4384
2843 1153 1590
2844 1154 5625
2845 1154 3511
2850 1155 3515
2851 1155 1586
2852 1156 3515
2853 1156 3510
2854 1156 3509
2855 1157 1439
2856 1157 1441
2857 1157 1462
2858 1158 1992
2859 1158 3447
2860 1159 5549
2861 1160 916
2862 1160 3625
2863 1160 1205
2864 1161 2598
2865 1161 1162
2866 1162 1164
2867 1162 1163
2869 1163 1166
2871 1163 1167
2872 1163 1164
2873 1164 5404
2876 1165 5404
2877 1165 1175
2878 1165 1176
2879 1166 1171
2881 1166 1168
2882 1167 1168
2884 1167 1181
2887 1168 1169
2890 1169 1170
2893 1170 1191
2895 1171 1172
2896 1171 1174
2897 1172 1174
2898 1172 1173
2901 1173 1176
2902 1173 5403
2903 1173 1174
2907 1175 3556
2909 1175 3555
2910 1175 5400
2911 1176 1177
2915 1177 3553
2916 1177 5403
2917 1178 1179
2918 1178 5663
2919 1178 5402
2920 1178 5403
2923 1179 5407
2924 1180 5400
2925 1180 155
2928 1182 2473
2930 1182 4486
2932 1183 2270
2933 1183 2973
2935 1184 1556
2936 1184 2270
2937 1184 4175
2938 1185 1556
2939 1185 4177
2941 1186 1553
2942 1186 1566
2943 1186 1558
2944 1186 1569
2945 1187 1188
2946 1188 1189
2948 1188 1193
2949 1188 1192
2950 1189 5408
2952 1189 1194
2953 1190 1191
2954 1190 5408
2955 1190 2288
2957 1191 2414
2962 1195 5402
2963 1195 4165
2964 1195 5406
2965 1196 4945
2966 1196 4950
2967 1197 1199
2968 1197 4944
2969 1198 2405
2970 1198 2402
2971 1199 2401
2973 1199 2404
2974 1199 5391
2975 1200 1197
2976 1200 2404
2977 1200 5614
2978 1201 2404
2979 1201 1198
2980 1202 5166
2983 1203 1205
2984 1203 1204
2989 1204 4074
2991 1205 4019
2995 1206 1207
2996 1206 5561
2999 1207 2473
3004 1209 185
3006 1210 5367
3007 1210 1213
3008 1210 1211
3009 1210 2959
3010 1211 499
3012 1212 1213
3014 1213 1214
3018 1214 2960
3019 1215 5090
3020 1215 1216
3021 1216 1217
3022 1216 2962
3024 1217 1218
3026 1217 5628
3027 1218 4033
3029 1218 1229
3030 1219 2962
3031 1219 1222
3032 1219 1220
3033 1220 5092
3035 1220 1221
3037 1221 5093
3038 1222 1223
3039 1222 190
3042 1223 1253
3043 1224 1227
3044 1224 4011
3045 1224 1225
3047 1225 4
3048 1226 2256
3049 1226 1227
3053 1227 4010
3054 1228 2177
3055 1229 1230
3056 1229 2970
3059 1230 4033
3061 1231 1232
3064 1232 1234
3065 1232 1233
3069 1234 2654
3070 1235 4060
3071 1235 2028
3072 1236 2273
3074 1236 3264
3075 1237 3141
3076 1237 1238
3077 1237 3251
3078 1238 726
3080 1239 1819
3081 1240 1245
3082 1240 2367
3083 1241 1243
3084 1241 4126
3085 1241 1906
3086 1243 5437
3088 1244 1245
3089 1244 3747
3090 1245 2419
3091 1246 4702
3093 1246 4264
3094 1247 949
3095 1247 4500
3096 1248 2526
3097 1248 2353
3098 1249 2521
3099 1249 3920
3100 1250 4598
3101 1250 1392
3102 1250 1390
3103 1251 1393
3104 1251 4880
3105 1251 2802
3106 1252 4881
3107 1252 4879
3111 1254 2274
3112 1255 2899
3113 1255 2612
3114 1256 3021
3115 1257 2751
3116 1257 3826
3117 1257 2475
3118 1258 4116
3119 1258 4114
3120 1258 2475
3121 1259 3991
3122 1259 3066
3123 1259 918
3124 1260 3991
3126 1260 1261
3128 1261 1947
3129 1261 1366
3131 1262 1263
3132 1263 3023
3133 1263 210
3134 1263 3018
3135 1264 751
3136 1264 4993
3138 1265 1264
3140 1266 939
3141 1267 1274
3142 1267 1269
3143 1267 1271
3144 1267 5693
3145 1268 1275
3146 1268 1271
3147 1268 1285
3150 1269 1283
3151 1269 1270
3152 1269 1284
3155 1270 1271
3159 1271 1272
3160 1272 1275
3162 1272 1274
3164 1273 1285
3165 1273 5694
3167 1274 1798
3171 1275 1533
3172 1275 1286
3173 1276 2148
3178 1277 1278
3180 1278 1804
3182 1279 5645
3183 1279 756
3184 1280 1281
3186 1280 1801
3188 1281 1279
3189 1282 1283
3190 1282 1284
3195 1284 5693
3198 1285 1286
3199 1285 2540
3201 1286 5694
3203 1287 4958
3204 1287 4789
3205 1287 2660
3207 1288 1290
3208 1288 1289
3210 1289 3287
3211 1290 3295
3213 1290 3294
3214 1291 2247
3215 1291 3563
3216 1292 1724
3217 1293 1294
3219 1293 5234
3221 1294 5261
3222 1295 1296
3223 1295 4634
3224 1296 4633
3226 1296 634
3227 1297 4630
3228 1297 3528
3229 1297 2989
3230 1298 1299
3231 1298 1639
3233 1298 4631
3235 1299 4630
3236 1299 1300
3237 1300 4629
3238 1300 2145
3240 1301 1643
3241 1301 2071
3242 1301 1302
3243 1302 1303
3245 1302 3527
3246 1302 5256
3249 1303 1600
3251 1304 1295
3252 1305 1306
3253 1305 194
3254 1305 1651
3255 1306 1594
3257 1306 4962
3258 1306 1600
3259 1307 4962
3260 1307 1308
3261 1307 1589
3262 1308 4656
3264 1309 2184
3265 1310 2168
3266 1310 1312
3267 1311 2175
3268 1311 1314
3269 1311 1630
3270 1312 1315
3271 1312 2163
3272 1312 1311
3275 1313 1315
3277 1314 1315
3278 1314 1631
3280 1315 1316
3284 1316 1310
3286 1316 4721
3287 1317 4404
3288 1317 4590
3289 1318 1320
3290 1318 4404
3291 1318 5073
3292 1319 1320
3293 1319 2509
3294 1319 2495
3295 1320 1321
3297 1320 2496
3300 1321 5332
3301 1321 2497
3302 1322 1707
3303 1322 1324
3304 1323 1322
3305 1323 2496
3306 1323 1726
3307 1324 5075
3308 1324 1726
3309 1324 1727
3310 1325 2497
3311 1325 1323
3312 1325 1725
3313 1326 1711
3314 1326 1709
3315 1326 1717
3316 1327 1710
3317 1328 2902
3318 1328 5214
3319 1329 5313
3321 1329 1525
3322 1330 3829
3325 1331 112
3326 1331 5228
3328 1332 1746
3329 1332 1331
3330 1333 1335
3332 1333 1334
3333 1334 5318
3334 1334 5248
3335 1334 3377
3338 1336 5248
3339 1336 2092
3341 1337 1558
3342 1337 5348
3343 1337 2538
3344 1338 1840
3345 1338 5327
3346 1338 1347
3347 1338 2538
3348 1339 1343
3349 1339 4825
3350 1340 1837
3351 1340 4827
3352 1340 1344
3353 1341 1824
3354 1341 1349
3355 1341 4362
3356 1342 1349
3357 1342 5325
3358 1342 1833
3359 1343 1840
3361 1343 1838
3362 1343 5328
3363 1344 1838
3365 1344 5326
3366 1344 5303
3367 1345 2082
3368 1345 68
3369 1345 1346
3371 1346 2269
3374 1347 5303
3375 1347 1553
3376 1348 4833
3377 1348 5327
3378 1348 1012
3379 1349 1832
3382 1350 4820
3384 1350 4603
3386 1351 4130
3387 1352 4812
3388 1352 1356
3389 1352 3690
3390 1353 1354
3391 1353 4807
3393 1354 1355
3394 1354 3689
3396 1355 1729
3397 1356 3691
3399 1356 1357
3400 1356 3683
3401 1357 1360
3402 1357 1358
3404 1358 4813
3405 1358 1352
3407 1359 1353
3408 1359 4808
3409 1360 4808
3412 1361 2560
3413 1362 1618
3414 1362 1364
3415 1362 2579
3417 1363 1365
3418 1363 4081
3419 1363 1946
3421 1364 3057
3422 1364 1615
3423 1365 1366
3424 1365 3058
3425 1365 4082
3426 1366 4083
3427 1366 330
3429 1367 4088
3430 1368 4756
3431 1368 4087
3432 1368 5115
3434 1369 723
3435 1370 2345
3438 1371 1744
3439 1371 4100
3440 1372 303
3441 1372 3448
3442 1373 3583
3444 1374 4573
3445 1374 5500
3446 1374 313
3447 1375 1737
3448 1375 2034
3449 1375 1699
3450 1376 229
3451 1376 1378
3452 1377 1983
3453 1377 3411
3454 1378 1983
3456 1378 3408
3457 1379 2680
3459 1379 1381
3460 1380 2601
3461 1380 2680
3462 1380 814
3463 1381 2681
3464 1381 2777
3467 1382 2792
3468 1382 1383
3469 1382 1791
3470 1383 1395
3472 1383 1384
3473 1383 1386
3475 1384 2685
3476 1384 287
3477 1385 803
3480 1386 2683
3483 1387 3855
3484 1387 3876
3485 1387 4598
3486 1388 1394
3487 1388 4879
3488 1388 4881
3489 1389 2699
3490 1389 4596
3491 1389 5212
3492 1390 842
3493 1390 1391
3494 1390 4596
3495 1391 2788
3497 1391 4647
3498 1391 4643
3499 1392 2788
3501 1392 2783
3502 1393 1396
3503 1393 4979
3504 1394 3876
3506 1394 4979
3510 1396 1250
3511 1396 2803
3512 1397 2784
3513 1397 2781
3514 1397 2801
3515 1398 1249
3516 1398 3922
3517 1398 4977
3518 1399 3915
3519 1399 1402
3520 1399 3918
3521 1400 3915
3522 1400 1955
3523 1401 2520
3524 1401 3918
3525 1401 4594
3527 1402 3935
3528 1402 3912
3529 1403 3913
3530 1403 2519
3531 1403 1401
3532 1404 2519
3533 1404 1732
3534 1404 2512
3535 1405 4067
3536 1405 2590
3537 1405 5583
3538 1405 5576
3539 1406 4692
3540 1406 2590
3541 1406 2687
3542 1406 4217
3543 1407 4692
3544 1407 4216
3547 1408 5006
3548 1409 3581
3549 1409 2260
3550 1409 1994
3551 1410 1411
3552 1410 2132
3554 1410 2729
3556 1411 2548
3557 1411 3646
3558 1412 795
3559 1412 2551
3560 1412 4915
3561 1413 2083
3562 1413 1336
3563 1414 1415
3564 1414 1677
3565 1414 1678
3568 1415 1688
3569 1415 1687
3571 1416 3383
3574 1417 4922
3575 1417 3586
3576 1417 4921
3577 1418 0
3578 1419 2715
3579 1420 1424
3581 1420 5142
3582 1421 5142
3583 1421 5286
3584 1421 5290
3585 1422 1424
3586 1422 3636
3587 1422 1423
3588 1422 3637
3589 1423 2140
3590 1423 1424
3595 1425 2117
3596 1426 4273
3597 1426 1427
3598 1427 3732
3601 1427 1428
3603 1429 2261
3604 1429 1430
3605 1429 2006
3606 1430 1431
3607 1430 5479
3610 1431 2014
3611 1431 2262
3612 1432 612
3613 1432 1433
3617 1434 1435
3618 1434 1436
3620 1436 2264
3622 1437 1463
3625 1438 3699
3626 1438 1463
3628 1439 5343
3629 1439 1583
3630 1440 2276
3631 1440 821
3632 1440 1441
3633 1441 4541
3636 1442 2933
3637 1443 1596
3638 1443 1627
3639 1443 1583
3640 1444 1024
3641 1444 4238
3643 1445 3832
3644 1445 3771
3645 1446 1200
3646 1446 2405
3647 1446 4980
3648 1447 1140
3649 1447 2398
3650 1448 4206
3651 1448 1452
3652 1448 4898
3653 1449 3903
3654 1449 4897
3655 1449 2669
3656 1450 2669
3657 1451 3901
3658 1451 1458
3659 1451 3898
3661 1452 1459
3662 1452 1453
3663 1452 3901
3664 1453 3903
3665 1453 1455
3666 1453 1730
3668 1454 2670
3669 1454 2672
3670 1454 1976
3672 1455 1459
3673 1455 1975
3674 1456 2665
3675 1456 2664
3676 1456 2364
3677 1457 2665
3678 1457 4202
3679 1457 1458
3680 1457 4475
3683 1458 1459
3685 1459 1982
3688 1460 1982
3689 1460 5164
3690 1461 4887
3691 1462 4541
3694 1463 1472
3696 1464 3717
3697 1464 1522
3698 1464 1477
3699 1465 1466
3700 1465 1468
3701 1465 1475
3702 1466 1470
3703 1466 1468
3705 1466 1476
3706 1467 1472
3707 1467 1477
3708 1467 1470
3711 1468 1469
3712 1469 1471
3713 1469 1470
3718 1470 1478
3720 1471 1472
3721 1471 1473
3726 1474 1481
3727 1475 1480
3728 1475 1476
3730 1476 1481
3732 1476 1478
3736 1477 1478
3740 1479 1480
3743 1480 1481
3747 1483 1482
3748 1483 2928
3751 1484 1485
3755 1486 3965
3756 1486 1361
3757 1487 1486
3758 1487 1489
3760 1488 1490
3761 1489 1490
3765 1490 1486
3766 1491 4085
3767 1491 998
3768 1492 4248
3769 1493 3631
3770 1493 1996
3771 1493 2738
3773 1494 1512
3774 1495 3624
3775 1495 1497
3776 1495 4849
3777 1496 1494
3778 1496 3115
3780 1497 1515
3781 1497 1498
3782 1497 1514
3784 1498 1516
3785 1498 3101
3787 1498 3115
3788 1499 2044
3789 1499 1509
3790 1499 1500
3792 1500 2046
3793 1500 1501
3794 1500 1507
3796 1501 3106
3798 1502 4749
3799 1502 5426
3800 1502 4309
3802 1503 3112
3803 1503 3108
3804 1504 1505
3805 1504 923
3806 1505 4851
3809 1506 2091
3810 1506 392
3811 1507 3108
3812 1507 1509
3815 1508 1887
3820 1510 5118
3821 1510 4077
3822 1510 3096
3823 1511 2001
3824 1511 23
3826 1512 3097
3827 1512 3094
3828 1513 3101
3829 1513 3630
3830 1513 3116
3831 1513 1514
3833 1514 3626
3836 1515 1516
3837 1515 1517
3839 1516 1518
3841 1516 3113
3842 1517 4075
3843 1517 1518
3847 1518 3114
3848 1518 3096
3850 1519 3631
3851 1519 4749
3852 1519 1520
3853 1519 3098
3855 1520 3099
3856 1521 10
3859 1522 3715
3860 1523 2188
3862 1523 5452
3864 1525 1526
3865 1525 2335
3866 1525 2208
3868 1526 6
3869 1526 3397
3872 1527 2559
3873 1528 1532
3874 1529 1531
3875 1529 2558
3876 1530 2240
3877 1530 2988
3878 1530 2242
3879 1531 1073
3880 1531 2236
3882 1532 747
3884 1533 753
3886 1534 4579
3887 1534 4581
3889 1535 1925
3890 1535 2982
3891 1536 1698
3892 1536 1538
3893 1537 1536
3894 1537 3046
3895 1538 3046
3897 1539 3357
3899 1540 4594
3900 1540 2520
3901 1541 1305
3902 1542 1961
3903 1542 1534
3904 1543 3956
3905 1543 1400
3906 1544 1047
3907 1545 5622
3908 1545 4635
3909 1546 3539
3911 1546 4721
3912 1547 5476
3913 1548 1549
3915 1549 227
3916 1550 3430
3917 1550 3427
3919 1551 3421
3921 1551 3423
3922 1551 3429
3923 1552 1554
3924 1552 5247
3925 1552 1566
3928 1553 1558
3929 1553 2109
3933 1554 1557
3936 1555 3941
3939 1556 4176
3942 1557 1568
3945 1558 5247
3949 1559 3941
3950 1560 3682
3952 1560 4170
3953 1561 4176
3954 1561 88
3955 1562 1565
3956 1562 3680
3957 1562 1563
3959 1563 4406
3960 1564 1566
3961 1564 3682
3962 1564 1569
3965 1565 2713
3971 1567 4802
3974 1568 74
3976 1569 2980
3978 1570 4802
3979 1570 4811
3981 1571 2061
3983 1572 1577
3984 1572 2885
3986 1573 1576
3988 1573 5654
3989 1574 441
3990 1574 2251
3992 1575 1577
3999 1577 2773
4000 1578 2251
4001 1578 494
4002 1579 2278
4004 1579 2280
4005 1579 2277
4006 1580 1658
4007 1580 5050
4008 1580 2282
4009 1581 1658
4010 1581 5049
4011 1581 5523
4012 1582 5308
4013 1582 5049
4014 1582 1635
4015 1582 4537
4016 1583 1624
4018 1583 1625
4020 1584 1599
4021 1584 3525
4022 1584 1597
4023 1585 2172
4024 1585 3547
4025 1585 3546
4026 1585 1587
4027 1586 1601
4028 1586 3524
4030 1587 1592
4031 1587 3545
4032 1587 1595
4035 1588 3513
4036 1588 1598
4037 1589 5256
4038 1589 393
4039 1590 1595
4041 1590 1592
4042 1590 2146
4043 1591 5722
4044 1591 4376
4045 1591 4375
4046 1591 4718
4049 1592 2145
4052 1593 3544
4053 1593 2172
4054 1593 3540
4057 1594 1600
4058 1595 3547
4060 1595 4708
4062 1596 1628
4066 1597 3523
4067 1597 1599
4068 1598 3526
4070 1598 3523
4072 1599 3522
4078 1601 3526
4080 1602 2135
4081 1602 1604
4082 1602 5149
4083 1603 2715
4084 1603 3648
4085 1603 3656
4086 1604 3657
4088 1604 3656
4091 1605 1607
4092 1606 1607
4093 1606 1609
4094 1607 35
4097 1608 3638
4098 1608 2324
4101 1610 4083
4102 1610 1612
4103 1611 1491
4104 1611 1259
4105 1612 3054
4107 1612 1614
4108 1613 3054
4109 1613 4084
4110 1614 3053
4111 1614 3056
4112 1614 3057
4114 1615 1618
4115 1615 4082
4117 1615 4083
4118 1616 3275
4119 1616 4154
4120 1616 5057
4122 1617 1622
4125 1618 4081
4126 1619 5010
4127 1619 1621
4128 1619 4150
4129 1620 3826
4131 1620 3825
4132 1621 3276
4133 1621 3282
4137 1622 331
4140 1623 1628
4142 1624 5108
4143 1624 1627
4144 1624 1625
4146 1625 1626
4150 1627 5107
4151 1628 816
4154 1629 4269
4156 1630 2169
4157 1630 1631
4158 1630 2090
4160 1631 2098
4163 1632 1639
4164 1632 1638
4165 1633 1636
4166 1633 824
4167 1634 1638
4168 1635 5306
4169 1635 1654
4171 1636 1645
4172 1636 4346
4175 1637 1648
4178 1638 1648
4180 1639 4632
4182 1640 4856
4183 1640 4624
4184 1640 4625
4185 1641 4857
4186 1641 1640
4187 1641 1652
4188 1642 1652
4189 1642 1644
4190 1643 3528
4192 1643 2091
4193 1644 2827
4194 1644 4073
4195 1645 4626
4196 1645 1657
4197 1645 4856
4198 1646 1648
4199 1647 1651
4204 1649 4852
4205 1649 1650
4206 1649 5051
4208 1650 4853
4210 1651 3981
4214 1652 4072
4216 1653 4857
4217 1653 4346
4218 1653 4347
4219 1654 5523
4220 1654 5049
4222 1655 1925
4223 1655 4535
4224 1655 4073
4225 1656 2997
4227 1657 1633
4230 1658 5051
4231 1658 2281
4232 1659 1960
4233 1659 4791
4234 1659 4581
4235 1660 3527
4236 1660 1661
4238 1662 3410
4239 1662 3414
4240 1663 4565
4241 1663 4566
4243 1664 2271
4245 1664 2063
4246 1665 1995
4247 1665 1667
4248 1665 1668
4249 1666 2150
4250 1666 2025
4253 1668 3407
4254 1668 5114
4255 1669 2127
4256 1669 1679
4257 1669 1689
4258 1670 3642
4259 1670 4913
4260 1670 1671
4262 1671 2127
4263 1671 3642
4264 1671 5062
4265 1672 2972
4266 1672 3643
4267 1672 3963
4268 1673 2552
4269 1673 4765
4270 1674 549
4271 1674 5427
4272 1675 1683
4273 1675 1676
4274 1675 3044
4277 1676 2341
4279 1677 2083
4280 1677 1988
4281 1677 1681
4282 1678 1687
4283 1678 3998
4285 1678 1682
4287 1679 1680
4288 1679 1689
4291 1680 2031
4293 1681 1682
4294 1681 4079
4297 1682 3041
4299 1683 5635
4302 1684 3594
4303 1684 2016
4306 1685 3594
4307 1685 1686
4310 1686 3595
4313 1687 1690
4316 1688 2056
4319 1689 886
4322 1690 3998
4324 1691 5436
4325 1691 4563
4326 1692 553
4327 1692 1695
4328 1693 4563
4329 1693 186
4331 1694 1743
4332 1694 2067
4334 1695 2347
4335 1695 1696
4339 1697 4609
4342 1698 859
4343 1699 5685
4344 1699 5684
4345 1700 5685
4346 1700 1733
4347 1700 4187
4348 1701 1735
4349 1701 2065
4350 1702 860
4351 1702 2053
4352 1703 1704
4353 1703 3470
4354 1703 3471
4355 1704 1990
4356 1704 3451
4357 1704 3450
4358 1705 3360
4359 1705 1372
4360 1706 1319
4361 1706 4795
4362 1707 264
4363 1707 2494
4364 1708 5075
4365 1708 5331
4366 1708 1727
4368 1709 1719
4369 1709 1708
4370 1710 2253
4371 1711 2501
4373 1711 5076
4374 1711 2507
4376 1712 3560
4377 1712 221
4379 1713 2494
4380 1713 5276
4381 1714 1706
4382 1714 2510
4383 1714 4403
4384 1715 1719
4385 1715 5329
4386 1716 1717
4387 1716 1709
4389 1717 2507
4390 1717 2248
4391 1718 2502
4392 1718 2507
4393 1718 2501
4395 1719 5335
4397 1720 5569
4398 1720 5568
4399 1721 2442
4400 1722 1723
4401 1723 1292
4402 1723 3571
4403 1724 1722
4405 1725 2501
4406 1725 1726
4407 1726 5076
4412 1727 5333
4413 1727 1707
4414 1728 3689
4417 1729 3689
4418 1729 4553
4419 1729 4367
4420 1730 1975
4421 1730 2672
4423 1731 1732
4424 1731 4888
4425 1731 4473
4426 1731 4887
4427 1732 1979
4431 1733 4191
4432 1734 4573
4433 1734 5555
4434 1735 5555
4435 1735 1736
4436 1736 4189
4437 1736 4196
4438 1737 4882
4440 1737 1537
4441 1738 3355
4442 1738 5641
4443 1739 481
4444 1739 4029
4445 1740 1739
4446 1741 2244
4447 1741 3548
4448 1742 2013
4449 1742 2150
4450 1742 2029
4451 1743 1691
4452 1743 1744
4454 1744 2069
4455 1745 4925
4456 1745 1747
4460 1746 1747
4463 1747 1748
4465 1749 111
4467 1750 1751
4469 1751 534
4470 1752 1754
4471 1752 4319
4472 1752 1753
4475 1754 4324
4476 1755 4672
4477 1755 4670
4478 1756 5492
4479 1757 1758
4480 1757 4671
4481 1757 4672
4482 1758 1759
4483 1759 458
4485 1760 3619
4486 1760 1761
4487 1761 3728
4488 1761 4195
4490 1762 306
4491 1762 3945
4492 1763 3625
4493 1763 4849
4494 1763 3623
4495 1764 2508
4496 1764 1765
4497 1766 1770
4498 1766 1779
4499 1766 1778
4501 1767 1768
4502 1767 1779
4503 1768 1769
4507 1769 1774
4508 1769 1782
4510 1770 2096
4511 1770 3645
4512 1771 881
4513 1771 1786
4516 1772 1773
4518 1773 3379
4522 1774 1775
4524 1774 1776
4525 1775 1776
4526 1775 1777
4529 1776 1780
4533 1778 1779
4534 1778 1785
4540 1782 3645
4544 1783 1890
4546 1783 1784
4547 1784 2060
4550 1786 1787
4552 1786 1788
4557 1789 1790
4561 1791 2780
4564 1792 4051
4565 1793 3347
4566 1793 3964
4569 1794 3349
4571 1795 1796
4572 1796 1797
4573 1796 3964
4575 1797 3347
4576 1797 1803
4577 1798 5541
4579 1798 5218
4580 1799 1902
4581 1799 5536
4582 1800 1799
4583 1800 5538
4584 1801 5537
4587 1802 1801
4588 1803 1804
4590 1804 3289
4592 1804 1802
4593 1805 5047
4594 1806 2426
4595 1806 2425
4596 1807 1809
4597 1807 2618
4598 1808 1807
4599 1809 1810
4600 1810 3742
4601 1810 1808
4602 1811 174
4603 1812 1811
4604 1812 1808
4605 1813 3817
4606 1813 1814
4610 1815 426
4611 1816 1817
4612 1816 1857
4613 1817 4224
4614 1818 1815
4615 1818 696
4616 1819 3982
4617 1819 3984
4618 1820 2431
4619 1820 394
4620 1821 3647
4623 1822 1291
4624 1822 3760
4625 1823 2818
4627 1824 4558
4628 1825 4210
4629 1825 4908
4630 1825 4209
4631 1826 230
4633 1827 2129
4634 1827 3498
4635 1828 3501
4636 1828 2129
4638 1829 2324
4639 1830 1831
4640 1830 1824
4641 1831 1832
4644 1832 1833
4646 1833 1835
4649 1834 1835
4650 1834 2298
4651 1834 4827
4653 1835 1836
4654 1835 4826
4656 1836 4825
4658 1837 1339
4659 1837 1838
4660 1837 4826
4664 1839 1840
4668 1841 5312
4669 1842 308
4670 1843 2020
4671 1843 2027
4672 1844 2481
4673 1844 1843
4674 1845 5388
4675 1845 1447
4676 1846 670
4677 1847 673
4678 1847 213
4679 1848 205
4680 1849 1854
4681 1849 1850
4682 1849 2772
4683 1850 5494
4684 1850 1851
4686 1851 1852
4688 1851 5494
4689 1852 3763
4690 1852 2674
4691 1852 1853
4693 1853 1854
4694 1853 5494
4695 1853 2678
4698 1854 2679
4699 1854 2601
4701 1855 4578
4703 1855 3036
4704 1856 4363
4705 1856 4578
4706 1856 2220
4708 1857 710
4709 1857 2757
4710 1858 4100
4711 1858 2033
4712 1858 2004
4713 1859 2981
4714 1859 4657
4715 1860 1544
4716 1861 850
4717 1862 2186
4718 1863 3339
4720 1864 2346
4721 1864 4986
4722 1865 4919
4724 1866 1865
4726 1867 1866
4727 1868 4921
4728 1868 4922
4729 1869 1111
4730 1869 2094
4731 1870 195
4732 1870 840
4733 1871 2024
4734 1871 1869
4735 1872 2567
4736 1872 4680
4737 1873 2568
4738 1873 1875
4739 1873 1872
4740 1874 1875
4741 1874 1873
4745 1876 3040
4746 1876 573
4747 1877 755
4748 1877 1876
4749 1878 2556
4750 1879 4574
4751 1879 1880
4752 1880 1878
4753 1881 4574
4754 1881 2149
4755 1882 1276
4756 1883 3342
4757 1883 1884
4758 1883 1674
4759 1884 3606
4760 1884 1888
4761 1885 1862
4762 1885 3606
4763 1886 1885
4765 1887 1886
4768 1888 1890
4769 1889 263
4771 1889 1890
4774 1890 7
4775 1891 1889
4776 1891 1892
4777 1891 7
4779 1892 1893
4780 1893 1891
4782 1894 1893
4783 1894 3605
4785 1895 2031
4786 1895 1988
4787 1896 2768
4789 1897 377
4790 1898 5216
4791 1898 5633
4792 1899 4628
4793 1899 5634
4794 1900 2886
4795 1901 1800
4796 1901 5540
4797 1902 1901
4798 1902 5534
4799 1903 2329
4800 1903 3330
4801 1904 2328
4803 1905 5439
4804 1906 5439
4805 1906 2619
4808 1908 1912
4809 1909 1912
4810 1910 1923
4811 1911 1913
4814 1912 1914
4815 1913 2513
4816 1913 1917
4818 1914 3740
4820 1915 2873
4821 1915 5187
4822 1916 1922
4823 1916 4004
4824 1917 1918
4826 1917 1919
4828 1918 1921
4829 1918 1920
4832 1920 1923
4833 1920 1924
4838 1923 2858
4840 1925 4534
4841 1925 4699
4843 1926 4580
4844 1927 2871
4845 1927 2857
4846 1927 2874
4847 1928 1929
4848 1928 4308
4849 1928 4303
4850 1929 2860
4851 1929 4302
4852 1930 1931
4856 1931 2944
4857 1931 5431
4858 1932 2860
4859 1933 4241
4860 1933 4242
4862 1934 1935
4863 1934 2861
4864 1934 5305
4866 1936 5135
4867 1936 5139
4868 1937 1938
4869 1937 3777
4870 1937 1936
4871 1938 5606
4872 1938 3032
4874 1939 5192
4875 1939 5606
4876 1939 5468
4877 1940 5605
4878 1940 1941
4879 1940 5606
4880 1941 1942
4882 1941 5193
4884 1942 1943
4885 1942 5242
4886 1943 1944
4888 1943 5703
4890 1945 1946
4895 1946 3058
4896 1947 3058
4897 1947 2344
4899 1948 3988
4900 1949 4706
4901 1950 2907
4902 1950 1114
4903 1951 4064
4904 1951 1952
4905 1952 2903
4906 1953 838
4907 1953 1952
4908 1954 3846
4909 1954 780
4910 1955 1956
4911 1955 2796
4912 1956 1957
4913 1956 5183
4914 1957 2541
4915 1957 2731
4916 1958 4299
4917 1958 2866
4918 1959 246
4920 1960 3981
4921 1960 5056
4922 1961 1859
4923 1961 3979
4924 1962 1541
4925 1962 4538
4926 1963 4544
4927 1963 1859
4928 1964 376
4929 1965 746
4930 1965 5617
4931 1966 5618
4932 1966 1965
4933 1967 4547
4934 1967 1969
4935 1968 4546
4936 1968 2228
4937 1969 2882
4938 1970 3186
4939 1970 4746
4940 1970 3197
4941 1971 1972
4942 1971 3306
4943 1971 5401
4944 1972 3304
4945 1972 3302
4947 1973 4489
4948 1973 2527
4949 1973 1981
4950 1974 1982
4951 1975 4473
4953 1975 1976
4956 1976 1980
4957 1976 3989
4959 1977 5360
4960 1977 5361
4961 1977 4485
4962 1978 4488
4963 1978 4477
4964 1978 2365
4966 1979 2293
4967 1979 4888
4970 1981 4490
4972 1981 5360
4978 1983 2125
4979 1984 3410
4980 1984 3408
4981 1985 2271
4982 1985 3419
4983 1986 2016
4984 1986 1895
4985 1987 2005
4986 1987 2015
4988 1988 2924
4990 1989 2017
4991 1990 3457
4992 1991 2020
4993 1992 4183
4994 1992 5448
4995 1993 2047
4996 1993 4063
4997 1994 2030
5000 1995 310
5001 1996 23
5002 1996 2001
5003 1997 5168
5004 1997 2037
5005 1998 304
5006 1998 3415
5007 1999 4673
5008 1999 3454
5009 1999 1757
5011 2000 2043
5013 2001 2045
5014 2001 2738
5015 2002 2044
5016 2002 1029
5017 2003 5447
5018 2003 1992
5020 2004 4101
5021 2005 5686
5022 2005 2021
5023 2006 2014
5025 2007 484
5026 2007 4190
5027 2008 2002
5028 2008 1903
5029 2009 770
5030 2009 2553
5031 2010 2038
5032 2010 3358
5033 2011 2007
5034 2011 1738
5035 2012 2058
5036 2012 1756
5038 2013 2244
5040 2014 3602
5041 2015 2006
5042 2015 3601
5045 2016 1871
5046 2017 4678
5047 2018 3449
5048 2018 3424
5049 2019 2043
5050 2019 487
5051 2020 2483
5052 2020 4012
5053 2021 278
5054 2021 2042
5055 2022 3362
5056 2023 2118
5057 2023 1421
5058 2024 1870
5059 2024 1105
5060 2025 2068
5061 2025 4058
5062 2026 5551
5063 2026 2143
5064 2027 2326
5065 2027 4057
5068 2028 2000
5070 2029 2054
5071 2030 2133
5072 2030 51
5075 2031 2016
5077 2032 488
5079 2033 4061
5082 2034 2010
5083 2035 2011
5084 2035 3354
5085 2036 2065
5086 2036 1735
5087 2037 2741
5088 2038 1987
5089 2038 941
5090 2039 228
5091 2039 310
5092 2040 5490
5093 2040 4021
5094 2040 2049
5095 2041 2035
5096 2042 2009
5097 2042 278
5098 2043 2067
5099 2043 1235
5101 2044 2046
5102 2045 2740
5103 2046 2739
5105 2047 2059
5106 2047 2026
5107 2048 184
5108 2048 2029
5109 2049 2252
5110 2049 46
5111 2050 2022
5112 2051 3413
5113 2051 2066
5114 2052 5474
5115 2052 5481
5116 2053 1036
5118 2054 2013
5119 2055 2938
5121 2056 1986
5122 2057 316
5123 2057 2032
5124 2058 1755
5125 2058 2050
5126 2059 227
5127 2059 3350
5129 2060 3334
5130 2060 2351
5132 2061 2697
5133 2062 1086
5135 2063 5544
5136 2064 3617
5137 2064 3729
5138 2065 2034
5139 2066 1998
5140 2066 4247
5141 2067 186
5142 2067 4563
5143 2068 1741
5144 2068 1993
5145 2069 1694
5146 2070 2120
5147 2070 2101
5150 2071 5256
5152 2072 2094
5154 2073 2105
5155 2073 3391
5156 2074 1113
5157 2074 2112
5158 2075 3044
5159 2075 3384
5161 2075 3998
5162 2076 2089
5163 2076 2088
5164 2077 2092
5165 2077 2083
5166 2078 2102
5167 2078 2714
5168 2079 2301
5169 2079 4828
5171 2080 2082
5172 2081 4775
5173 2081 319
5175 2082 2079
5176 2082 5326
5179 2083 4079
5180 2084 318
5181 2084 3659
5183 2085 3783
5185 2086 4559
5186 2086 4560
5187 2087 3045
5189 2087 3043
5190 2088 2136
5191 2088 222
5192 2089 1377
5193 2090 1309
5194 2090 2098
5195 2091 2071
5198 2092 2121
5199 2092 5226
5200 2093 5029
5201 2093 2103
5202 2094 1867
5203 2094 1868
5204 2095 5063
5206 2095 3593
5208 2096 2108
5210 2097 392
5211 2097 2091
5214 2098 2137
5215 2099 2086
5216 2100 397
5217 2100 2131
5218 2101 4027
5219 2101 2039
5220 2102 66
5221 2102 3633
5222 2103 2061
5224 2104 2107
5225 2105 40
5226 2105 2099
5227 2106 4769
5228 2106 2119
5230 2107 3488
5231 2108 3644
5232 2108 2112
5235 2109 2080
5236 2110 4272
5237 2110 4274
5238 2111 2097
5239 2111 3000
5240 2112 886
5241 2112 2127
5242 2113 2164
5245 2114 2113
5247 2115 3370
5248 2115 3375
5250 2116 3373
5251 2116 2139
5254 2117 3697
5255 2118 2122
5256 2118 2484
5257 2119 4776
5258 2119 2081
5259 2120 2088
5260 2120 2093
5261 2121 1771
5262 2121 2142
5263 2122 4926
5264 2122 2486
5265 2123 3389
5267 2123 3390
5270 2124 2072
5271 2125 2103
5272 2125 2070
5274 2126 3722
5278 2127 2128
5280 2128 2095
5281 2128 5062
5283 2129 2147
5286 2130 2166
5289 2131 2129
5293 2132 2200
5294 2133 4935
5295 2133 51
5296 2134 3576
5297 2134 1355
5298 2134 4377
5299 2135 4767
5301 2136 2070
5302 2136 2089
5305 2137 2114
5306 2138 4911
5307 2139 2073
5308 2139 16
5310 2140 5142
5311 2141 3484
5312 2141 2144
5313 2142 2077
5314 2142 1680
5315 2143 1159
5316 2143 4062
5317 2144 4283
5321 2145 2130
5322 2146 2145
5323 2146 4629
5325 2147 3497
5327 2147 3494
5329 2148 1881
5331 2150 5435
5333 2151 1737
5334 2152 3800
5335 2152 2054
5336 2153 2064
5337 2153 5436
5338 2154 2153
5339 2154 1693
5340 2155 2493
5341 2155 2156
5342 2156 282
5343 2157 2156
5344 2158 2160
5345 2158 2055
5346 2159 1057
5347 2160 2491
5348 2161 4047
5349 2161 4045
5350 2162 2055
5351 2162 2160
5353 2163 3544
5354 2163 2168
5355 2164 2100
5356 2164 626
5357 2165 2969
5358 2165 5631
5359 2166 2090
5360 2166 2169
5361 2167 2461
5362 2167 2459
5363 2168 4719
5364 2168 3540
5365 2169 2183
5367 2169 2175
5368 2170 5344
5369 2171 2165
5370 2171 2640
5371 2172 3541
5372 2172 3545
5375 2173 4963
5376 2173 1052
5378 2174 2100
5380 2175 3537
5381 2175 2163
5382 2176 2170
5383 2176 1054
5384 2177 5216
5386 2178 2174
5387 2179 619
5388 2179 2164
5389 2180 470
5390 2180 2178
5391 2181 4359
5392 2182 4042
5395 2184 3522
5396 2184 2166
5397 2185 2182
5399 2186 2196
5400 2186 2286
5401 2187 657
5403 2188 3403
5404 2189 279
5405 2189 2148
5406 2190 2191
5407 2190 2210
5408 2191 1526
5410 2192 2193
5414 2193 4311
5415 2194 2218
5416 2194 4685
5417 2195 766
5418 2195 368
5419 2196 2214
5420 2196 637
5421 2197 2336
5422 2197 2339
5424 2198 4759
5425 2198 2259
5427 2199 2205
5428 2200 4662
5430 2201 2192
5431 2201 2217
5432 2202 2186
5433 2202 1883
5434 2203 2187
5435 2203 2215
5436 2204 2201
5437 2204 4684
5439 2205 2189
5441 2206 762
5442 2207 4564
5444 2208 2197
5445 2208 2206
5446 2209 2194
5447 2209 4691
5449 2210 4690
5450 2211 2336
5451 2211 2191
5452 2212 2199
5453 2213 2198
5454 2213 2259
5455 2214 2202
5456 2214 2284
5457 2215 2202
5458 2215 2284
5459 2216 2209
5460 2216 4689
5461 2217 37
5462 2217 1069
5463 2218 2216
5464 2218 4687
5467 2220 3968
5469 2221 1072
5470 2221 2238
5471 2222 3552
5472 2222 2237
5473 2223 4861
5474 2223 2630
5475 2223 4555
5476 2224 1075
5477 2224 2222
5478 2225 2235
5479 2225 744
5480 2226 212
5481 2226 2627
5482 2227 2242
5483 2227 2240
5484 2228 4545
5485 2229 4736
5487 2230 2226
5489 2231 2370
5490 2232 2237
5491 2232 3552
5492 2233 5278
5493 2233 4424
5494 2234 1529
5495 2234 2228
5496 2235 745
5497 2235 3221
5498 2236 2234
5499 2236 729
5500 2236 5688
5501 2237 2221
5502 2237 2225
5503 2238 3791
5505 2238 5253
5507 2239 2622
5509 2240 240
5510 2241 3014
5511 2241 5097
5512 2242 1074
5513 2242 2986
5514 2243 242
5515 2243 2231
5516 2243 5709
5517 2244 2025
5518 2244 2150
5520 2245 2250
5521 2246 52
5522 2246 4929
5523 2247 2254
5524 2247 5414
5525 2248 1327
5526 2248 2506
5527 2249 851
5528 2249 2256
5529 2250 2249
5530 2250 2734
5533 2251 2245
5534 2252 5475
5535 2253 5336
5536 2253 2248
5537 2254 3573
5538 2254 1822
5540 2255 2251
5543 2256 1225
5544 2257 46
5545 2257 2252
5546 2258 2188
5547 2258 4564
5548 2259 5236
5550 2260 5514
5551 2260 3581
5553 2261 3601
5556 2262 4312
5557 2262 5478
5558 2263 4020
5559 2263 4022
5560 2264 5473
5562 2264 2265
5563 2265 5474
5566 2266 2267
5570 2268 2914
5571 2268 5177
5572 2268 5174
5578 2270 4173
5580 2271 3427
5582 2272 2710
5583 2272 4053
5585 2273 953
5586 2274 3786
5587 2275 870
5588 2275 5306
5589 2276 5362
5592 2277 4539
5593 2277 2278
5595 2278 5307
5597 2279 4853
5598 2279 844
5600 2280 4530
5601 2280 5308
5602 2281 2282
5603 2281 4540
5605 2281 5362
5610 2283 4048
5611 2283 2595
5612 2283 4146
5613 2284 2212
5614 2285 2196
5615 2285 2286
5616 2286 2187
5617 2287 4171
5618 2287 73
5620 2290 2354
5621 2290 4508
5622 2290 2365
5623 2291 2517
5624 2291 2529
5625 2291 4612
5626 2291 2292
5627 2292 4973
5628 2292 2514
5629 2292 2880
5632 2293 4973
5633 2293 2516
5634 2294 2299
5635 2294 2295
5636 2295 2296
5638 2295 2299
5640 2296 2300
5641 2296 2297
5642 2297 2298
5644 2298 5325
5646 2299 4828
5649 2300 4275
5650 2300 4274
5651 2301 1340
5652 2301 5326
5653 2302 2303
5655 2303 2304
5657 2304 2306
5660 2305 5286
5662 2305 2306
5668 2307 2308
5671 2308 5287
5672 2309 5288
5674 2309 2310
5675 2310 5291
5678 2311 2312
5679 2311 2314
5680 2311 2317
5682 2312 2727
5683 2312 2323
5684 2313 2314
5685 2313 5149
5686 2313 5145
5689 2314 2316
5690 2315 2317
5691 2315 2319
5692 2315 2316
5693 2316 2317
5699 2318 2319
5700 2318 5145
5701 2318 2321
5704 2319 2320
5706 2320 2322
5707 2320 2321
5709 2321 5143
5711 2322 3678
5713 2322 5060
5714 2323 3649
5715 2323 2728
5717 2324 2325
5719 2325 3639
5720 2325 3641
5721 2326 2327
5722 2326 4059
5723 2327 1991
5724 2328 2329
5725 2328 2002
5726 2329 3332
5727 2330 226
5728 2330 645
5729 2331 884
5730 2332 2333
5732 2333 521
5733 2333 2340
5735 2334 2335
5736 2334 3402
5739 2335 5243
5740 2336 2338
5741 2336 4761
5742 2337 2339
5743 2338 2339
5744 2338 2331
5748 2340 4778
5754 2341 3381
5756 2342 4015
5757 2342 3799
5759 2343 2045
5760 2343 1511
5761 2344 544
5764 2345 3118
5765 2346 257
5766 2347 3311
5767 2347 4620
5769 2348 3310
5770 2348 3052
5771 2349 1863
5772 2350 3053
5773 2350 4987
5774 2351 5526
5775 2351 2352
5776 2352 3955
5777 2353 2525
5778 2353 2355
5779 2353 2530
5781 2354 5506
5782 2354 2529
5784 2356 2357
5785 2356 3895
5786 2356 2358
5788 2357 2876
5789 2357 4510
5790 2358 2360
5792 2358 3886
5793 2359 4508
5794 2359 2878
5795 2359 2876
5796 2360 2878
5797 2360 2357
5799 2361 4492
5800 2361 5111
5801 2361 4428
5802 2362 4493
5803 2362 5126
5804 2362 4492
5805 2362 4494
5806 2363 4507
5807 2363 4489
5808 2363 4505
5809 2364 2527
5811 2364 2665
5813 2365 4477
5814 2366 2619
5815 2366 1247
5816 2367 5438
5817 2368 1244
5818 2368 2418
5819 2369 2397
5820 2369 4122
5821 2370 2371
5822 2370 4862
5823 2370 5594
5824 2371 240
5825 2371 1530
5826 2372 4157
5827 2372 4156
5828 2372 4155
5829 2372 2373
5830 2373 4288
5831 2373 3966
5833 2374 4285
5834 2374 2376
5835 2374 2628
5836 2375 3024
5837 2375 2694
5838 2375 4148
5840 2376 5004
5841 2376 210
5842 2377 5189
5843 2377 5661
5844 2377 2382
5845 2378 2381
5846 2378 3033
5848 2378 5190
5849 2379 5660
5850 2379 5655
5852 2379 4575
5853 2380 2377
5854 2380 5660
5855 2380 2381
5858 2381 5189
5859 2382 5156
5860 2382 5191
5861 2382 5659
5862 2383 5699
5863 2384 1143
5864 2384 2385
5865 2386 5389
5866 2386 2391
5867 2386 2387
5869 2387 4842
5871 2387 2388
5872 2388 2389
5873 2388 4842
5876 2389 4895
5877 2389 2391
5878 2390 2391
5879 2390 2620
5880 2390 2392
5883 2391 4895
5885 2392 2396
5886 2392 2393
5887 2392 4895
5888 2393 2620
5889 2393 2394
5891 2394 4427
5893 2394 4883
5894 2395 4884
5895 2395 2396
5896 2396 2397
5897 2396 4127
5898 2397 1144
5899 2398 4425
5900 2398 2399
5901 2399 2662
5902 2400 5639
5903 2400 2401
5904 2400 2394
5907 2401 1201
5908 2402 4425
5909 2402 2399
5910 2403 5235
5911 2404 2405
5918 2405 2406
5919 2406 4949
5921 2407 2408
5922 2407 4165
5924 2409 2411
5925 2410 2414
5926 2410 2412
5927 2410 2411
5930 2411 5402
5932 2413 2414
5936 2414 4697
5937 2415 2428
5938 2415 2416
5939 2416 2367
5940 2417 2426
5941 2417 2423
5942 2418 2417
5943 2419 3749
5944 2419 152
5945 2420 2422
5946 2420 2421
5947 2421 1806
5948 2422 2423
5949 2422 2416
5950 2423 4001
5951 2424 2425
5952 2424 2415
5953 2425 3752
5954 2426 2369
5955 2427 2428
5956 2427 2418
5957 2428 152
5958 2429 3002
5960 2429 2566
5961 2430 4789
5962 2430 2429
5963 2431 148
5964 2431 2433
5965 2432 2433
5966 2432 2434
5967 2433 2436
5968 2434 2994
5969 2434 2996
5970 2435 148
5971 2435 2440
5972 2436 2440
5973 2436 2439
5974 2437 5268
5975 2438 146
5976 2439 2438
5977 2440 5423
5978 2441 2439
5979 2442 2448
5980 2442 394
5981 2443 2991
5982 2443 2446
5983 2444 2445
5984 2444 2437
5985 2445 1656
5986 2446 2437
5987 2446 2445
5988 2447 1721
5989 2447 5566
5990 2448 2451
5991 2449 4392
5992 2450 5269
5993 2450 5421
5994 2451 5199
5995 2451 5202
5996 2452 1317
5997 2453 3574
5998 2453 2452
5999 2454 3061
6000 2454 4955
6001 2455 5532
6002 2455 2577
6003 2456 255
6004 2457 3049
6005 2457 4953
6006 2458 2455
6007 2458 5530
6008 2459 2500
6009 2460 4964
6010 2460 4803
6011 2461 4407
6012 2461 2465
6013 2462 2463
6014 2462 2467
6015 2463 2464
6016 2463 2465
6017 2464 5350
6018 2465 2466
6019 2465 2464
6020 2466 2167
6021 2466 1052
6022 2467 4966
6023 2468 4792
6024 2468 5668
6025 2469 5561
6026 2469 2470
6032 2471 3627
6034 2471 1160
6035 2471 2473
6038 2472 2473
6043 2474 1846
6044 2474 676
6045 2475 2480
6048 2476 2755
6049 2476 4111
6050 2477 1258
6051 2478 4228
6052 2478 4231
6053 2479 4472
6054 2480 2479
6055 2480 4125
6056 2481 4994
6057 2481 5092
6058 2482 2481
6059 2482 1843
6060 2483 1844
6061 2483 4011
6063 2484 2121
6064 2485 2122
6066 2486 2023
6067 2486 4556
6068 2487 3432
6069 2487 4035
6071 2488 86
6072 2489 2492
6073 2490 2489
6074 2490 2941
6075 2491 2488
6076 2492 2181
6077 2492 2939
6078 2493 2157
6079 2493 2158
6080 2494 2495
6081 2494 2509
6082 2495 1322
6083 2495 2496
6086 2496 2497
6088 2497 3565
6090 2498 2499
6091 2498 4395
6092 2499 3561
6093 2499 1145
6094 2500 5345
6095 2500 5271
6096 2501 3560
6100 2502 2503
6102 2502 3564
6104 2503 1327
6105 2503 2504
6106 2504 2505
6109 2505 3759
6110 2505 4422
6111 2506 2507
6112 2506 2502
6117 2508 1714
6118 2508 2511
6119 2509 5277
6120 2509 1706
6121 2510 2511
6123 2510 5276
6124 2512 4974
6125 2512 2293
6127 2513 2522
6129 2513 4976
6130 2514 4972
6131 2514 2515
6133 2515 5164
6135 2515 4475
6136 2516 4972
6137 2516 4474
6138 2516 4888
6140 2517 2523
6141 2517 3896
6142 2518 2523
6143 2518 2513
6145 2519 2521
6148 2520 2519
6149 2521 2512
6150 2521 4975
6151 2522 2523
6152 2522 2880
6156 2523 2524
6157 2524 2525
6158 2524 2530
6159 2524 3896
6160 2525 5506
6162 2525 2526
6163 2526 4509
6164 2526 2290
6167 2527 4476
6168 2528 2529
6169 2528 4476
6170 2528 4612
6172 2529 3896
6175 2530 2518
6177 2531 2537
6178 2531 5610
6179 2531 2532
6182 2533 3777
6183 2534 3832
6185 2534 3836
6186 2535 4944
6187 2535 2536
6188 2535 3841
6189 2536 5613
6191 2536 5382
6193 2537 5382
6200 2541 4245
6201 2541 2547
6202 2542 5233
6203 2542 2545
6204 2543 1957
6205 2544 2542
6206 2544 5234
6207 2545 2543
6208 2545 2546
6209 2546 2547
6211 2546 4243
6212 2547 4243
6215 2548 2726
6216 2548 2725
6217 2548 2729
6218 2549 4916
6219 2549 3599
6220 2549 3596
6221 2549 2550
6222 2550 4917
6226 2551 5063
6227 2551 3592
6228 2552 4914
6230 2552 3643
6231 2552 5274
6232 2553 2711
6233 2553 2564
6234 2554 3002
6235 2555 3707
6238 2556 2562
6239 2557 2558
6240 2557 1531
6241 2558 2578
6242 2558 959
6244 2560 3965
6245 2560 3314
6246 2561 3725
6247 2561 2555
6248 2562 4278
6249 2562 563
6250 2563 4683
6251 2563 2583
6252 2564 2570
6253 2565 770
6254 2566 2557
6255 2566 2229
6257 2567 3712
6258 2567 3714
6260 2568 3720
6261 2568 3719
6262 2569 3717
6263 2569 2561
6264 2570 3317
6265 2570 2572
6266 2571 5528
6267 2571 2458
6268 2572 3316
6269 2572 582
6270 2573 8
6272 2574 3784
6273 2575 4990
6276 2576 3052
6277 2576 2579
6278 2577 2571
6279 2577 4954
6280 2578 2566
6281 2578 2554
6282 2579 2580
6284 2580 3055
6286 2580 3056
6289 2581 730
6290 2581 741
6291 2582 3298
6292 2582 2581
6294 2583 3723
6295 2583 4681
6296 2584 4733
6297 2585 3078
6298 2585 2763
6300 2586 2679
6301 2586 2592
6303 2587 2599
6304 2588 2615
6305 2588 905
6306 2589 4236
6309 2590 2888
6310 2591 4732
6312 2591 2695
6313 2592 808
6314 2592 2613
6315 2592 2675
6316 2593 925
6317 2593 2743
6318 2594 2611
6319 2594 1118
6321 2595 2603
6323 2596 4906
6324 2597 275
6325 2597 2607
6326 2598 3771
6328 2598 1135
6329 2599 3143
6331 2599 2690
6332 2600 2598
6333 2600 5139
6334 2601 2586
6337 2602 2890
6338 2602 2889
6339 2603 2611
6340 2604 4704
6341 2604 814
6342 2605 5664
6343 2605 2584
6344 2606 2687
6345 2607 2899
6346 2607 5316
6347 2608 1254
6348 2608 3957
6349 2609 2604
6350 2609 4354
6351 2610 3139
6352 2610 3138
6354 2611 4147
6355 2611 5667
6356 2612 1254
6357 2612 1239
6358 2613 783
6363 2614 2602
6364 2615 1038
6365 2615 4071
6366 2616 2834
6368 2618 2421
6369 2618 5126
6372 2620 4291
6374 2620 5639
6375 2621 4591
6376 2621 5662
6377 2622 2233
6378 2622 1000
6379 2623 2622
6380 2623 875
6381 2624 3031
6383 2625 1948
6384 2625 4161
6385 2626 2631
6386 2627 2631
6387 2627 2633
6390 2628 3024
6391 2628 4286
6392 2628 3025
6393 2629 3016
6394 2629 2633
6395 2629 5240
6398 2630 3016
6399 2631 3015
6402 2632 4545
6403 2632 4869
6407 2633 4296
6410 2634 2637
6411 2635 2636
6412 2635 2638
6413 2636 2637
6415 2636 2644
6421 2638 2639
6422 2639 2179
6423 2640 2639
6424 2640 2635
6425 2641 2647
6426 2641 2642
6429 2642 2643
6430 2642 2644
6438 2645 2652
6439 2645 2646
6440 2646 3530
6442 2646 3516
6446 2647 2648
6447 2648 2649
6448 2648 2651
6450 2649 2650
6458 2652 2653
6463 2654 2655
6468 2656 4265
6469 2657 4099
6470 2658 5163
6471 2658 4740
6472 2658 5158
6473 2659 4741
6474 2660 4740
6475 2660 4250
6476 2660 5160
6477 2661 4293
6478 2661 1447
6479 2662 4295
6480 2662 4940
6481 2663 5608
6485 2665 2667
6487 2666 4487
6489 2667 4889
6490 2667 4487
6491 2667 2668
6493 2668 4203
6494 2669 3907
6497 2670 3763
6499 2670 3764
6500 2671 2672
6504 2672 3907
6505 2673 2676
6506 2673 2674
6507 2673 2677
6511 2674 2678
6513 2675 2679
6514 2675 2677
6515 2676 802
6517 2677 3910
6522 2678 3910
6526 2679 3910
6529 2680 2681
6532 2681 2779
6534 2682 2683
6538 2684 4643
6539 2684 4645
6540 2684 2790
6542 2685 2790
6543 2685 797
6544 2686 5570
6545 2686 5312
6546 2687 1444
6548 2688 5676
6549 2688 341
6550 2689 2690
6552 2689 5676
6554 2690 2597
6556 2691 2692
6557 2691 2695
6558 2692 2693
6559 2692 5666
6562 2693 5665
6563 2693 2694
6566 2694 4050
6567 2694 4147
6568 2695 4735
6569 2695 2605
6573 2696 5628
6574 2697 5093
6575 2697 4994
6576 2698 3853
6577 2698 3846
6578 2698 2700
6580 2699 3855
6581 2699 5212
6583 2700 2731
6584 2701 2702
6585 2701 2706
6586 2702 2703
6587 2703 2877
6588 2704 3884
6589 2704 3893
6590 2705 2706
6591 2705 2702
6592 2706 1812
6593 2707 1985
6594 2708 3795
6595 2708 3701
6596 2708 3396
6597 2709 4758
6598 2709 4608
6599 2710 768
6600 2710 2711
6601 2711 5512
6603 2712 4830
6604 2712 3680
6607 2713 1562
6608 2714 2084
6609 2714 3696
6611 2715 2084
6613 2716 2718
6614 2716 2719
6615 2717 2718
6618 2718 2719
6619 2719 3678
6622 2720 2721
6624 2721 2722
6625 2722 2723
6628 2723 2724
6629 2723 2725
6631 2725 3646
6639 2730 3671
6640 2730 3669
6641 2730 3668
6642 2730 3646
6643 2731 1955
6644 2731 1954
6645 2732 2884
6646 2732 5282
6647 2733 2250
6648 2733 500
6650 2734 4526
6651 2735 522
6652 2735 258
6653 2736 2255
6654 2736 3792
6655 2737 2736
6656 2737 4981
6657 2737 2902
6658 2737 1442
6659 2738 2740
6662 2739 3621
6663 2739 3104
6664 2740 316
6666 2741 5165
6667 2741 4882
6671 2743 2744
6673 2744 4226
6674 2744 5064
6675 2745 2746
6676 2745 4983
6677 2746 1149
6678 2746 2757
6679 2747 2745
6680 2748 2749
6682 2748 2894
6684 2749 2756
6685 2749 4154
6686 2750 3825
6687 2750 2756
6688 2750 2748
6690 2751 2752
6691 2751 2750
6692 2752 4991
6694 2752 2753
6695 2752 5132
6696 2753 3279
6697 2753 5130
6698 2754 2476
6699 2754 4471
6700 2755 4230
6701 2755 4125
6703 2756 2752
6705 2757 4841
6707 2758 426
6708 2758 1816
6710 2759 4096
6711 2760 421
6712 2760 2761
6713 2761 3085
6714 2761 3083
6715 2762 3079
6716 2762 2585
6717 2763 265
6718 2763 2610
6719 2764 2765
6720 2765 2770
6722 2765 2766
6724 2766 2767
6726 2767 2768
6729 2769 2770
6731 2770 2771
6739 2775 2776
6743 2777 2780
6745 2777 2778
6747 2779 2780
6755 2781 2785
6756 2782 2785
6757 2782 2786
6758 2783 2784
6759 2783 2801
6761 2783 2782
6764 2784 2785
6768 2786 4644
6769 2786 2684
6770 2787 4644
6771 2787 2788
6772 2787 2789
6777 2790 2791
6778 2790 3845
6784 2792 2793
6790 2794 809
6791 2795 2796
6792 2795 5258
6793 2796 1060
6794 2797 1061
6795 2797 5259
6796 2798 2799
6797 2798 1811
6798 2799 2701
6799 2800 2805
6800 2800 2807
6801 2801 2803
6802 2801 2802
6805 2802 2805
6810 2803 2804
6814 2805 3844
6815 2805 2808
6816 2806 2808
6817 2807 798
6818 2807 2808
6819 2808 2811
6823 2809 2812
6824 2809 2811
6825 2810 2814
6827 2811 2814
6829 2812 4959
6830 2812 2816
6831 2812 2813
6832 2813 2815
6833 2813 2814
6839 2815 3038
6840 2815 2816
6841 2816 2835
6843 2817 4695
6844 2817 4696
6845 2818 2819
6847 2818 4268
6849 2820 2945
6850 2820 2825
6851 2820 2821
6853 2822 2823
6855 2823 2824
6856 2823 4696
6860 2825 2947
6861 2826 5584
6862 2826 3803
6866 2828 250
6867 2828 2849
6868 2829 4838
6869 2829 867
6870 2830 4065
6871 2830 1063
6872 2831 2830
6873 2831 4834
6874 2832 2833
6875 2832 5547
6876 2833 1022
6877 2834 834
6878 2835 2845
6879 2835 2836
6880 2836 4220
6881 2836 4223
6882 2836 2846
6883 2837 4834
6884 2837 4234
6885 2838 2837
6886 2838 2841
6887 2839 2841
6888 2839 2289
6889 2840 2847
6890 2841 2840
6891 2842 2838
6892 2842 4218
6893 2843 2289
6894 2844 4223
6895 2845 2983
6896 2845 4957
6897 2846 2839
6898 2847 5262
6899 2848 5206
6900 2849 778
6901 2850 2853
6902 2850 5443
6903 2851 3939
6904 2851 2852
6906 2852 5033
6907 2852 4515
6909 2853 4613
6910 2853 5035
6911 2854 4512
6912 2854 2859
6913 2855 4306
6914 2856 2858
6915 2857 4303
6917 2857 5119
6919 2858 4304
6920 2859 247
6921 2859 2862
6922 2859 2863
6924 2860 2861
6926 2861 4301
6928 2862 2855
6929 2863 2862
6930 2863 4307
6931 2864 2865
6932 2865 2874
6935 2866 2867
6936 2866 2869
6937 2867 5184
6939 2867 2875
6940 2868 2869
6941 2868 2867
6944 2869 2871
6945 2869 4297
6946 2870 2871
6950 2871 2872
6951 2872 2868
6952 2872 5185
6954 2873 157
6955 2873 1956
6956 2873 5181
6957 2874 5187
6959 2874 5182
6960 2875 4909
6962 2876 2878
6964 2877 4511
6965 2877 1248
6968 2879 4977
6969 2880 4974
6972 2881 4487
6973 2882 1046
6974 2883 439
6975 2883 849
6977 2884 4064
6978 2885 4270
6980 2886 2887
6981 2886 251
6982 2887 4815
6983 2888 2606
6985 2889 5600
6986 2889 683
6987 2890 2931
6988 2890 1059
6989 2891 440
6990 2891 1953
6991 2892 4132
6992 2893 3829
6993 2893 692
6994 2894 3983
6995 2894 2593
6996 2895 2894
6997 2895 912
6998 2896 2895
7000 2897 4840
7003 2898 2897
7005 2899 346
7006 2899 2930
7007 2900 748
7008 2900 3788
7009 2901 2607
7012 2902 493
7013 2902 4863
7014 2903 683
7015 2903 2892
7016 2904 218
7017 2904 2892
7019 2905 679
7020 2905 686
7021 2906 694
7022 2907 1039
7023 2908 2934
7024 2908 4034
7025 2909 2936
7026 2910 3443
7027 2910 2487
7028 2910 2917
7029 2911 85
7030 2911 3441
7032 2912 4174
7035 2913 4168
7038 2914 2913
7039 2915 466
7040 2915 2914
7041 2916 4168
7042 2916 2917
7043 2917 1094
7046 2918 5341
7047 2919 2920
7048 2919 107
7049 2920 4135
7050 2920 2921
7053 2921 2915
7054 2922 3977
7055 2922 4138
7056 2923 5505
7057 2923 1092
7058 2924 2077
7059 2925 1091
7060 2926 1865
7061 2926 2925
7062 2927 2926
7063 2928 1085
7064 2928 1482
7065 2929 2928
7066 2930 2898
7068 2931 3804
7069 2931 896
7070 2932 5462
7071 2932 5281
7072 2933 2737
7074 2934 3765
7075 2935 282
7076 2936 2178
7077 2936 4543
7078 2937 2185
7079 2937 2934
7080 2938 2489
7081 2938 2941
7082 2939 2157
7083 2940 2181
7084 2940 2939
7085 2941 2707
7086 2942 1082
7088 2943 2922
7089 2943 4134
7091 2944 4777
7093 2945 2948
7094 2945 4221
7095 2946 3909
7096 2946 2948
7097 2946 3908
7098 2947 2950
7099 2947 4220
7103 2948 2951
7104 2948 2950
7105 2949 2951
7107 2950 3909
7111 2951 3908
7113 2952 2953
7114 2952 3909
7117 2953 3908
7118 2954 2955
7120 2954 2956
7123 2955 2983
7126 2956 827
7127 2957 4537
7128 2958 4543
7129 2958 5030
7131 2959 2960
7132 2959 4102
7135 2960 2961
7136 2961 2962
7138 2962 1215
7143 2963 2964
7149 2965 2966
7151 2967 3499
7152 2967 397
7153 2968 416
7154 2968 3499
7157 2969 5630
7159 2970 5630
7160 2970 5629
7161 2971 3599
7162 2971 4661
7164 2972 3663
7166 2973 4172
7167 2973 4410
7168 2974 4408
7169 2974 3682
7170 2975 4378
7171 2975 1351
7173 2976 2975
7174 2977 1014
7175 2977 2976
7176 2978 3944
7178 2978 4410
7179 2979 2287
7180 2979 2978
7183 2980 2109
7184 2981 1542
7185 2981 3981
7186 2982 4858
7187 2982 1641
7188 2983 284
7189 2983 2956
7190 2984 2111
7191 2984 4710
7192 2985 3552
7193 2985 2988
7194 2985 2986
7195 2985 4258
7196 2986 2232
7197 2986 4163
7199 2987 4163
7202 2988 3001
7205 2989 2146
7206 2989 2999
7207 2989 2992
7208 2990 1721
7209 2990 5423
7210 2991 2992
7211 2991 2441
7212 2992 2993
7213 2993 2441
7214 2993 2990
7215 2994 2995
7216 2995 2996
7217 2995 2146
7218 2996 1656
7219 2997 2984
7220 2997 2998
7221 2998 2443
7222 2999 2097
7223 2999 3000
7224 3000 2146
7226 3001 376
7228 3002 2430
7229 3003 242
7230 3003 5707
7231 3004 4259
7232 3004 3012
7233 3004 3005
7234 3004 5696
7236 3005 3007
7237 3005 3010
7238 3006 4737
7239 3006 3007
7240 3006 3009
7241 3007 3008
7242 3007 3009
7246 3009 3010
7248 3009 4554
7251 3010 3011
7255 3011 4554
7258 3013 3015
7260 3014 5240
7267 3016 3785
7269 3017 1265
7270 3017 4287
7272 3018 3020
7273 3018 3019
7274 3019 5496
7276 3020 5314
7277 3020 3021
7281 3021 3022
7283 3023 3025
7284 3023 2374
7287 3024 5497
7290 3025 5497
7291 3026 3028
7292 3026 3027
7294 3028 1262
7295 3028 3029
7297 3030 1937
7298 3030 4253
7299 3031 4254
7300 3031 2621
7301 3031 5655
7302 3032 5191
7303 3032 5190
7306 3033 5242
7307 3033 5701
7308 3034 5242
7311 3035 4575
7312 3035 3036
7318 3039 4696
7319 3039 4214
7320 3039 4695
7321 3040 2149
7322 3040 573
7323 3041 3043
7324 3041 3384
7326 3042 3043
7327 3042 3386
7328 3042 3045
7329 3042 3387
7334 3044 3385
7338 3045 2123
7339 3046 1375
7341 3047 3121
7342 3047 3607
7343 3048 3049
7344 3049 3164
7347 3050 3051
7351 3052 3307
7353 3052 2575
7356 3053 3054
7357 3053 3055
7362 3055 4988
7365 3056 3057
7372 3059 3614
7374 3059 3611
7375 3060 338
7376 3060 3061
7379 3061 3063
7380 3062 3063
7381 3062 267
7383 3063 3064
7386 3065 3062
7387 3065 3608
7388 3066 3990
7389 3066 3067
7390 3067 4077
7391 3067 918
7392 3068 3149
7394 3068 2587
7395 3069 3073
7396 3069 2585
7397 3070 3077
7399 3070 3075
7400 3071 3075
7401 3071 718
7404 3072 3073
7405 3073 3077
7408 3074 713
7409 3074 3075
7412 3075 3076
7417 3077 3078
7419 3078 721
7420 3079 344
7421 3079 3080
7423 3081 3082
7424 3081 2762
7426 3083 5574
7427 3083 3084
7430 3085 3086
7431 3085 3081
7434 3087 4841
7435 3087 417
7438 3088 3089
7441 3089 3090
7443 3090 701
7446 3091 3093
7449 3092 3093
7453 3094 323
7454 3094 4078
7455 3095 3114
7456 3096 3095
7459 3097 5115
7463 3098 3099
7466 3099 1496
7467 3100 3101
7468 3100 3116
7473 3102 3103
7478 3104 3105
7480 3106 4309
7482 3106 3107
7484 3107 3108
7485 3107 5426
7489 3109 3111
7491 3109 3110
7494 3111 3112
7500 3113 3115
7502 3114 3113
7504 3115 3100
7506 3116 3629
7508 3117 1504
7511 3118 3067
7512 3119 3120
7513 3119 3047
7515 3121 3124
7516 3121 3122
7518 3123 3609
7519 3124 339
7520 3124 3126
7521 3124 3609
7522 3125 3128
7523 3126 3128
7525 3126 3127
7529 3128 3129
7531 3130 711
7532 3130 3131
7533 3131 3133
7534 3131 3132
7537 3132 714
7539 3134 3138
7540 3134 3136
7541 3134 3135
7543 3135 2763
7544 3136 3137
7546 3136 3138
7547 3137 3148
7548 3137 3149
7553 3139 3068
7554 3139 3140
7557 3141 3245
7558 3141 3145
7559 3142 3143
7560 3142 3147
7561 3142 3144
7562 3143 3144
7565 3144 5677
7568 3145 3147
7570 3145 3146
7572 3146 5677
7576 3147 3252
7579 3148 3253
7582 3149 3150
7585 3152 3168
7586 3152 3612
7587 3153 3159
7588 3153 3154
7589 3153 3612
7591 3155 3159
7592 3156 5529
7593 3156 3158
7594 3157 3158
7596 3158 3162
7600 3159 3161
7601 3160 3156
7602 3160 3161
7604 3161 3162
7608 3162 3163
7610 3164 3165
7611 3164 3166
7613 3166 3613
7614 3166 3616
7615 3167 3613
7616 3167 266
7617 3168 3167
7618 3168 3169
7620 3169 3170
7621 3169 3171
7622 3170 238
7624 3171 716
7628 3172 3173
7632 3174 3183
7633 3174 3176
7634 3175 3190
7635 3176 3190
7637 3176 3192
7638 3177 3181
7639 3177 3228
7640 3177 3179
7641 3178 347
7642 3178 3179
7644 3179 3184
7645 3179 3180
7648 3180 3182
7649 3180 3181
7650 3181 3222
7654 3182 3187
7655 3182 3189
7656 3183 3178
7657 3183 3184
7659 3184 3195
7660 3184 3189
7662 3185 237
7663 3185 3188
7665 3186 3222
7666 3186 3187
7667 3187 3188
7669 3187 3194
7673 3188 3194
7676 3189 3196
7679 3190 3191
7681 3191 3193
7682 3191 3192
7683 3192 3195
7687 3193 3196
7688 3193 3194
7694 3195 3196
7698 3197 3185
7699 3197 3198
7701 3199 236
7702 3199 3201
7703 3200 3208
7706 3202 4744
7707 3203 4745
7708 3204 3205
7710 3204 3206
7712 3205 4746
7713 3205 3206
7714 3205 3213
7716 3206 3207
7718 3207 4742
7719 3207 3208
7721 3208 4743
7724 3209 3211
7725 3209 143
7726 3210 3212
7728 3211 3213
7729 3211 3212
7732 3212 3216
7734 3213 3214
7737 3214 3218
7738 3214 3215
7739 3215 3216
7740 3215 4747
7743 3216 3217
7746 3217 4549
7748 3218 4748
7749 3218 3219
7751 3220 732
7752 3220 3230
7753 3221 1970
7754 3221 3226
7757 3222 3223
7759 3223 3226
7760 3223 3225
7761 3224 3229
7762 3224 3225
7765 3225 3226
7769 3227 3228
7773 3229 239
7774 3229 3233
7775 3230 2235
7777 3230 3238
7778 3231 3233
7779 3231 3232
7780 3231 3236
7781 3232 3235
7785 3233 3234
7787 3235 3220
7788 3235 3236
7789 3236 3237
7791 3236 3238
7797 3239 727
7798 3239 3241
7799 3240 3243
7800 3240 3241
7803 3241 3242
7807 3243 3250
7808 3243 3244
7812 3245 3247
7813 3246 1238
7814 3246 5603
7815 3247 3249
7817 3247 3248
7818 3248 3250
7819 3248 3249
7821 3249 5603
7829 3251 3252
7830 3252 3253
7837 3254 345
7838 3254 3255
7840 3256 3257
7842 3256 3261
7844 3257 3260
7845 3257 3258
7846 3257 3259
7847 3258 265
7853 3260 3261
7854 3260 3262
7858 3262 583
7860 3263 340
7866 3265 3266
7867 3265 3267
7868 3266 3269
7872 3267 3268
7877 3269 3270
7879 3271 3272
7880 3271 3273
7884 3273 3274
7889 3275 5065
7891 3276 5065
7892 3276 3277
7894 3278 5008
7895 3278 1123
7896 3279 2754
7897 3279 3280
7898 3280 3281
7900 3280 5008
7901 3280 4151
7903 3281 5009
7904 3281 3830
7907 3282 3283
7910 3283 4991
7911 3284 4152
7912 3284 3830
7913 3284 5010
7914 3285 3289
7915 3285 3288
7916 3286 3295
7917 3286 3288
7918 3286 3287
7919 3287 3285
7924 3289 4783
7925 3289 3290
7928 3291 4782
7929 3291 4783
7930 3291 4781
7932 3292 3293
7934 3292 4781
7936 3293 4989
7938 3293 3294
7939 3294 3296
7945 3296 4951
7950 3298 3300
7951 3299 3300
7952 3299 2457
7955 3300 3301
7958 3302 3303
7961 3304 3305
7963 3304 4621
7965 3305 3309
7966 3305 4621
7967 3306 3308
7968 3306 3307
7971 3307 3308
7974 3308 3309
7977 3309 3310
7980 3310 4620
7983 3312 2348
7984 3312 3313
7986 3314 4607
7987 3315 3975
7988 3315 545
7989 3316 3318
7990 3316 3317
7992 3317 3326
7996 3318 3319
7997 3318 3329
7999 3319 3323
8000 3319 3320
8002 3321 3323
8003 3322 3329
8004 3322 3323
8009 3324 3325
8011 3325 3976
8014 3326 3328
8015 3326 3327
8019 3328 3329
8024 3331 3333
8025 3332 3333
8026 3332 2564
8031 3334 3949
8032 3334 1894
8033 3335 2351
8034 3335 3334
8035 3336 1035
8036 3336 3337
8040 3338 4056
8041 3338 3952
8042 3339 1884
8045 3340 3346
8046 3340 3341
8047 3341 5427
8049 3341 3342
8050 3342 3345
8053 3342 3343
8055 3344 5430
8057 3344 3345
8061 3346 5429
8069 3348 3349
8071 3349 1795
8072 3350 5477
8073 3350 5681
8074 3351 184
8075 3351 1740
8076 3352 3353
8077 3352 1549
8079 3354 3356
8080 3354 3355
8082 3355 479
8087 3357 3358
8089 3358 1539
8092 3359 3360
8095 3360 3361
8098 3361 5224
8099 3362 3363
8100 3362 2040
8102 3364 4938
8103 3364 45
8104 3365 4928
8106 3365 3366
8107 3365 3367
8109 3366 4928
8111 3367 4673
8112 3368 4930
8113 3368 4938
8114 3369 60
8115 3369 3371
8116 3370 3369
8117 3370 3371
8119 3371 3372
8122 3372 3376
8123 3372 3374
8124 3373 3374
8128 3374 3375
8131 3375 2116
8135 3377 3378
8136 3378 1413
8139 3379 3996
8141 3380 3996
8142 3380 3997
8144 3381 3382
8145 3381 3997
8149 3382 3383
8154 3384 3385
8158 3385 3386
8162 3386 3387
8164 3387 3388
8167 3388 3390
8168 3388 5637
8170 3389 2073
8171 3389 3392
8174 3390 3392
8175 3391 3392
8176 3391 2126
8180 3393 39
8181 3393 4784
8182 3394 4608
8183 3394 3395
8184 3394 3396
8186 3396 2709
8189 3398 3399
8190 3399 885
8191 3400 3402
8192 3400 3401
8196 3402 890
8197 3403 4686
8198 3404 5454
8199 3405 1158
8200 3405 3447
8201 3406 5114
8202 3406 3448
8203 3407 1995
8205 3408 3409
8208 3409 304
8209 3410 1983
8210 3411 4907
8211 3411 5544
8212 3412 2051
8213 3412 3413
8214 3413 4211
8215 3414 3415
8216 3414 1998
8217 3415 3407
8218 3416 4246
8219 3416 3417
8221 3418 3416
8222 3418 3419
8225 3420 3421
8226 3420 3424
8227 3420 3425
8230 3421 3422
8233 3422 3428
8234 3422 3429
8236 3423 3425
8237 3423 5447
8243 3425 5449
8244 3426 2003
8245 3426 5449
8247 3427 3438
8252 3428 3438
8257 3431 3437
8259 3431 3440
8260 3432 3433
8262 3432 3440
8265 3433 3434
8266 3434 2707
8268 3435 3434
8269 3435 3436
8271 3437 3439
8273 3437 3438
8279 3439 3440
8283 3441 3442
8284 3441 2910
8286 3442 3443
8291 3444 3450
8292 3444 3445
8293 3445 4180
8295 3445 4179
8296 3446 1990
8298 3447 3406
8299 3448 5113
8300 3449 3426
8301 3449 3446
8302 3450 3446
8304 3451 3458
8306 3451 3471
8307 3452 3453
8308 3452 3456
8309 3452 3461
8311 3454 3456
8313 3454 3455
8314 3455 5095
8316 3455 3456
8320 3457 3458
8321 3457 1999
8322 3458 3461
8324 3458 3459
8325 3459 3460
8326 3459 3462
8327 3460 451
8328 3460 3471
8331 3461 3462
8334 3462 3463
8335 3463 3466
8337 3464 3465
8338 3464 3469
8339 3464 3468
8341 3465 3468
8342 3465 3466
8344 3466 449
8347 3467 3468
8353 3471 3472
8361 3473 5171
8364 3474 3478
8366 3474 3475
8367 3475 3477
8370 3476 3478
8371 3476 3477
8372 3477 468
8376 3478 3479
8380 3480 5069
8382 3480 3481
8383 3481 5069
8384 3481 5070
8387 3483 4341
8389 3483 3484
8394 3485 4556
8395 3485 3486
8402 3488 3490
8403 3488 2141
8404 3489 3491
8406 3490 3491
8416 3493 5691
8417 3493 3498
8418 3494 2136
8419 3494 3496
8420 3495 3496
8423 3496 3497
8424 3497 3498
8431 3499 3500
8434 3500 2968
8435 3501 281
8436 3501 3502
8438 3503 1828
8441 3504 5689
8445 3505 3506
8446 3506 506
8448 3507 3508
8450 3508 4358
8456 3510 3511
8457 3511 3514
8462 3512 4633
8463 3512 3514
8466 3513 3514
8473 3515 3516
8476 3516 3531
8478 3517 3518
8479 3517 3521
8480 3517 3519
8484 3519 3531
8486 3519 3520
8491 3521 396
8492 3522 395
8495 3523 3524
8497 3524 3525
8507 3527 4631
8508 3527 3529
8511 3528 3529
8512 3529 1297
8516 3530 3531
8520 3532 5625
8521 3533 4960
8522 3534 3535
8526 3535 3536
8530 3537 3538
8531 3537 3544
8533 3539 4376
8534 3539 4720
8536 3540 3541
8537 3540 4718
8539 3541 4717
8541 3541 3546
8542 3542 4370
8543 3542 3547
8544 3543 4711
8545 3543 4709
8552 3546 4716
8553 3546 4369
8558 3547 4708
8559 3548 482
8560 3548 3551
8561 3549 1741
8562 3549 3551
8563 3550 482
8564 3550 3551
8569 3552 4258
8572 3553 3556
8573 3553 3555
8574 3554 3555
8577 3555 3556
8582 3557 3558
8583 3557 4383
8584 3558 3579
8585 3558 5088
8586 3559 1145
8587 3559 3566
8590 3560 3562
8591 3561 3559
8592 3562 1325
8593 3562 3565
8594 3563 3564
8595 3563 4419
8596 3564 2247
8597 3564 5413
8598 3565 2498
8599 3565 5332
8601 3566 5082
8602 3566 5081
8604 3567 3759
8605 3567 3563
8606 3569 3570
8607 3569 5254
8608 3570 4378
8609 3570 4860
8610 3571 3578
8611 3571 5080
8612 3572 4367
8613 3572 1729
8614 3573 5085
8615 3573 3580
8616 3574 3557
8617 3574 3686
8618 3575 5721
8619 3575 5724
8620 3575 5254
8621 3576 4372
8622 3576 3577
8623 3577 3686
8624 3577 3557
8626 3578 1292
8627 3578 5084
8628 3579 2452
8629 3579 3574
8630 3580 1822
8631 3580 3761
8634 3581 4312
8635 3582 2050
8636 3582 2058
8639 3583 4108
8641 3585 2024
8642 3585 3586
8645 3586 4666
8649 3587 3589
8650 3588 3590
8652 3589 3590
8657 3591 3592
8659 3592 3593
8663 3593 2124
8665 3594 5275
8669 3596 3598
8670 3596 3597
8671 3597 4920
8673 3597 3598
8678 3599 3600
8681 3601 1987
8682 3602 4312
8683 3602 1994
8684 3603 3949
8685 3603 3951
8686 3603 3605
8687 3604 2212
8688 3604 2285
8689 3605 773
8691 3606 1883
8692 3606 1862
8693 3607 3616
8694 3607 3065
8696 3608 3607
8699 3609 3608
8701 3610 3609
8704 3611 3610
8706 3612 3615
8710 3613 3612
8712 3614 3611
8715 3615 4745
8717 3616 3613
8718 3616 266
8719 3617 2154
8720 3618 358
8721 3618 3622
8723 3619 3620
8725 3620 356
8726 3620 3621
8727 3621 1996
8728 3621 3618
8729 3622 3631
8730 3623 3799
8733 3623 5560
8735 3624 3625
8740 3625 3627
8743 3626 3624
8745 3627 3628
8748 3628 2588
8749 3629 2057
8750 3629 3630
8751 3630 3626
8755 3631 3632
8756 3632 3629
8757 3632 1520
8758 3633 3634
8759 3633 2140
8761 3635 3636
8766 3638 3641
8768 3638 3640
8769 3639 3640
8770 3639 318
8771 3640 3641
8777 3642 2074
8778 3642 4912
8782 3643 4913
8783 3643 4912
8784 3644 1113
8785 3644 3645
8794 3648 3649
8795 3649 3650
8799 3650 3651
8800 3650 3652
8802 3651 3653
8803 3651 3652
8804 3652 3654
8809 3653 3654
8813 3655 3657
8814 3656 3658
8819 3657 3660
8820 3658 3660
8821 3658 3659
8824 3659 3661
8826 3660 3661
8829 3661 4766
8830 3662 3664
8831 3662 3665
8832 3663 4762
8833 3663 3664
8834 3664 3694
8837 3665 3666
8839 3666 3670
8842 3666 3667
8848 3669 3670
8854 3671 5410
8855 3671 3672
8857 3673 3674
8858 3673 2138
8859 3673 3662
8861 3674 3675
8862 3674 3676
8865 3677 5060
8866 3677 4768
8869 3678 5059
8870 3679 4823
8871 3679 4833
8873 3680 3681
8880 3683 4807
8882 3683 3684
8883 3684 4806
8885 3684 3685
8886 3685 3687
8887 3685 3688
8888 3685 2134
8889 3686 2134
8890 3686 3687
8892 3687 4806
8897 3690 4793
8898 3690 3691
8900 3691 4794
8902 3692 3693
8903 3692 4810
8904 3693 5351
8905 3693 3959
8906 3694 4776
8907 3694 2119
8908 3695 4106
8910 3695 5032
8911 3695 4103
8912 3696 1419
8913 3696 3697
8914 3697 2078
8916 3698 2117
8918 3699 3700
8922 3701 3702
8924 3703 2567
8925 3703 3704
8928 3704 3705
8929 3705 3706
8934 3707 3726
8935 3708 3710
8936 3709 3712
8938 3709 3710
8939 3710 3711
8945 3712 3713
8947 3713 3714
8948 3713 3715
8949 3714 2568
8954 3715 3716
8957 3717 3718
8960 3719 3720
8963 3720 2708
8965 3721 4676
8966 3722 3727
8967 3723 4677
8968 3723 3724
8969 3724 2563
8970 3724 4679
8972 3725 5620
8973 3726 4682
8976 3727 3721
8978 3728 2062
8979 3729 4194
8980 3729 321
8984 3731 3732
8988 3733 3734
8990 3734 1916
8991 3735 4702
8992 3736 3738
8993 3736 3737
8994 3736 4702
8997 3738 3739
8998 3738 4264
9000 3740 4002
9001 3740 4702
9002 3741 4004
9003 3741 1914
9004 3742 947
9005 3742 3743
9007 3744 4264
9009 3744 3745
9010 3745 3747
9011 3745 3746
9015 3747 3749
9017 3747 3748
9020 3749 946
9021 3750 1240
9022 3750 3751
9024 3752 3753
9025 3752 4000
9026 3753 3754
9028 3753 3755
9030 3755 3756
9033 3757 707
9034 3758 271
9035 3758 431
9037 3759 4419
9038 3759 4420
9040 3760 3761
9042 3760 1148
9044 3761 3568
9045 3761 5340
9046 3762 3763
9047 3762 209
9050 3764 3801
9051 3765 2159
9052 3765 2935
9053 3766 5469
9054 3767 3766
9055 3767 3772
9056 3768 3769
9057 3768 1939
9058 3769 5467
9059 3770 2600
9060 3770 4725
9061 3771 3770
9062 3771 2533
9063 3772 4734
9064 3773 4723
9065 3773 3780
9066 3774 5014
9067 3774 5450
9068 3775 3026
9069 3776 3775
9070 3776 5007
9071 3777 4730
9072 3778 3019
9073 3778 3769
9074 3779 4098
9075 3779 927
9076 3780 4727
9077 3781 5470
9078 3781 3782
9079 3782 2598
9080 3783 2078
9081 3783 97
9082 3784 141
9083 3785 5594
9085 3785 4555
9086 3786 3787
9087 3787 3232
9088 3787 1964
9089 3788 1966
9090 3788 5618
9091 3789 2596
9092 3789 3790
9093 3790 3958
9094 3791 2236
9095 3791 1969
9096 3792 2737
9097 3792 835
9099 3794 4107
9100 3794 5032
9103 3795 1874
9104 3796 690
9105 3796 2905
9106 3797 2606
9107 3797 3798
9108 3798 4067
9109 3798 5576
9110 3799 996
9112 3800 4032
9113 3800 4192
9114 3801 811
9115 3801 1980
9116 3802 5000
9117 3803 4240
9118 3803 4588
9119 3803 5584
9120 3804 4653
9121 3804 1900
9122 3805 5074
9123 3805 5334
9124 3805 5329
9125 3806 3807
9129 3808 678
9130 3808 3809
9133 3809 4197
9134 3809 4468
9135 3809 5647
9138 3810 3812
9141 3811 3812
9146 3813 677
9147 3814 3818
9149 3814 3995
9150 3815 3816
9151 3815 3994
9154 3816 3995
9155 3816 3817
9162 3819 3822
9163 3819 3823
9165 3820 3822
9166 3821 3823
9180 3825 3826
9186 3827 3828
9189 3828 3829
9194 3830 4151
9195 3830 4472
9197 3831 3833
9199 3832 3833
9203 3833 3834
9204 3834 5608
9206 3834 3835
9207 3835 1445
9209 3836 3838
9211 3836 3837
9212 3837 3838
9214 3837 3839
9215 3838 3841
9218 3839 3840
9219 3839 3841
9225 3842 3844
9226 3843 3844
9233 3846 3848
9234 3847 4595
9235 3847 3848
9238 3848 3852
9239 3849 3851
9240 3850 3851
9243 3851 3852
9246 3852 3853
9248 3853 5212
9250 3854 3855
9254 3856 3858
9255 3857 3858
9258 3858 3863
9259 3858 4597
9260 3859 3863
9261 3860 3861
9263 3861 3862
9264 3861 3863
9269 3864 3865
9270 3865 3871
9271 3865 3872
9273 3866 3868
9274 3867 3868
9277 3868 3869
9278 3868 3871
9280 3870 3871
9285 3872 3875
9286 3872 3873
9288 3874 3875
9291 3875 3876
9295 3878 3879
9296 3879 5577
9298 3880 3888
9299 3881 3883
9300 3881 3885
9301 3881 3891
9302 3882 3892
9303 3882 3883
9304 3882 3885
9306 3883 3894
9308 3884 2705
9309 3884 3892
9310 3885 3886
9313 3886 3890
9316 3887 3888
9319 3888 3889
9320 3889 3891
9322 3889 3890
9325 3890 3891
9331 3892 3893
9333 3893 3894
9337 3894 3895
9339 3895 4511
9343 3896 5506
9345 3897 3898
9348 3898 3899
9351 3899 3900
9352 3900 3901
9359 3902 3906
9360 3902 3907
9363 3903 3904
9366 3904 3905
9367 3905 3906
9385 3911 3914
9386 3911 3913
9387 3911 3912
9389 3912 3914
9391 3913 3914
9399 3915 3916
9402 3916 3917
9403 3917 3918
9409 3919 3920
9410 3919 3924
9411 3919 3925
9412 3920 1403
9415 3921 3925
9416 3921 3926
9418 3922 3926
9419 3922 3935
9421 3923 3924
9422 3923 3926
9432 3927 3938
9433 3927 3928
9434 3927 3929
9435 3928 1398
9437 3929 3930
9439 3929 3931
9440 3930 3938
9442 3930 3932
9443 3931 3933
9444 3931 3932
9446 3932 3934
9450 3933 3934
9451 3933 3936
9452 3934 3936
9457 3935 3936
9461 3937 3928
9462 3937 3938
9466 3939 2859
9467 3939 5154
9468 3939 5155
9469 3940 1561
9470 3940 3941
9473 3941 3942
9476 3943 3944
9477 3943 2979
9478 3944 4602
9482 3945 3946
9485 3947 658
9486 3947 647
9487 3948 3949
9491 3950 3951
9493 3951 3952
9496 3952 3953
9499 3953 5399
9500 3953 4056
9501 3954 1053
9502 3955 2008
9504 3956 779
9505 3956 4355
9506 3957 2603
9507 3958 3957
9508 3958 1239
9509 3959 4799
9510 3959 4801
9511 3960 4385
9512 3961 3960
9513 3961 4796
9514 3962 15
9515 3962 4770
9516 3963 2081
9517 3963 4775
9521 3965 2574
9522 3966 875
9523 3966 4876
9524 3967 4288
9525 3968 2239
9526 3968 3967
9527 3969 4901
9528 3969 2624
9529 3970 2625
9530 3971 4113
9531 3971 4451
9532 3971 4448
9533 3972 962
9534 3972 3973
9535 3972 5128
9536 3973 4115
9537 3973 4448
9540 3974 5127
9541 3974 4229
9542 3974 4116
9545 3977 2916
9546 3978 4521
9547 3979 3980
9548 3979 4544
9552 3981 4415
9553 3982 915
9554 3983 2893
9555 3983 3984
9556 3984 3985
9557 3985 3796
9558 3985 2907
9559 3986 2204
9560 3986 3987
9561 3987 607
9563 3988 4792
9564 3989 4887
9566 3989 4473
9568 3990 254
9569 3990 3991
9575 3992 4224
9578 3994 3995
9585 3996 3997
9592 3999 1904
9593 3999 2565
9594 4000 4001
9595 4002 4003
9596 4002 3939
9597 4003 3939
9598 4004 1061
9599 4005 4006
9600 4005 2700
9601 4006 169
9602 4007 2837
9603 4007 2843
9605 4008 4009
9606 4009 4526
9607 4009 856
9610 4010 4008
9613 4011 4010
9614 4012 4018
9615 4013 1842
9616 4013 2483
9617 4014 2482
9618 4014 4012
9620 4015 635
9621 4016 4017
9622 4016 862
9623 4017 4
9624 4017 4015
9625 4018 2028
9626 4018 4016
9629 4019 3623
9631 4020 4021
9632 4021 314
9633 4021 4022
9636 4022 5317
9638 4023 5488
9639 4023 1734
9640 4024 312
9641 4024 4568
9642 4025 4026
9643 4025 5679
9644 4026 2039
9645 4026 4027
9646 4027 4028
9647 4027 5550
9648 4028 309
9649 4028 4014
9651 4029 3351
9652 4030 4029
9653 4030 2151
9655 4031 4193
9656 4031 4032
9658 4032 5165
9661 4033 2958
9662 4034 5632
9663 4035 2490
9664 4035 4357
9665 4036 2940
9666 4036 4037
9667 4037 4044
9668 4037 3508
9669 4038 4039
9670 4039 4040
9671 4039 4043
9673 4040 4041
9674 4041 4552
9675 4041 4379
9676 4042 2155
9677 4042 4043
9678 4043 4046
9680 4044 4047
9681 4044 4038
9682 4045 784
9683 4046 4044
9684 4046 4038
9685 4047 4357
9686 4047 4045
9689 4048 4049
9691 4049 2595
9692 4050 5314
9694 4050 5498
9696 4051 4984
9697 4052 771
9698 4052 3404
9699 4053 764
9700 4054 760
9701 4054 1087
9702 4055 769
9703 4056 4055
9705 4057 2068
9706 4058 1991
9707 4058 2033
9708 4059 4062
9709 4059 1159
9710 4060 4059
9711 4060 2327
9712 4061 4060
9713 4061 2004
9714 4062 4061
9715 4062 4063
9716 4063 4061
9717 4063 4057
9718 4064 2883
9719 4065 1063
9720 4066 2616
9722 4067 5582
9723 4067 5222
9724 4068 4069
9725 4069 4520
9726 4069 1963
9730 4071 5031
9734 4073 1642
9738 4075 4076
9742 4077 3095
9743 4077 4078
9744 4078 3066
9745 4078 4606
9747 4079 2087
9750 4080 3614
9753 4081 4080
9756 4082 4081
9758 4083 4082
9760 4084 1611
9761 4084 1610
9762 4085 4084
9763 4085 1492
9764 4086 324
9765 4086 4085
9768 4087 4086
9769 4088 4755
9770 4088 4754
9771 4089 4087
9772 4089 4844
9773 4090 952
9774 4090 4091
9776 4091 4092
9777 4092 4093
9780 4093 4103
9781 4093 4110
9782 4094 4098
9784 4094 5315
9785 4095 3779
9786 4095 4096
9787 4096 2760
9788 4096 4097
9792 4098 4095
9793 4099 2582
9797 4100 4101
9798 4101 2069
9801 4103 4104
9805 4104 4105
9806 4104 4110
9807 4105 4201
9809 4105 4106
9814 4108 4669
9817 4110 4094
9819 4111 5127
9820 4112 4446
9821 4112 4450
9822 4112 5376
9823 4113 4112
9824 4113 4452
9825 4113 4449
9826 4114 3972
9827 4114 4115
9829 4115 4449
9831 4115 4116
9833 4116 4446
9836 4117 4120
9837 4117 5017
9838 4118 4891
9839 4119 4893
9840 4119 4127
9841 4120 5017
9842 4120 4123
9843 4121 4118
9844 4121 4120
9845 4122 5239
9846 4123 5026
9847 4123 4124
9848 4124 4121
9849 4124 5020
9850 4125 2754
9851 4125 2751
9852 4126 1247
9853 4126 2619
9854 4127 2424
9855 4128 2909
9856 4128 2159
9857 4129 4131
9858 4129 4551
9859 4129 4128
9860 4130 4129
9861 4130 4131
9862 4131 2161
9863 4132 2608
9864 4132 4133
9865 4133 4090
9866 4134 2104
9868 4135 30
9869 4135 2942
9870 4136 4137
9871 4136 5289
9872 4137 2943
9873 4138 1093
9874 4139 4144
9875 4140 3954
9876 4140 4145
9877 4141 4140
9878 4142 4141
9879 4142 4144
9880 4143 147
9881 4143 4142
9882 4144 1765
9883 4145 147
9886 4146 4906
9888 4147 4148
9892 4148 4286
9894 4149 4729
9895 4149 4152
9896 4150 4731
9897 4150 2591
9899 4151 4471
9901 4152 5011
9902 4152 4728
9904 4153 4149
9905 4153 2478
9907 4154 5058
9909 4155 4900
9910 4155 4160
9912 4155 5163
9914 4156 5708
9915 4156 5162
9916 4157 4158
9918 4157 4160
9919 4157 4159
9920 4158 4162
9921 4158 4901
9924 4159 4877
9927 4160 4162
9928 4160 4161
9931 4161 4741
9932 4162 3970
9934 4163 1074
9937 4164 4737
9938 4164 1079
9941 4166 1152
9942 4166 4141
9943 4167 4969
9944 4167 5354
9945 4168 2912
9946 4169 121
9947 4169 1057
9949 4170 4171
9950 4171 4172
9951 4171 2974
9952 4172 2979
9953 4172 4173
9955 4173 4175
9956 4174 2911
9957 4174 4182
9960 4175 4176
9963 4176 4177
9966 4177 4178
9967 4178 4174
9968 4178 4169
9969 4179 5715
9970 4179 4180
9973 4180 5714
9974 4180 4183
9975 4181 4567
9976 4181 5499
9977 4181 4186
9980 4182 4179
9981 4183 4184
9982 4183 3444
9983 4184 1158
9984 4184 456
9985 4185 4024
9986 4185 4188
9987 4186 4185
9988 4186 1374
9989 4187 4192
9991 4187 2151
9992 4188 4572
9993 4188 5554
9994 4189 484
9995 4189 4190
9996 4190 4196
9997 4190 4191
9998 4191 307
9999 4191 4187
10000 4192 2048
10001 4192 4193
10004 4193 4194
10005 4194 4195
10006 4194 3728
10007 4195 185
10008 4195 3619
10009 4196 2036
10010 4197 4200
10013 4197 4460
10014 4198 4200
10015 4198 812
10016 4199 4461
10017 4199 4200
10018 4199 4456
10023 4202 4204
10024 4202 5100
10025 4203 1457
10026 4204 4444
10027 4205 4206
10028 4205 5101
10029 4205 4889
10034 4207 4208
10037 4209 4212
10038 4210 1826
10040 4211 1826
10041 4211 4210
10042 4212 3412
10043 4213 4999
10044 4213 868
10045 4214 4217
10046 4214 4239
10048 4215 4239
10049 4215 4217
10050 4216 2817
10051 4216 4221
10054 4217 4694
10055 4218 4222
10056 4218 2834
10057 4219 828
10058 4219 5213
10061 4220 4956
10062 4221 4223
10064 4221 4222
10065 4222 4220
10068 4223 2817
10069 4224 217
10077 4227 2751
10078 4228 2476
10079 4228 4111
10080 4229 4230
10081 4229 2755
10082 4230 2477
10083 4231 2477
10084 4231 4227
10085 4232 160
10086 4232 4233
10087 4233 4235
10088 4233 4066
10089 4234 4066
10090 4234 4235
10091 4235 5002
10092 4236 1805
10093 4236 4237
10094 4237 160
10095 4238 4215
10096 4238 2848
10097 4239 2848
10098 4240 1407
10099 4240 4693
10102 4242 4601
10104 4243 2544
10106 4244 2543
10107 4244 5233
10108 4245 1294
10109 4246 2066
10110 4246 4247
10111 4247 2063
10112 4248 2349
10113 4248 1361
10114 4249 2468
10116 4251 4252
10117 4251 5013
10118 4252 4723
10119 4252 3780
10120 4253 4705
10122 4254 4707
10124 4254 4255
10125 4255 4610
10127 4255 5251
10129 4256 5704
10130 4257 5687
10131 4257 4869
10132 4258 1075
10136 4260 5250
10137 4260 4263
10138 4261 4289
10139 4261 4423
10140 4261 4262
10141 4262 4611
10142 4262 4263
10146 4263 4289
10150 4265 269
10151 4265 702
10152 4266 4982
10153 4267 2589
10154 4267 2846
10155 4268 4219
10159 4269 2885
10160 4270 829
10161 4271 4272
10162 4271 4273
10163 4272 4276
10164 4272 4136
10165 4273 4829
10166 4274 2085
10167 4275 2110
10168 4275 1137
10169 4276 4275
10170 4276 1426
10171 4277 4276
10172 4278 2559
10173 4279 5223
10174 4280 4281
10179 4282 5518
10180 4283 4668
10181 4283 2022
10182 4284 3463
10183 4285 1266
10184 4285 4286
10190 4288 4289
10191 4288 2243
10196 4290 4423
10197 4290 4424
10198 4291 4943
10199 4291 4292
10200 4292 4294
10201 4292 4942
10203 4293 4295
10204 4293 4942
10205 4294 4941
10206 4294 4939
10209 4295 4941
10212 4297 4303
10213 4298 2856
10214 4298 4305
10215 4299 1959
10216 4299 4909
10217 4300 4299
10218 4300 177
10219 4301 4302
10220 4301 4600
10221 4302 4600
10224 4303 4298
10225 4304 4305
10226 4304 247
10227 4305 247
10228 4306 4307
10229 4306 4308
10230 4307 1928
10232 4308 2860
10235 4309 4310
10238 4311 5455
10239 4311 2195
10243 4313 4314
10245 4314 4316
10246 4314 4317
10247 4315 4317
10251 4317 4340
10252 4318 4319
10256 4320 4321
10257 4321 4340
10259 4321 4342
10260 4322 4323
10261 4322 4344
10262 4322 4342
10264 4323 4332
10265 4323 4324
10266 4324 102
10268 4325 4327
10269 4326 4327
10270 4326 4332
10271 4326 4334
10274 4327 4328
10276 4328 4329
10277 4328 4331
10279 4330 4331
10280 4331 4334
10284 4332 4344
10286 4333 4334
10290 4335 4336
10292 4336 4342
10293 4336 4338
10294 4337 4338
10297 4338 4341
10298 4339 4340
10308 4343 4344
10312 4345 4349
10313 4345 4347
10314 4345 4346
10319 4347 4350
10321 4347 4348
10324 4349 4350
10325 4349 4351
10328 4350 4351
10329 4351 4352
10333 4352 288
10334 4353 2890
10335 4353 5651
10336 4354 4462
10337 4354 5651
10338 4355 3802
10339 4356 2795
10340 4357 4037
10341 4357 3435
10342 4358 4359
10345 4359 2180
10346 4361 4362
10347 4362 1831
10349 4363 4364
10350 4364 4899
10352 4364 4365
10354 4366 4377
10355 4366 4551
10356 4367 4368
10357 4368 4371
10358 4368 5724
10359 4368 4374
10360 4369 3542
10361 4370 4714
10362 4370 3543
10363 4371 3572
10364 4371 4381
10365 4372 5671
10366 4372 4373
10367 4373 4374
10368 4373 4371
10371 4374 5353
10372 4374 4715
10373 4375 5721
10375 4375 4717
10376 4375 5353
10379 4376 3569
10380 4377 3572
10381 4378 4129
10382 4378 4379
10383 4379 3569
10384 4379 3539
10385 4380 4381
10386 4380 4400
10387 4381 3576
10388 4382 4383
10389 4382 3558
10390 4383 5672
10391 4384 4390
10392 4384 4385
10393 4385 2453
10394 4386 4387
10395 4387 4401
10396 4387 4388
10397 4388 4399
10398 4389 4397
10399 4389 4386
10400 4390 4389
10401 4390 4391
10402 4391 4394
10403 4392 4388
10404 4392 4393
10405 4393 4391
10406 4393 4401
10407 4394 4366
10408 4395 4394
10409 4395 4398
10410 4396 4397
10411 4397 144
10412 4398 4396
10413 4398 4399
10414 4399 4143
10415 4400 4386
10416 4400 4396
10417 4401 2499
10418 4402 1319
10419 4403 4404
10421 4403 4590
10423 4404 4402
10424 4405 1055
10425 4406 2461
10426 4406 4965
10427 4407 2467
10428 4408 2980
10429 4409 71
10430 4409 4408
10431 4410 4818
10432 4411 4412
10433 4412 4583
10434 4413 4414
10435 4413 4700
10436 4414 5045
10437 4415 1545
10438 4415 5311
10439 4416 296
10440 4416 4536
10441 4416 4417
10443 4418 4420
10444 4418 3567
10445 4419 2503
10449 4420 4422
10450 4421 4422
10457 4424 3967
10459 4425 2406
10460 4425 2403
10461 4426 5372
10462 4427 5391
10464 4427 2401
10465 4428 4504
10466 4428 4491
10468 4429 4504
10469 4430 4431
10470 4430 4426
10471 4431 5098
10472 4431 5102
10473 4432 5129
10474 4432 4429
10475 4433 4434
10476 4433 5106
10477 4433 4453
10479 4435 4203
10480 4435 5105
10481 4436 4438
10482 4436 4453
10483 4437 2474
10484 4437 4453
10485 4438 4437
10486 4438 4439
10487 4439 4441
10488 4440 4438
10489 4440 4442
10490 4441 5237
10491 4441 4440
10492 4442 4443
10493 4442 3971
10494 4443 4445
10495 4443 5381
10496 4444 4442
10497 4444 4436
10498 4445 4444
10499 4445 4435
10502 4446 4449
10503 4447 4448
10504 4448 4449
10513 4450 4452
10514 4450 5323
10516 4451 4443
10517 4451 4890
10518 4452 4451
10520 4452 4890
10524 4454 4426
10525 4454 5125
10526 4455 4458
10528 4455 4460
10529 4456 4198
10530 4457 4456
10531 4457 4461
10533 4458 4463
10534 4458 4466
10535 4459 5600
10536 4460 4467
10538 4460 4199
10540 4461 4467
10541 4462 5650
10542 4462 5649
10544 4463 4464
10545 4463 5649
10546 4463 5652
10547 4464 4466
10548 4464 4465
10551 4465 5653
10554 4466 4459
10556 4467 4458
10557 4467 5648
10560 4468 4469
10561 4468 5122
10563 4469 4470
10565 4469 5121
10567 4470 2906
10569 4471 2479
10570 4472 4149
10574 4473 4474
10576 4474 1460
10578 4474 5164
10579 4475 4612
10582 4475 4476
10583 4476 4488
10588 4477 4506
10589 4477 2363
10590 4478 4900
10591 4478 2659
10592 4479 4480
10593 4480 815
10595 4481 4482
10596 4482 4483
10597 4482 5647
10600 4484 3808
10601 4484 5647
10604 4486 3
10610 4488 4489
10613 4489 4490
10617 4490 4505
10618 4491 4492
10619 4491 4507
10621 4491 4878
10623 4492 5124
10627 4494 4495
10628 4494 4496
10631 4495 5123
10632 4495 4499
10634 4496 4499
10635 4496 4498
10636 4497 4498
10637 4498 5126
10639 4498 4499
10644 4500 1242
10645 4500 5041
10646 4501 5041
10647 4502 4517
10648 4502 5153
10649 4503 2704
10650 4503 4003
10651 4504 4505
10653 4504 4507
10656 4505 4430
10658 4506 4508
10661 4507 4878
10664 4508 4509
10665 4509 4510
10666 4509 2876
10667 4510 1248
10668 4510 4511
10671 4511 4503
10672 4512 4515
10674 4512 5151
10675 4513 4514
10676 4513 5153
10678 4514 2859
10681 4515 5152
10682 4516 4501
10683 4517 4516
10684 4518 4622
10685 4518 4416
10687 4519 4640
10688 4519 4622
10689 4520 3978
10690 4520 4522
10691 4521 5267
10692 4521 4522
10695 4523 1960
10696 4523 4536
10697 4524 1545
10698 4524 4523
10699 4525 4531
10700 4525 5502
10701 4526 187
10702 4526 4527
10703 4527 5280
10705 4527 5463
10706 4528 5279
10707 4528 4529
10708 4529 4863
10709 4529 493
10710 4530 4540
10712 4530 823
10713 4531 5300
10714 4532 4699
10715 4532 4534
10716 4533 4532
10717 4533 286
10718 4534 4535
10720 4534 4580
10722 4535 4791
10723 4535 4536
10725 4536 4639
10727 4537 5293
10728 4538 5302
10730 4539 4541
10731 4539 285
10733 4540 5295
10736 4541 822
10738 4542 5214
10739 4543 5215
10740 4544 4068
10741 4544 4582
10744 4547 4548
10745 4548 274
10746 4548 737
10748 4549 3209
10749 4550 4549
10750 4550 742
10752 4551 2162
10753 4552 4380
10755 4553 4860
10757 4554 4739
10759 4555 4862
10762 4556 2918
10763 4557 2110
10764 4558 1081
10765 4558 1138
10766 4559 38
10767 4559 4560
10768 4560 4561
10769 4561 5236
10770 4561 4562
10772 4562 37
10774 4563 2153
10776 4564 4760
10777 4564 1697
10779 4565 3405
10781 4566 4181
10783 4567 1663
10785 4568 4025
10786 4568 4571
10787 4569 4570
10788 4569 4571
10789 4569 5678
10790 4570 5112
10791 4570 5644
10794 4571 4572
10796 4571 5678
10797 4572 4024
10801 4573 4185
10802 4574 1882
10803 4574 5692
10805 4575 4576
10809 4576 4577
10815 4579 4580
10816 4579 4532
10822 4581 4791
10824 4582 4586
10825 4583 1041
10826 4583 4584
10827 4584 1050
10828 4585 4586
10829 4585 5046
10830 4586 4413
10831 4587 4588
10832 4587 3803
10833 4588 288
10834 4588 4859
10835 4589 4960
10836 4589 5623
10837 4590 1043
10838 4591 4592
10839 4592 999
10840 4592 4593
10841 4593 3030
10842 4594 1543
10843 4594 4595
10844 4595 842
10845 4595 4596
10846 4596 4597
10849 4597 4598
10853 4598 4979
10854 4599 1251
10855 4599 5211
10856 4600 1959
10857 4601 4300
10858 4601 4244
10861 4602 4819
10862 4603 4819
10863 4603 2977
10865 4604 4605
10868 4606 5118
10869 4606 323
10870 4607 4988
10871 4607 259
10873 4608 4760
10874 4609 1521
10875 4609 4758
10876 4610 5005
10878 4610 5252
10879 4610 5656
10882 4611 5251
10887 4614 5658
10888 4614 5657
10889 4614 5655
10891 4615 4617
10894 4616 569
10896 4617 4618
10897 4617 4619
10898 4618 557
10899 4618 4616
10902 4620 4621
10908 4622 4623
10911 4624 870
10912 4624 4625
10915 4626 847
10916 4626 4627
10918 4627 4855
10919 4628 2171
10920 4629 2989
10921 4629 4630
10924 4630 4631
10927 4631 4632
10930 4632 4633
10933 4633 4634
10934 4634 5621
10936 4635 5301
10937 4635 4636
10938 4636 4524
10939 4636 4637
10941 4637 4638
10943 4638 4639
10947 4639 5503
10949 4641 807
10950 4642 4641
10951 4642 4646
10953 4643 4644
10957 4644 2783
10958 4645 4646
10959 4645 4641
10960 4646 4647
10962 4646 4643
10966 4648 4649
10967 4648 4653
10968 4648 4650
10969 4649 2931
10971 4650 4652
10972 4650 4651
10976 4653 837
10978 4654 4270
10979 4654 4267
10980 4655 4513
10981 4655 5508
10982 4656 5265
10983 4656 4657
10984 4657 4658
10985 4657 1307
10988 4658 2981
10989 4659 1211
10990 4659 2908
10991 4660 2925
10992 4660 1868
10993 4661 880
10994 4664 4660
10997 4665 4666
10999 4667 1418
11000 4667 4665
11001 4668 1756
11002 4668 2012
11003 4669 1755
11004 4669 4670
11005 4670 1758
11006 4671 4284
11007 4672 2012
11008 4672 4671
11009 4673 4675
11010 4674 1759
11011 4674 3368
11013 4675 2115
11014 4676 4677
11015 4676 3723
11016 4677 14
11017 4678 3724
11018 4678 4679
11019 4679 3725
11020 4680 2583
11021 4680 4681
11022 4681 2573
11023 4682 2563
11024 4682 4683
11025 4683 3703
11026 4684 2194
11027 4684 4685
11028 4685 3987
11029 4686 2218
11030 4686 4687
11031 4687 650
11032 4688 2216
11033 4688 4689
11034 4689 2206
11035 4690 2209
11036 4690 4691
11037 4691 245
11040 4692 4693
11041 4693 2590
11042 4693 5583
11043 4694 4216
11044 4694 4692
11045 4695 4694
11046 4695 4214
11047 4696 5446
11050 4697 4167
11052 4698 5192
11053 4699 290
11054 4699 1535
11055 4700 4533
11056 4701 5377
11057 4701 5379
11062 4703 2604
11063 4703 4704
11064 4704 2601
11065 4705 4591
11066 4705 5662
11067 4706 1897
11068 4706 5669
11069 4707 4256
11070 4707 3970
11072 4708 4709
11074 4709 4710
11075 4709 2111
11078 4710 4711
11079 4711 4712
11080 4711 5141
11081 4712 4713
11082 4712 5673
11083 4713 3543
11084 4713 4714
11085 4714 4715
11086 4714 4373
11087 4715 4369
11088 4715 4716
11090 4716 4717
11092 4717 4718
11095 4718 4719
11097 4719 5682
11098 4719 4720
11099 4720 1310
11100 4720 4721
11103 4721 4722
11106 4723 5133
11107 4723 5137
11108 4724 3770
11109 4724 4725
11110 4725 3774
11111 4726 2600
11112 4726 5135
11113 4727 3772
11114 4727 5371
11116 4728 4729
11117 4729 4730
11118 4729 3776
11119 4730 4153
11120 4731 4251
11121 4731 5012
11123 4732 4731
11124 4732 5371
11125 4733 3778
11126 4733 4734
11127 4734 2605
11128 4734 4735
11130 4735 4732
11131 4735 5371
11132 4736 2227
11133 4736 4164
11136 4737 2227
11137 4738 1079
11138 4738 4737
11140 4739 4738
11143 4740 4958
11144 4741 4900
11148 4742 4746
11150 4743 4742
11152 4744 4743
11153 4745 4744
11157 4746 4748
11159 4747 745
11161 4748 4747
11164 4749 3622
11167 4750 4749
11168 4751 4752
11169 4751 1367
11170 4752 327
11171 4753 4750
11172 4753 4751
11173 4754 4845
11174 4754 4755
11175 4755 4089
11176 4755 4756
11177 4756 1367
11178 4756 4752
11180 4757 4753
11181 4758 1521
11182 4758 4759
11183 4759 11
11184 4760 4761
11185 4760 2211
11186 4761 2258
11187 4762 2132
11188 4763 4765
11189 4763 4772
11190 4764 4763
11191 4764 1673
11192 4765 1672
11193 4766 4771
11194 4766 2135
11195 4767 2106
11196 4767 4769
11197 4769 3677
11198 4770 4768
11199 4770 4771
11200 4771 4762
11201 4772 1829
11202 4772 4770
11203 4773 319
11204 4773 4774
11205 4774 32
11206 4775 2138
11207 4776 2972
11211 4779 522
11214 4780 4781
11215 4780 4782
11222 4783 378
11225 4784 4933
11227 4785 4786
11228 4785 712
11229 4786 711
11230 4786 717
11233 4787 4788
11234 4788 333
11235 4788 4785
11237 4789 4790
11243 4792 1949
11244 4793 3692
11245 4793 4794
11247 4794 3684
11248 4794 4797
11249 4795 4796
11250 4795 4403
11251 4796 4809
11252 4797 4801
11253 4797 4799
11254 4798 3960
11255 4798 4402
11256 4799 4800
11257 4799 4805
11258 4800 4798
11259 4800 4809
11260 4801 4794
11261 4801 3692
11264 4802 4804
11265 4803 4804
11266 4803 1570
11267 4804 2462
11268 4805 3684
11269 4805 4797
11270 4806 4805
11271 4806 4800
11274 4807 4808
11277 4808 4816
11278 4809 5351
11279 4809 3959
11280 4810 4811
11281 4810 4802
11282 4811 4793
11283 4811 4812
11286 4812 4813
11289 4813 4814
11292 4814 1358
11294 4815 2908
11295 4815 2957
11298 4816 4817
11299 4817 4818
11300 4817 4409
11301 4818 2977
11302 4818 4819
11305 4819 4820
11307 4820 4821
11311 4821 4822
11313 4822 84
11315 4823 5150
11316 4824 1348
11319 4825 4826
11322 4826 4827
11324 4827 2294
11326 4828 2300
11327 4828 4829
11328 4829 2079
11329 4829 1345
11333 4830 3679
11335 4831 4830
11336 4833 4832
11337 4833 4824
11338 4834 775
11339 4835 4997
11340 4835 4836
11341 4836 3797
11342 4837 5044
11344 4838 4837
11345 4839 4090
11346 4839 958
11347 4840 4839
11349 4841 2758
11351 4842 4843
11356 4844 4845
11357 4845 4847
11360 4846 4847
11364 4848 4849
11368 4850 4851
11374 4852 4853
11377 4853 4854
11378 4854 848
11379 4854 4855
11380 4855 4624
11381 4855 4856
11384 4856 4857
11387 4857 4858
11388 4858 4352
11389 4858 4859
11390 4859 871
11391 4859 5579
11392 4860 2975
11393 4860 1015
11396 4862 4861
11397 4863 285
11398 4863 1462
11399 4864 4865
11400 4864 682
11401 4865 4867
11402 4865 682
11403 4866 691
11404 4867 679
11405 4867 4866
11406 4868 4871
11408 4869 960
11410 4870 380
11411 4871 381
11412 4872 4873
11413 4872 739
11414 4873 4874
11416 4874 4875
11417 4874 734
11418 4875 4872
11419 4876 4877
11420 4876 4159
11421 4877 5278
11422 4878 4506
11425 4879 4599
11426 4879 5205
11427 4880 4599
11428 4880 1388
11429 4881 1025
11431 4882 2152
11432 4883 4117
11433 4883 4885
11434 4884 2393
11435 4884 4885
11437 4885 5015
11439 4886 2395
11442 4887 5322
11448 4889 5392
11450 4890 5373
11453 4891 4427
11454 4891 5110
11455 4892 5110
11456 4892 5238
11457 4892 4894
11458 4893 5110
11459 4893 5021
11460 4894 5391
11462 4894 5324
11466 4895 5619
11467 4896 5099
11470 4899 5157
11471 4899 5255
11475 4900 5159
11477 4901 2623
11478 4901 5245
11479 4902 5245
11480 4903 4906
11481 4903 955
11483 4904 4903
11484 4905 2274
11485 4905 4904
11486 4906 954
11487 4906 2901
11489 4907 305
11490 4907 4908
11494 4909 4600
11495 4909 4297
11496 4910 3962
11497 4910 4911
11498 4911 2074
11499 4911 4912
11501 4912 4913
11504 4913 5272
11508 4914 4915
11511 4915 4917
11514 4916 4920
11517 4917 4916
11518 4918 4663
11519 4919 1108
11520 4919 4918
11522 4920 4918
11523 4921 1869
11524 4921 3585
11526 4923 1745
11527 4923 5225
11528 4924 1754
11529 4924 4925
11530 4925 53
11531 4926 5094
11532 4926 4923
11533 4927 103
11536 4928 4929
11537 4929 3367
11538 4929 4930
11539 4930 45
11540 4930 4938
11541 4931 38
11542 4931 4932
11543 4932 372
11544 4933 4935
11545 4933 4934
11546 4934 3393
11547 4935 4559
11548 4935 4934
11549 4936 2257
11550 4936 47
11551 4937 4936
11554 4938 4937
11555 4939 2400
11556 4940 4939
11557 4940 4941
11560 4941 4942
11563 4942 4943
11564 4943 1142
11567 4944 5614
11568 4945 4946
11569 4945 5717
11570 4946 154
11571 4947 4945
11572 4947 4948
11573 4948 3835
11574 4949 1196
11575 4949 4950
11576 4950 1446
11577 4951 4952
11578 4951 2577
11579 4952 2456
11580 4953 5527
11581 4953 4954
11582 4954 4952
11583 4955 5531
11584 4955 3048
11585 4956 2845
11586 4956 4957
11587 4957 796
11589 4958 5707
11590 4958 4739
11591 4959 1002
11595 4960 4961
11599 4962 4658
11600 4963 2167
11601 4963 2459
11602 4964 4139
11603 4964 4166
11604 4965 4407
11605 4965 4966
11606 4966 1055
11607 4967 659
11608 4967 660
11609 4968 4167
11610 4968 4697
11611 4969 4970
11612 4970 4968
11613 4971 5196
11614 4971 5472
11617 4972 4973
11620 4973 4974
11623 4974 4975
11624 4975 2522
11625 4975 4976
11626 4976 4977
11627 4976 1249
11630 4977 4978
11631 4978 5257
11634 4979 4880
11636 4980 4947
11637 4981 1328
11638 4981 5214
11639 4982 4983
11640 4982 2746
11641 4983 2656
11642 4984 1864
11643 4984 2349
11644 4985 1864
11645 4985 4987
11647 4986 1794
11649 4987 1613
11650 4988 2560
11651 4988 2350
11653 4989 3296
11656 4990 4989
11659 4991 4992
11661 4993 752
11662 4994 2482
11663 4994 1842
11664 4995 4213
11665 4995 4996
11666 4996 4997
11667 4996 4836
11668 4997 2829
11669 4998 5222
11670 4998 4995
11671 4999 4995
11672 4999 4998
11673 5000 5001
11674 5000 4007
11675 5001 5510
11678 5003 5006
11681 5006 388
11683 5007 4724
11684 5007 5013
11689 5009 5008
11692 5010 5009
11693 5011 4150
11694 5011 5010
11695 5012 4728
11696 5012 5011
11698 5013 5012
11700 5014 4252
11701 5014 5450
11703 5015 4886
11704 5016 4886
11705 5016 5015
11706 5017 5024
11707 5018 4121
11708 5018 4118
11709 5019 4124
11710 5019 5020
11711 5020 5022
11712 5021 5018
11713 5021 5022
11714 5022 4122
11715 5023 5025
11716 5023 5024
11717 5024 5016
11718 5025 4123
11719 5025 5026
11720 5026 4432
11721 5027 2691
11722 5027 5188
11723 5028 2120
11724 5028 5029
11726 5029 5720
11729 5030 5646
11730 5030 5365
11731 5030 252
11734 5031 2614
11735 5032 924
11736 5032 5064
11738 5033 5035
11740 5033 5039
11741 5034 5039
11743 5035 5040
11745 5035 5038
11746 5036 5040
11747 5037 5441
11748 5038 5441
11749 5038 2851
11753 5039 5040
11758 5041 949
11760 5042 664
11761 5042 5647
11762 5043 5044
11763 5043 867
11764 5044 1042
11765 5045 5046
11766 5045 1062
11767 5046 4232
11768 5047 5048
11769 5047 4584
11770 5048 4411
11773 5049 292
11776 5050 5051
11780 5052 2177
11781 5052 5054
11782 5053 5054
11783 5054 5055
11787 5056 1542
11788 5056 1860
11794 5060 5061
11797 5062 5063
11804 5064 4107
11805 5065 5066
11812 5068 2023
11818 5070 5071
11821 5072 2957
11825 5075 1326
11826 5075 5076
11828 5076 5140
11831 5077 5081
11832 5077 5319
11833 5077 5089
11834 5077 5520
11835 5078 5674
11836 5078 5079
11837 5079 5089
11839 5079 5421
11840 5080 5416
11841 5080 3580
11842 5080 5340
11845 5081 5087
11846 5082 5415
11847 5082 3573
11848 5082 5086
11849 5083 5417
11850 5083 5087
11851 5083 5339
11852 5083 5086
11853 5084 5521
11855 5084 5319
11856 5084 5339
11857 5085 5416
11858 5085 5338
11859 5086 5087
11860 5086 5338
11866 5088 3561
11867 5088 5089
11871 5090 2697
11872 5090 409
11874 5090 5627
11875 5091 5626
11878 5092 1221
11880 5093 5090
11881 5093 1219
11882 5094 2486
11884 5096 2224
11885 5096 1532
11886 5097 5096
11887 5098 5099
11888 5098 5360
11890 5099 5102
11892 5100 4206
11893 5100 5101
11894 5101 2668
11895 5102 4429
11896 5103 5378
11897 5103 5104
11898 5104 4454
11899 5105 4434
11900 5105 5106
11901 5106 4204
11902 5107 302
11903 5107 5108
11906 5108 5109
11907 5109 2932
11908 5109 5461
11909 5109 2933
11910 5110 5391
11916 5113 1662
11917 5113 5114
11923 5115 5116
11925 5116 998
11926 5116 5117
11927 5117 1491
11929 5118 5117
11930 5119 2856
11931 5119 5120
11934 5121 680
11936 5122 5121
11943 5127 5611
11945 5128 2475
11947 5129 5103
11948 5129 5390
11950 5131 5375
11951 5131 4227
11952 5132 5238
11953 5133 5014
11954 5133 4726
11955 5134 1936
11956 5134 5434
11957 5135 5134
11958 5135 5138
11959 5136 5697
11960 5137 5138
11961 5137 5134
11962 5137 5697
11964 5138 5133
11965 5139 3781
11967 5141 1064
11969 5142 2118
11972 5143 5148
11973 5144 5149
11974 5144 5147
11975 5145 5146
11979 5146 5143
11980 5147 5146
11981 5148 5147
11982 5148 5144
11987 5151 5152
11988 5151 4517
11989 5152 4516
11990 5153 248
11991 5154 5155
11992 5154 4512
11993 5155 4515
11994 5156 5658
11995 5156 5191
11996 5156 4253
11998 5158 5160
11999 5158 4740
12000 5159 5158
12001 5159 5163
12002 5160 5161
12003 5161 5159
12004 5161 4478
12005 5162 2243
12006 5162 2373
12009 5163 4156
12012 5164 4972
12017 5166 5168
12018 5166 5167
12022 5168 5169
12026 5170 5171
12031 5172 5177
12032 5172 5176
12033 5173 5175
12034 5174 5175
12035 5174 128
12038 5175 5176
12041 5176 5177
12046 5178 5179
12047 5178 5184
12048 5179 5180
12052 5180 5181
12053 5181 5186
12055 5182 2872
12056 5183 2875
12057 5183 5184
12059 5184 5185
12061 5185 5180
12062 5185 5186
12063 5186 5182
12064 5186 5187
12066 5187 2865
12069 5188 2594
12070 5189 5190
12073 5189 5191
12074 5190 5242
12083 5192 3766
12085 5193 4971
12086 5193 5194
12089 5194 5357
12090 5195 5196
12091 5195 5356
12092 5196 5355
12093 5197 5141
12094 5197 4712
12095 5198 5200
12096 5198 5418
12097 5199 2450
12099 5200 5199
12100 5200 5421
12101 5201 1820
12102 5201 5418
12103 5202 5198
12104 5202 5203
12106 5204 5205
12107 5204 5210
12110 5205 5207
12111 5206 5207
12112 5206 5204
12113 5207 1252
12114 5208 5209
12115 5209 5211
12116 5209 1251
12117 5210 5208
12118 5210 3039
12119 5211 5210
12120 5211 5205
12128 5215 2891
12129 5215 5072
12131 5216 4034
12132 5217 5218
12133 5217 5541
12134 5218 5219
12135 5219 5220
12136 5219 1533
12137 5220 5543
12138 5220 5542
12139 5221 5222
12144 5223 1877
12149 5226 2923
12150 5226 5227
12153 5227 5228
12157 5229 30
12158 5229 529
12159 5230 5068
12160 5230 5231
12162 5232 5234
12163 5232 2542
12164 5233 5232
12167 5234 4245
12168 5235 2398
12169 5235 153
12171 5236 2099
12172 5237 910
12174 5238 4119
12176 5238 5239
12177 5239 5131
12180 5240 5241
12188 5244 5245
12192 5246 5626
12195 5247 5348
12198 5248 5249
12203 5251 5252
12210 5254 5722
12214 5255 5670
12218 5256 4962
12219 5257 5258
12220 5257 2799
12221 5258 2798
12222 5259 5260
12223 5259 157
12224 5260 1915
12225 5261 3802
12226 5261 5001
12227 5262 5263
12228 5262 4006
12229 5263 4005
12230 5264 5265
12231 5264 1051
12232 5265 1963
12233 5266 5267
12234 5266 2435
12235 5267 2447
12236 5268 1308
12237 5269 2449
12238 5269 5078
12239 5271 5270
12240 5272 4914
12241 5272 5393
12242 5273 5393
12243 5273 5395
12244 5273 5397
12249 5276 5277
12250 5277 2510
12252 5278 2623
12253 5278 4158
12256 5279 5280
12260 5281 5370
12261 5281 5285
12262 5282 5283
12264 5282 5370
12267 5283 5284
12268 5283 5285
12272 5285 836
12274 5286 66
12276 5287 5288
12278 5287 5289
12280 5288 5292
12282 5289 31
12285 5290 5291
12289 5293 1860
12290 5293 5294
12291 5294 4518
12292 5295 292
12293 5295 1581
12294 5296 4530
12295 5297 297
12296 5297 4525
12297 5298 5300
12298 5298 5297
12299 5299 5300
12302 5301 4538
12303 5301 4531
12304 5302 4659
12305 5302 5309
12308 5303 5304
12311 5306 5307
12315 5307 5309
12318 5308 5296
12319 5309 5308
12321 5310 5311
12331 5314 5498
12335 5316 4049
12336 5317 5488
12337 5317 4023
12339 5319 5520
12342 5320 5569
12343 5320 5422
12344 5321 5521
12345 5322 1
12351 5325 2297
12356 5327 5328
12362 5329 5330
12365 5332 3579
12370 5336 5337
12371 5336 1716
12373 5338 5417
12376 5339 5417
12381 5341 2919
12382 5341 5342
12385 5344 5345
12386 5344 2173
12389 5346 5347
12390 5347 2170
12395 5349 5350
12396 5350 3961
12398 5351 5352
12399 5352 3693
12400 5352 4810
12403 5353 5723
12404 5354 5356
12405 5354 5195
12406 5355 5195
12407 5355 5424
12408 5356 5358
12409 5357 5192
12410 5357 5466
12411 5358 5194
12412 5359 5360
12418 5362 295
12420 5363 5365
12421 5364 5365
12423 5365 5425
12426 5366 5367
12427 5367 5425
12430 5368 5425
12431 5369 5425
12432 5370 5462
12438 5372 5019
12439 5372 5373
12440 5373 5374
12444 5375 5376
12445 5375 4450
12446 5376 3974
12447 5377 5378
12448 5377 5104
12449 5378 4701
12451 5379 5380
12452 5380 5381
12453 5380 4445
12454 5381 5377
12458 5382 5384
12459 5383 5384
12461 5384 5609
12462 5384 5385
12465 5386 5389
12466 5387 5389
12467 5388 5389
12468 5388 1143
12479 5393 5396
12482 5393 5398
12484 5394 5398
12485 5394 5397
12487 5395 5396
12492 5397 5398
12510 5404 5405
12513 5406 5407
12518 5408 5409
12521 5410 5412
12522 5411 5412
12523 5411 5410
12524 5412 3673
12525 5413 3560
12526 5413 5414
12527 5414 1712
12528 5414 5415
12532 5415 2254
12534 5416 3578
12535 5416 5417
12541 5418 2448
12543 5419 5567
12544 5419 5420
12550 5422 5520
12551 5422 5522
12552 5423 5565
12553 5424 5354
12554 5424 4969
12559 5426 326
12562 5427 5428
12567 5429 5430
12572 5432 5433
12573 5432 5434
12574 5432 5697
12576 5434 3775
12578 5435 1100
12579 5435 2064
12580 5436 1100
12581 5437 2368
12582 5437 5438
12583 5438 1241
12584 5438 5439
12587 5440 5441
12590 5441 5442
12591 5443 5038
12592 5443 5444
12594 5445 5446
12596 5446 5208
12598 5447 5449
12599 5447 5448
12602 5448 5
12606 5450 5013
12608 5451 609
12609 5451 5453
12612 5452 5453
12615 5453 5459
12616 5454 610
12617 5454 5456
12619 5455 5457
12623 5456 5457
12628 5458 4053
12629 5459 5451
12631 5460 443
12632 5461 2932
12633 5461 5460
12634 5462 440
12635 5463 4528
12636 5463 5072
12637 5464 5466
12638 5464 5358
12639 5466 3767
12640 5467 5472
12641 5467 5468
12642 5468 5193
12643 5469 3782
12644 5469 5470
12645 5470 3768
12646 5471 5465
12647 5472 5465
12648 5473 235
12650 5474 5473
12651 5474 235
12652 5475 2052
12653 5475 5474
12656 5476 5477
12657 5477 2041
12659 5479 5480
12660 5479 2052
12662 5481 5482
12663 5481 2261
12665 5483 5484
12666 5483 2343
12670 5485 5486
12675 5487 3947
12676 5488 5556
12678 5489 5490
12681 5490 5491
12683 5492 2246
12684 5492 5493
12689 5495 5496
12690 5496 3773
12694 5497 5498
12701 5500 5501
12703 5502 4636
12704 5503 4525
12705 5503 5502
12706 5504 1749
12707 5504 5505
12708 5505 2485
12713 5507 5508
12716 5509 4655
12717 5510 2832
12718 5510 5511
12721 5512 1032
12722 5512 5513
12723 5513 1034
12725 5515 5516
12726 5515 5519
12727 5515 5518
12729 5516 566
12730 5516 5517
12740 5520 5521
12742 5521 5522
12749 5523 4852
12750 5524 5564
12751 5525 5526
12752 5525 2352
12753 5526 1792
12754 5527 5528
12755 5527 2571
12756 5528 4099
12757 5529 2458
12758 5529 5530
12759 5530 3048
12760 5531 2455
12761 5531 5532
12762 5532 3060
12763 5533 1902
12764 5533 5534
12765 5534 3299
12766 5535 1799
12767 5535 5536
12768 5536 1798
12769 5537 1800
12770 5537 5538
12771 5538 1281
12772 5539 1901
12773 5539 5540
12774 5540 1289
12776 5541 385
12778 5542 5543
12779 5543 5217
12780 5544 2018
12781 5545 5546
12782 5546 5547
12784 5546 2833
12785 5547 5548
12788 5549 5550
12789 5549 4028
12790 5550 2143
12791 5550 5551
12792 5551 5552
12793 5551 4026
12794 5552 483
12795 5552 5553
12797 5553 5644
12798 5553 5641
12799 5554 4189
12800 5554 5555
12803 5555 5556
12806 5557 5558
12807 5557 48
12808 5558 5559
12810 5558 2257
12814 5560 5561
12818 5562 5554
12819 5562 4572
12820 5563 5564
12821 5563 5571
12822 5564 2686
12823 5565 5566
12824 5565 5563
12825 5566 5524
12826 5567 5418
12827 5567 5568
12828 5568 5201
12829 5569 5419
12830 5570 5571
12831 5572 5573
12832 5573 2048
12836 5574 5575
12839 5576 5581
12840 5577 5578
12841 5578 5579
12842 5578 871
12843 5579 5580
12844 5579 2826
12845 5580 5577
12846 5580 4999
12847 5581 3798
12848 5581 2888
12849 5582 2826
12850 5582 5580
12851 5583 5582
12852 5583 5584
12854 5584 4240
12857 5585 5589
12858 5586 5587
12860 5587 5589
12861 5587 5588
12863 5588 5589
12864 5588 5591
12868 5590 5591
12870 5591 3017
12874 5592 5593
12878 5594 2241
12879 5595 5598
12882 5596 5598
12883 5597 5598
12884 5597 5599
12890 5600 4465
12893 5601 5602
12897 5603 5604
12904 5607 5608
12909 5609 5132
12911 5610 5612
12912 5611 5612
12913 5611 5610
12914 5612 5609
12917 5614 4980
12918 5615 746
12919 5615 5616
12920 5616 2224
12921 5617 3232
12922 5618 1128
12924 5621 5622
12925 5621 4635
12926 5622 1295
12927 5623 193
12928 5623 5621
12929 5624 4589
12930 5624 5623
12933 5625 5624
12936 5626 5718
12938 5627 5628
12940 5628 5629
12943 5629 5630
12947 5630 5631
12948 5631 1230
12949 5631 5632
12950 5632 2171
12951 5632 5633
12952 5633 4628
12953 5633 5634
12954 5634 1898
12955 5634 5626
12958 5635 5636
12962 5637 5638
12966 5639 5640
12968 5641 5642
12970 5641 5562
12972 5642 5643
12973 5642 5644
12982 5646 5052
12987 5648 5649
12989 5648 5650
12993 5650 4457
12997 5651 5652
13000 5652 5653
13001 5653 4353
13003 5654 2
13010 5657 5658
13013 5658 5659
13015 5659 5661
13019 5661 5660
13020 5662 5657
13023 5664 2692
13025 5665 2584
13026 5666 2594
13027 5666 5188
13029 5667 2693
13030 5668 5670
13032 5669 5670
13033 5669 1897
13037 5671 5673
13038 5671 4713
13039 5672 5197
13040 5672 5673
13041 5673 3577
13044 5674 4382
13045 5674 5675
13048 5676 5677
13053 5678 5679
13056 5679 5552
13058 5680 5681
13059 5680 2059
13060 5681 1547
13062 5682 4376
13063 5682 5683
13065 5684 1733
13066 5684 5685
13070 5686 2038
13071 5686 243
13072 5687 5688
13073 5687 2234
13074 5688 4550
13077 5689 5690
13080 5692 1880
13083 5693 5535
13086 5694 5695
13088 5696 241
13093 5698 671
13097 5699 5702
13098 5700 5702
13102 5702 5703
13105 5704 2233
13106 5704 5705
13109 5707 5708
13114 5708 2658
13115 5709 5710
13117 5709 5711
13122 5712 5713
13129 5716 4946
13130 5716 5717
13131 5717 4948
13133 5718 5625
13138 5721 5722
13139 5721 5723
13143 5723 5724
