0 104.02535 30.64248
1 104.10029 30.71479
2 104.08386 30.68984
3 104.08052 30.68475
4 104.0691 30.6799
5 104.0336 30.68097
6 104.05275 30.64167
7 104.06646 30.6549
8 104.0389 30.64856
9 104.05811 30.66073
10 104.05378 30.65015
11 104.05117 30.64869
12 104.04597 30.64476
13 104.06377 30.64614
14 104.0352 30.64278
15 104.0086 30.65495
16 104.03476 30.65341
17 104.0351 30.64691
18 104.0267 30.64348
19 104.03515 30.64567
20 104.03502 30.64914
21 104.03242 30.65004
22 104.06361 30.65158
23 104.06811 30.66957
24 104.03249 30.64086
25 104.03216 30.64216
26 104.03177 30.64394
27 104.03515 30.64424
28 104.07056 30.65744
29 104.10207 30.71416
30 104.01893 30.67261
31 104.01478 30.67333
32 104.00619 30.65566
33 104.01304 30.65981
34 104.01361 30.66004
35 104.02968 30.65339
36 104.05512 30.6406
37 104.05479 30.65151
38 104.04996 30.65528
39 104.045 30.65421
40 104.03873 30.65419
41 104.044 30.65421
42 104.04303 30.65627
43 104.03857 30.65763
44 104.03865 30.65549
45 104.03852 30.66131
46 104.04214 30.66041
47 104.04347 30.65886
48 104.04546 30.65634
49 104.04723 30.6556
50 104.04833 30.65551
51 104.04944 30.65537
52 104.03785 30.6616
53 104.03355 30.66412
54 104.03462 30.65927
55 104.03173 30.65847
56 104.0362 30.65943
57 104.03596 30.65902
58 104.03184 30.65794
59 104.03245 30.65658
60 104.03508 30.65901
61 104.03024 30.65707
62 104.03003 30.65654
63 104.02946 30.65651
64 104.04453 30.65504
65 104.04524 30.65535
66 104.00579 30.66768
67 104.00659 30.67169
68 104.01275 30.68315
69 104.01423 30.68531
70 104.01551 30.68711
71 104.0203 30.69318
72 104.0149 30.69571
73 104.01328 30.6941
74 104.01324 30.69398
75 104.01213 30.69209
76 104.01346 30.69723
77 104.01151 30.69866
78 104.01015 30.69961
79 104.00856 30.69833
80 104.01008 30.69682
81 104.0117 30.69528
82 104.01883 30.69834
83 104.01979 30.69896
84 104.02988 30.69083
85 104.02793 30.6846
86 104.03203 30.68815
87 104.02418 30.69024
88 104.02206 30.68849
89 104.01984 30.68591
90 104.0228 30.68515
91 104.02522 30.6864
92 104.02907 30.69001
93 104.0178 30.68656
94 104.01529 30.68482
95 104.01743 30.68386
96 104.01899 30.68402
97 104.00105 30.66818
98 104.00128 30.67028
99 104.00155 30.6722
100 104.00199 30.67531
101 104.02451 30.66491
102 104.0266 30.66501
103 104.03392 30.66462
104 104.02719 30.6714
105 104.02669 30.6682
106 104.02476 30.67183
107 104.02271 30.67197
108 104.02241 30.67102
109 104.02281 30.66803
110 104.02436 30.66804
111 104.02159 30.66356
112 104.02348 30.6621
113 104.02337 30.66158
114 104.02564 30.67503
115 104.0262 30.67745
116 104.02673 30.67974
117 104.02867 30.67991
118 104.02763 30.68236
119 104.02554 30.68053
120 104.02564 30.67971
121 104.02438 30.68161
122 104.02321 30.6824
123 104.02025 30.68339
124 104.01762 30.68168
125 104.01682 30.68006
126 104.01624 30.67886
127 104.0155 30.67737
128 104.0193 30.67651
129 104.01924 30.68129
130 104.01606 30.68214
131 104.01429 30.68268
132 104.01395 30.67773
133 104.01214 30.67814
134 104.01469 30.67932
135 104.01529 30.68056
136 104.01361 30.68125
137 104.0075 30.69287
138 104.01684 30.67529
139 104.01516 30.67557
140 104.06841 30.6608
141 104.07458 30.66109
142 104.08724 30.65529
143 104.10363 30.64767
144 104.02628 30.71346
145 104.0277 30.71459
146 104.03654 30.72158
147 104.00077 30.7001
148 104.02755 30.71477
149 104.04026 30.72485
150 104.0406 30.72511
151 104.05269 30.72817
152 104.1384 30.71264
153 104.14606 30.6861
154 104.14098 30.68109
155 104.13983 30.67994
156 104.12881 30.71721
157 104.10724 30.7208
158 104.13639 30.71293
159 104.08014 30.72388
160 104.0784 30.72432
161 104.13557 30.71737
162 104.13366 30.71482
163 104.13331 30.71435
164 104.13125 30.71197
165 104.13107 30.71155
166 104.13346 30.71431
167 104.13379 30.71475
168 104.13562 30.71717
169 104.09879 30.72131
170 104.13684 30.71304
171 104.13386 30.71455
172 104.13332 30.71485
173 104.13049 30.71643
174 104.13069 30.71606
175 104.13319 30.71465
176 104.13373 30.71435
177 104.10354 30.72292
178 104.10147 30.71804
179 104.09939 30.72905
180 104.09921 30.72906
181 104.0961 30.72959
182 104.09354 30.72606
183 104.06474 30.65885
184 104.05782 30.66936
185 104.06316 30.66951
186 104.06557 30.6749
187 104.06363 30.68841
188 104.06322 30.68613
189 104.06176 30.68502
190 104.06079 30.68824
191 104.05462 30.69171
192 104.05091 30.70843
193 104.04861 30.71082
194 104.04834 30.71824
195 104.02289 30.64593
196 104.02299 30.64613
197 104.02381 30.64664
198 104.02533 30.64769
199 104.02768 30.6481
200 104.02925 30.64807
201 104.03084 30.64806
202 104.02228 30.6503
203 104.02924 30.64097
204 104.02826 30.64447
205 104.1024 30.70186
206 104.10241 30.70625
207 104.10251 30.70638
208 104.10141 30.70665
209 104.10228 30.70182
210 104.13122 30.66422
211 104.12497 30.66071
212 104.12325 30.66012
213 104.10083 30.68978
214 104.10008 30.68881
215 104.10089 30.68976
216 104.10016 30.68879
217 104.09824 30.68623
218 104.10288 30.68251
219 104.09986 30.70596
220 104.10022 30.7086
221 104.01411 30.71588
222 104.04893 30.69047
223 104.0524 30.69123
224 104.00616 30.72783
225 104.08634 30.68205
226 104.06761 30.64515
227 104.05537 30.67506
228 104.04694 30.67993
229 104.04368 30.68279
230 104.03974 30.68775
231 104.04096 30.68909
232 104.04245 30.69062
233 104.04343 30.69166
234 104.04131 30.66699
235 104.04741 30.66406
236 104.09797 30.6503
237 104.10042 30.65418
238 104.10256 30.65763
239 104.11156 30.65344
240 104.12298 30.65186
241 104.12531 30.65028
242 104.12713 30.64997
243 104.05396 30.663
244 104.05445 30.66512
245 104.05731 30.65084
246 104.10534 30.72784
247 104.12965 30.72318
248 104.13249 30.72608
249 104.07258 30.7297
250 104.07216 30.7267
251 104.07904 30.69975
252 104.06367 30.69693
253 104.0907 30.67717
254 104.08536 30.66562
255 104.09177 30.64955
256 104.07601 30.64552
257 104.07569 30.65493
258 104.07273 30.6467
259 104.08101 30.65807
260 104.06415 30.65158
261 104.06643 30.65096
262 104.06867 30.65117
263 104.06935 30.65243
264 104.00124 30.71091
265 104.09992 30.66437
266 104.09606 30.65624
267 104.09476 30.65444
268 104.0925 30.6788
269 104.09289 30.67916
270 104.0924 30.67954
271 104.09204 30.67911
272 104.09397 30.68118
273 104.11221 30.6551
274 104.1088 30.64523
275 104.11168 30.66301
276 104.06703 30.65891
277 104.06847 30.65891
278 104.05817 30.65877
279 104.08055 30.64579
280 104.04415 30.7016
281 104.04846 30.69379
282 104.03186 30.6963
283 104.05883 30.72361
284 104.07816 30.71321
285 104.06367 30.69714
286 104.05148 30.72563
287 104.09687 30.70972
288 104.07193 30.71661
289 104.09123 30.71232
290 104.05584 30.72486
291 104.05583 30.72514
292 104.06337 30.70816
293 104.07554 30.70515
294 104.06726 30.70519
295 104.06393 30.70522
296 104.0566 30.72097
297 104.05786 30.71534
298 104.07735 30.70278
299 104.07568 30.70515
300 104.06366 30.70512
301 104.05646 30.72173
302 104.07576 30.70503
303 104.03822 30.67675
304 104.04246 30.68424
305 104.04354 30.68551
306 104.06331 30.66482
307 104.05378 30.67101
308 104.05391 30.68177
309 104.05332 30.68141
310 104.04879 30.67852
311 104.04674 30.67706
312 104.04558 30.67516
313 104.0461 30.67106
314 104.0433 30.66601
315 104.08617 30.65757
316 104.07152 30.67211
317 104.07577 30.66825
318 104.00561 30.66352
319 104.00623 30.65481
320 104.05998 30.66601
321 104.05978 30.66943
322 104.066 30.67208
323 104.08097 30.66585
324 104.07919 30.66292
325 104.07748 30.66379
326 104.0748 30.66681
327 104.07663 30.66605
328 104.07745 30.66743
329 104.08537 30.66968
330 104.08334 30.66229
331 104.08926 30.65943
332 104.09092 30.66137
333 104.09336 30.66456
334 104.09405 30.66508
335 104.09529 30.66801
336 104.09027 30.67665
337 104.0882 30.65994
338 104.08956 30.65422
339 104.09206 30.65812
340 104.1083 30.66405
341 104.10824 30.65959
342 104.09616 30.66218
343 104.09344 30.66462
344 104.09445 30.66458
345 104.10373 30.66423
346 104.1109 30.66485
347 104.10821 30.655
348 104.10351 30.65997
349 104.10024 30.66154
350 104.10107 30.67149
351 104.10268 30.6673
352 104.08674 30.6771
353 104.08395 30.67844
354 104.0683 30.66247
355 104.06641 30.6624
356 104.06811 30.6658
357 104.0663 30.66581
358 104.06978 30.66908
359 104.07108 30.66261
360 104.07509 30.66385
361 104.07694 30.66296
362 104.0745 30.66307
363 104.07286 30.66386
364 104.06993 30.65848
365 104.06959 30.65791
366 104.0696 30.65602
367 104.07235 30.65446
368 104.06025 30.6554
369 104.05818 30.65264
370 104.05641 30.65347
371 104.05306 30.65567
372 104.051 30.6567
373 104.07535 30.64838
374 104.07814 30.65378
375 104.07692 30.6517
376 104.11845 30.65318
377 104.13716 30.64578
378 104.08478 30.65073
379 104.0864 30.65267
380 104.10443 30.64106
381 104.10259 30.64255
382 104.10201 30.64283
383 104.10151 30.64427
384 104.09569 30.64657
385 104.09327 30.64678
386 104.09895 30.64007
387 104.09693 30.64634
388 104.09653 30.64529
389 104.09251 30.64092
390 104.08367 30.65122
391 104.0828 30.65161
392 104.03445 30.71429
393 104.03764 30.71625
394 104.03113 30.71819
395 104.03886 30.70844
396 104.04238 30.7039
397 104.04757 30.69666
398 104.03615 30.69647
399 104.05268 30.7066
400 104.04193 30.70037
401 104.03908 30.69875
402 104.05163 30.69801
403 104.05503 30.70209
404 104.04769 30.70018
405 104.05111 30.70205
406 104.04904 30.70447
407 104.05466 30.69314
408 104.05164 30.69107
409 104.05263 30.6875
410 104.05138 30.69261
411 104.05479 30.69542
412 104.04979 30.69237
413 104.05275 30.6955
414 104.05215 30.69269
415 104.0523 30.69551
416 104.05233 30.69693
417 104.09296 30.67378
418 104.10906 30.68666
419 104.10735 30.68503
420 104.09469 30.66959
421 104.09755 30.67046
422 104.1042 30.67242
423 104.10471 30.67258
424 104.08232 30.67601
425 104.08501 30.67464
426 104.08768 30.67326
427 104.08111 30.67987
428 104.07817 30.68129
429 104.09289 30.68652
430 104.09101 30.68359
431 104.08905 30.68062
432 104.08562 30.67546
433 104.08821 30.68495
434 104.08243 30.68767
435 104.08105 30.68839
436 104.07812 30.69112
437 104.08012 30.6891
438 104.08436 30.69547
439 104.07617 30.68653
440 104.07748 30.69477
441 104.07089 30.69481
442 104.06718 30.69485
443 104.07422 30.6948
444 104.03531 30.68759
445 104.03355 30.68565
446 104.03245 30.68451
447 104.03233 30.68319
448 104.03154 30.68231
449 104.02967 30.67096
450 104.03017 30.67323
451 104.03039 30.67421
452 104.03118 30.67762
453 104.0362 30.68379
454 104.03091 30.66835
455 104.03872 30.67189
456 104.04191 30.67695
457 104.04505 30.66867
458 104.03818 30.6719
459 104.04009 30.67403
460 104.04361 30.67232
461 104.02944 30.67764
462 104.02196 30.67706
463 104.02375 30.6766
464 104.02347 30.67556
465 104.02165 30.67597
466 104.0224 30.6784
467 104.02481 30.67773
468 104.0242 30.67791
469 104.02484 30.67967
470 104.04065 30.69438
471 104.04034 30.69332
472 104.03858 30.68913
473 104.04143 30.69687
474 104.03797 30.69785
475 104.0441 30.69541
476 104.04556 30.69334
477 104.04265 30.69379
478 104.04457 30.69276
479 104.05018 30.67515
480 104.05173 30.67439
481 104.05439 30.67328
482 104.05782 30.67172
483 104.05133 30.67694
484 104.04926 30.67318
485 104.07089 30.67438
486 104.06922 30.67514
487 104.0667 30.67643
488 104.0683 30.67377
489 104.07354 30.67498
490 104.07197 30.68445
491 104.07541 30.68267
492 104.07388 30.68002
493 104.0672 30.69691
494 104.06715 30.69057
495 104.06715 30.68641
496 104.07332 30.68754
497 104.07418 30.6905
498 104.07421 30.69264
499 104.06366 30.69058
500 104.07085 30.69055
501 104.07588 30.68647
502 104.0755 30.68305
503 104.04353 30.68838
504 104.04295 30.68747
505 104.04175 30.68836
506 104.03914 30.69008
507 104.04299 30.68836
508 104.04203 30.69021
509 104.03283 30.69197
510 104.03245 30.69101
511 104.03168 30.68975
512 104.03095 30.68883
513 104.02137 30.6973
514 104.02329 30.69867
515 104.06578 30.65396
516 104.07598 30.64977
517 104.07842 30.64684
518 104.07748 30.645
519 104.07672 30.64348
520 104.07801 30.64613
521 104.07088 30.64519
522 104.07286 30.64487
523 104.06762 30.64808
524 104.06369 30.64866
525 104.07259 30.6477
526 104.0242 30.67067
527 104.02526 30.66953
528 104.02696 30.66944
529 104.01758 30.66957
530 104.01899 30.66967
531 104.02251 30.66976
532 104.02427 30.66899
533 104.02122 30.6672
534 104.02133 30.66483
535 104.05745 30.65527
536 104.05612 30.65625
537 104.05616 30.65691
538 104.05509 30.65758
539 104.0526 30.65916
540 104.05706 30.65689
541 104.08124 30.64806
542 104.08209 30.64528
543 104.08799 30.65208
544 104.08952 30.66369
545 104.07175 30.65684
546 104.07942 30.64072
547 104.07312 30.64302
548 104.08007 30.64845
549 104.07458 30.65304
550 104.07128 30.65507
551 104.07276 30.65347
552 104.08084 30.65163
553 104.0793 30.65323
554 104.06752 30.65324
555 104.07199 30.65389
556 104.07988 30.65017
557 104.08015 30.64231
558 104.07835 30.65094
559 104.07895 30.64271
560 104.0746 30.646
561 104.07796 30.64125
562 104.08556 30.64277
563 104.08272 30.6414
564 104.08084 30.64967
565 104.07007 30.65337
566 104.07384 30.64452
567 104.08149 30.64428
568 104.0722 30.65249
569 104.08113 30.64371
570 104.07082 30.65015
571 104.07895 30.65506
572 104.07025 30.65363
573 104.08754 30.64239
574 104.08657 30.64368
575 104.08779 30.64277
576 104.08259 30.64885
577 104.08504 30.64602
578 104.08632 30.646
579 104.10844 30.66494
580 104.06961 30.66768
581 104.10622 30.66214
582 104.07716 30.65984
583 104.09926 30.66627
584 104.06631 30.66449
585 104.08177 30.64923
586 104.06629 30.66958
587 104.0871 30.6467
588 104.08638 30.64717
589 104.08682 30.64775
590 104.07901 30.65252
591 104.06818 30.66452
592 104.08575 30.64645
593 104.07184 30.64516
594 104.0805 30.64291
595 104.07919 30.64438
596 104.07819 30.64298
597 104.07823 30.64471
598 104.0752 30.64756
599 104.07325 30.64203
600 104.07799 30.6448
601 104.0796 30.64527
602 104.07953 30.64359
603 104.07868 30.64577
604 104.07611 30.64578
605 104.07983 30.64414
606 104.07731 30.64328
607 104.05744 30.64916
608 104.05603 30.64897
609 104.05884 30.64891
610 104.0604 30.65344
611 104.0562 30.64932
612 104.05415 30.65055
613 104.04245 30.64375
614 104.08081 30.64136
615 104.08538 30.64112
616 104.08138 30.64189
617 104.07704 30.64159
618 104.07689 30.64125
619 104.04584 30.69915
620 104.05253 30.7001
621 104.05307 30.70205
622 104.04595 30.70999
623 104.04294 30.7097
624 104.04716 30.70545
625 104.04078 30.70956
626 104.04463 30.69684
627 104.05165 30.7001
628 104.04737 30.70821
629 104.04445 30.69761
630 104.043 30.69881
631 104.04172 30.69784
632 104.04351 30.70454
633 104.04524 30.71593
634 104.04254 30.71294
635 104.06966 30.68215
636 104.07015 30.68473
637 104.07242 30.6477
638 104.07259 30.64672
639 104.10913 30.66923
640 104.06379 30.64866
641 104.06375 30.64991
642 104.0637 30.65159
643 104.0636 30.65496
644 104.06386 30.6461
645 104.06391 30.64866
646 104.06388 30.64968
647 104.06387 30.64989
648 104.06375 30.6497
649 104.06366 30.64971
650 104.06117 30.64978
651 104.06357 30.64867
652 104.06354 30.64972
653 104.06353 30.64994
654 104.06364 30.6462
655 104.06577 30.6493
656 104.06366 30.64992
657 104.06967 30.64889
658 104.06109 30.64984
659 104.00416 30.70311
660 104.00311 30.70219
661 104.10545 30.69628
662 104.10611 30.69601
663 104.10554 30.6961
664 104.10552 30.69618
665 104.10555 30.69626
666 104.10606 30.69631
667 104.10544 30.69611
668 104.10603 30.6959
669 104.10617 30.69592
670 104.10589 30.69643
671 104.10802 30.69481
672 104.10487 30.6946
673 104.10913 30.69408
674 104.10427 30.69422
675 104.10342 30.69278
676 104.10861 30.69469
677 104.10199 30.69105
678 104.10177 30.69115
679 104.09991 30.68833
680 104.09967 30.68845
681 104.0992 30.68741
682 104.09883 30.68732
683 104.09613 30.68954
684 104.09943 30.68862
685 104.09921 30.68757
686 104.10017 30.68822
687 104.0995 30.68856
688 104.0993 30.68797
689 104.09951 30.68785
690 104.10005 30.6883
691 104.10068 30.68656
692 104.10334 30.68272
693 104.10017 30.68114
694 104.0965 30.68976
695 104.09915 30.68761
696 104.09512 30.68262
697 104.0981 30.6863
698 104.09413 30.6811
699 104.09528 30.68248
700 104.09245 30.67893
701 104.09218 30.67917
702 104.09272 30.67917
703 104.09238 30.67939
704 104.09153 30.67826
705 104.09103 30.68
706 104.08926 30.68087
707 104.08642 30.68217
708 104.0947 30.68179
709 104.09452 30.68188
710 104.09086 30.67704
711 104.09187 30.66274
712 104.08955 30.66381
713 104.0955 30.66106
714 104.09629 30.66443
715 104.09826 30.65977
716 104.09819 30.65965
717 104.09793 30.65977
718 104.09801 30.65989
719 104.09929 30.6616
720 104.09947 30.66189
721 104.09921 30.66164
722 104.09698 30.6578
723 104.09687 30.65785
724 104.09989 30.65886
725 104.09996 30.65898
726 104.10263 30.65774
727 104.10824 30.65513
728 104.1085 30.64622
729 104.10956 30.64485
730 104.10799 30.64539
731 104.10902 30.64499
732 104.10771 30.64623
733 104.11009 30.64964
734 104.10732 30.64539
735 104.10716 30.64535
736 104.10796 30.64554
737 104.10803 30.64558
738 104.10776 30.64606
739 104.10492 30.64061
740 104.10451 30.64722
741 104.10461 30.64711
742 104.10886 30.64771
743 104.10905 30.64823
744 104.11114 30.65147
745 104.10976 30.64978
746 104.11217 30.65323
747 104.11224 30.65335
748 104.11247 30.65506
749 104.11315 30.65541
750 104.11497 30.65651
751 104.11247 30.65518
752 104.11667 30.6573
753 104.10091 30.64324
754 104.08817 30.64177
755 104.08792 30.6433
756 104.08786 30.64341
757 104.06382 30.65159
758 104.06351 30.65496
759 104.06359 30.65513
760 104.0635 30.65513
761 104.06332 30.65698
762 104.06338 30.65496
763 104.06372 30.65496
764 104.06263 30.65881
765 104.05819 30.65688
766 104.0584 30.65688
767 104.05842 30.65874
768 104.05841 30.65884
769 104.0642 30.65884
770 104.05835 30.66074
771 104.06144 30.65516
772 104.06338 30.65512
773 104.06372 30.65513
774 104.0601 30.65557
775 104.06902 30.72657
776 104.07455 30.72582
777 104.07316 30.72716
778 104.07202 30.72725
779 104.10382 30.72344
780 104.10109 30.71719
781 104.08028 30.68687
782 104.03038 30.6923
783 104.09324 30.70378
784 104.03495 30.6906
785 104.02904 30.69426
786 104.07949 30.68533
787 104.03102 30.69302
788 104.02882 30.69147
789 104.08912 30.70735
790 104.08861 30.70799
791 104.01043 30.66018
792 104.01608 30.65041
793 104.0179 30.65038
794 104.00609 30.65788
795 104.01145 30.6504
796 104.074 30.71545
797 104.09127 30.71243
798 104.08676 30.71293
799 104.09725 30.70971
800 104.09704 30.7098
801 104.09695 30.70984
802 104.0997 30.70589
803 104.09717 30.70959
804 104.09628 30.70833
805 104.09607 30.7084
806 104.09871 30.71212
807 104.09851 30.7121
808 104.09526 30.70672
809 104.09515 30.70677
810 104.10069 30.70395
811 104.10125 30.70389
812 104.10338 30.69733
813 104.08914 30.69798
814 104.08922 30.69809
815 104.10343 30.69747
816 104.06962 30.70516
817 104.06964 30.70732
818 104.06964 30.70956
819 104.06713 30.71065
820 104.07154 30.70872
821 104.06963 30.70507
822 104.06394 30.70512
823 104.06366 30.70522
824 104.07213 30.7165
825 104.07309 30.7087
826 104.07293 30.70871
827 104.07805 30.71134
828 104.07818 30.71135
829 104.07756 30.70837
830 104.07185 30.7121
831 104.06967 30.71227
832 104.06993 30.71422
833 104.07173 30.71211
834 104.07888 30.69973
835 104.07422 30.69685
836 104.08148 30.69675
837 104.0774 30.69705
838 104.07878 30.69552
839 104.06779 30.67792
840 104.02213 30.64565
841 104.1001 30.71487
842 104.1006 30.71604
843 104.06741 30.71243
844 104.06408 30.71191
845 104.06089 30.71493
846 104.07201 30.7141
847 104.07187 30.71405
848 104.0677 30.71442
849 104.07665 30.68685
850 104.0764 30.68628
851 104.07081 30.68822
852 104.06364 30.68826
853 104.06055 30.68839
854 104.07647 30.68643
855 104.07325 30.68741
856 104.06714 30.68828
857 104.10697 30.64084
858 104.11047 30.64198
859 104.05806 30.66355
860 104.05441 30.66454
861 104.07193 30.6782
862 104.07052 30.67944
863 104.11196 30.67008
864 104.11501 30.6741
865 104.09836 30.68085
866 104.09894 30.68187
867 104.06738 30.7263
868 104.06619 30.7232
869 104.06776 30.72831
870 104.06451 30.71466
871 104.06591 30.72015
872 104.14643 30.66219
873 104.14078 30.65741
874 104.1454 30.65731
875 104.1407 30.65184
876 104.14072 30.6551
877 104.13911 30.65513
878 104.14072 30.65347
879 104.1406 30.65344
880 104.00868 30.64321
881 104.01578 30.65438
882 104.00685 30.64744
883 104.01605 30.64744
884 104.06081 30.6474
885 104.05848 30.64185
886 104.01577 30.65427
887 104.01614 30.64495
888 104.01426 30.64441
889 104.01215 30.64386
890 104.05952 30.64381
891 104.05587 30.64184
892 104.00154 30.64221
893 104.00423 30.64253
894 104.08536 30.68629
895 104.08534 30.69208
896 104.08677 30.69425
897 104.08085 30.69231
898 104.08679 30.68848
899 104.08753 30.68959
900 104.09038 30.68821
901 104.08939 30.68674
902 104.08867 30.68707
903 104.08652 30.68574
904 104.09284 30.6827
905 104.08347 30.68344
906 104.08865 30.69133
907 104.10319 30.68719
908 104.10384 30.68474
909 104.1032 30.68891
910 104.11641 30.68881
911 104.10941 30.68188
912 104.10863 30.67843
913 104.10995 30.67503
914 104.1158 30.67122
915 104.1122 30.67955
916 104.07455 30.67598
917 104.07256 30.67361
918 104.08454 30.66808
919 104.08401 30.67368
920 104.08973 30.66993
921 104.08852 30.66812
922 104.08735 30.66872
923 104.08776 30.67315
924 104.10199 30.67645
925 104.10573 30.6776
926 104.10018 30.67365
927 104.09671 30.67262
928 104.09377 30.67177
929 104.10321 30.67453
930 104.10188 30.66937
931 104.10573 30.67053
932 104.10628 30.66837
933 104.09552 30.66743
934 104.09842 30.66834
935 104.10544 30.66812
936 104.10459 30.67021
937 104.10856 30.66554
938 104.11491 30.6634
939 104.12317 30.66025
940 104.12167 30.66323
941 104.05235 30.66335
942 104.05237 30.66435
943 104.04916 30.66735
944 104.04957 30.66942
945 104.0967 30.68455
946 104.13534 30.71385
947 104.12799 30.71772
948 104.13991 30.71834
949 104.14541 30.72035
950 104.14714 30.72812
951 104.09928 30.6783
952 104.10744 30.67338
953 104.1104 30.66604
954 104.11227 30.65964
955 104.11226 30.65813
956 104.11273 30.67031
957 104.10944 30.67628
958 104.10748 30.67429
959 104.11322 30.64
960 104.10543 30.64218
961 104.11084 30.67288
962 104.1161 30.68924
963 104.11422 30.68606
964 104.11026 30.68335
965 104.10374 30.67228
966 104.11111 30.68382
967 104.11292 30.68477
968 104.11107 30.68854
969 104.10645 30.68986
970 104.10241 30.69151
971 104.10254 30.68416
972 104.11267 30.68162
973 104.11391 30.68645
974 104.10595 30.69263
975 104.10509 30.69152
976 104.09525 30.68529
977 104.09616 30.68355
978 104.0999 30.6801
979 104.10263 30.67665
980 104.09567 30.68296
981 104.10686 30.66855
982 104.09606 30.68488
983 104.09347 30.68998
984 104.09414 30.6902
985 104.09748 30.69313
986 104.09481 30.68552
987 104.09656 30.69177
988 104.09163 30.69008
989 104.0952 30.6861
990 104.09518 30.69256
991 104.09746 30.69127
992 104.09842 30.69268
993 104.08803 30.69035
994 104.08516 30.6918
995 104.07446 30.67976
996 104.07356 30.67844
997 104.08639 30.6673
998 104.07987 30.66398
999 104.13134 30.66432
1000 104.13695 30.65514
1001 104.07815 30.71189
1002 104.08439 30.713
1003 104.08413 30.71199
1004 104.08674 30.71279
1005 104.08658 30.71158
1006 104.08747 30.70297
1007 104.08991 30.70892
1008 104.0876 30.71144
1009 104.08753 30.70732
1010 104.00389 30.69496
1011 104.00293 30.69287
1012 104.00176 30.69087
1013 104.00687 30.69976
1014 104.02301 30.69547
1015 104.02496 30.69696
1016 104.05175 30.69966
1017 104.0524 30.69966
1018 104.05178 30.69858
1019 104.05302 30.69913
1020 104.05241 30.69857
1021 104.05113 30.69913
1022 104.07993 30.72465
1023 104.08086 30.72718
1024 104.07671 30.7253
1025 104.08867 30.72166
1026 104.11762 30.65857
1027 104.08171 30.69371
1028 104.06645 30.66094
1029 104.0684 30.66097
1030 104.06698 30.66076
1031 104.06168 30.66087
1032 104.06169 30.66064
1033 104.06497 30.66091
1034 104.06013 30.66085
1035 104.06498 30.6607
1036 104.05807 30.66163
1037 104.0836 30.68361
1038 104.08061 30.68488
1039 104.08832 30.69378
1040 104.06993 30.64784
1041 104.04962 30.72884
1042 104.05977 30.72789
1043 104.00527 30.70466
1044 104.10663 30.64418
1045 104.11243 30.65419
1046 104.11086 30.65098
1047 104.04659 30.72777
1048 104.04605 30.72897
1049 104.04448 30.72855
1050 104.05149 30.72847
1051 104.04123 30.72529
1052 104.00399 30.70482
1053 104.00484 30.70317
1054 104.00328 30.70484
1055 104.0068 30.69986
1056 104.00847 30.69825
1057 104.02249 30.67981
1058 104.04528 30.72743
1059 104.08826 30.69636
1060 104.1127 30.71975
1061 104.12045 30.71922
1062 104.05953 30.7273
1063 104.06972 30.72682
1064 104.0257 30.71288
1065 104.05412 30.65485
1066 104.05543 30.65229
1067 104.05315 30.65426
1068 104.05752 30.65153
1069 104.05245 30.6539
1070 104.11178 30.66795
1071 104.11297 30.66732
1072 104.11343 30.64803
1073 104.11276 30.6459
1074 104.1183 30.64575
1075 104.11514 30.65314
1076 104.1116 30.64892
1077 104.11672 30.64398
1078 104.11735 30.65481
1079 104.12111 30.64431
1080 104.11443 30.68277
1081 104.00438 30.67533
1082 104.01474 30.67357
1083 104.01443 30.67359
1084 104.02421 30.67192
1085 104.10456 30.64095
1086 104.06272 30.66396
1087 104.06329 30.65803
1088 104.05066 30.70471
1089 104.04948 30.70393
1090 104.05043 30.69967
1091 104.01986 30.6498
1092 104.01946 30.6629
1093 104.01926 30.66299
1094 104.03437 30.68972
1095 104.09168 30.70468
1096 104.0929 30.70694
1097 104.09052 30.70564
1098 104.09011 30.7054
1099 104.09371 30.70651
1100 104.06084 30.67264
1101 104.07185 30.67584
1102 104.09333 30.70592
1103 104.02966 30.68607
1104 104.027 30.68806
1105 104.02356 30.64364
1106 104.02219 30.64267
1107 104.0236 30.64122
1108 104.01367 30.64196
1109 104.01533 30.64261
1110 104.01609 30.6424
1111 104.01738 30.64334
1112 104.01454 30.6423
1113 104.0111 30.65471
1114 104.09411 30.691
1115 104.08912 30.68883
1116 104.08783 30.68691
1117 104.0881 30.6873
1118 104.11785 30.66694
1119 104.11258 30.66753
1120 104.11818 30.66909
1121 104.12198 30.6731
1122 104.11718 30.67165
1123 104.12291 30.67905
1124 104.12414 30.67767
1125 104.07788 30.6859
1126 104.11057 30.65646
1127 104.11223 30.65644
1128 104.11029 30.65418
1129 104.12972 30.65564
1130 104.12697 30.65799
1131 104.1271 30.65301
1132 104.0936 30.66738
1133 104.08355 30.67441
1134 104.08434 30.67497
1135 104.1377 30.67785
1136 104.13167 30.6824
1137 104.00486 30.67527
1138 104.00302 30.67548
1139 104.07647 30.64797
1140 104.14759 30.68784
1141 104.14774 30.688
1142 104.1447 30.68965
1143 104.14482 30.68976
1144 104.13689 30.69586
1145 104.01419 30.71593
1146 104.01003 30.72097
1147 104.00495 30.72903
1148 104.00517 30.72903
1149 104.09578 30.67463
1150 104.03707 30.70733
1151 104.03567 30.70644
1152 104.00777 30.70546
1153 104.03329 30.71224
1154 104.04979 30.70959
1155 104.04727 30.70692
1156 104.04983 30.70679
1157 104.06817 30.70263
1158 104.03898 30.67841
1159 104.05517 30.67989
1160 104.07526 30.67689
1161 104.13535 30.67494
1162 104.13744 30.67565
1163 104.13821 30.67552
1164 104.1379 30.67623
1165 104.13841 30.6768
1166 104.13899 30.67541
1167 104.13906 30.67358
1168 104.13989 30.67386
1169 104.14022 30.67329
1170 104.14144 30.67334
1171 104.13965 30.67581
1172 104.14118 30.67629
1173 104.14239 30.67667
1174 104.14149 30.67557
1175 104.13874 30.67721
1176 104.142 30.67764
1177 104.14173 30.67823
1178 104.14339 30.67869
1179 104.14323 30.67953
1180 104.13778 30.67793
1181 104.13786 30.67319
1182 104.07672 30.68199
1183 104.01883 30.6883
1184 104.02099 30.68725
1185 104.02357 30.68555
1186 104.01052 30.68936
1187 104.14652 30.67374
1188 104.14648 30.67386
1189 104.14633 30.67426
1190 104.14608 30.6749
1191 104.14598 30.67522
1192 104.14547 30.67359
1193 104.14765 30.67416
1194 104.14746 30.67455
1195 104.14649 30.6794
1196 104.1408 30.68122
1197 104.13567 30.68509
1198 104.14201 30.68534
1199 104.13706 30.68645
1200 104.13731 30.68385
1201 104.1402 30.68674
1202 104.0601 30.66239
1203 104.07259 30.67696
1204 104.07149 30.6775
1205 104.07313 30.67778
1206 104.07647 30.67894
1207 104.07546 30.67938
1208 104.05471 30.6572
1209 104.0658 30.66957
1210 104.06057 30.69165
1211 104.06366 30.69162
1212 104.05918 30.69088
1213 104.06056 30.69087
1214 104.06056 30.69008
1215 104.05732 30.68842
1216 104.05717 30.68949
1217 104.05703 30.69262
1218 104.05749 30.69637
1219 104.0576 30.68828
1220 104.05761 30.68782
1221 104.05694 30.68768
1222 104.05857 30.68827
1223 104.06008 30.68549
1224 104.06733 30.68279
1225 104.06947 30.68192
1226 104.06841 30.68498
1227 104.06754 30.6832
1228 104.05763 30.70077
1229 104.05659 30.69654
1230 104.05665 30.69692
1231 104.04677 30.69965
1232 104.04825 30.69753
1233 104.04795 30.69736
1234 104.04911 30.69806
1235 104.06483 30.6754
1236 104.10857 30.66607
1237 104.10574 30.65965
1238 104.10494 30.65667
1239 104.11007 30.66761
1240 104.1456 30.7116
1241 104.14538 30.7165
1242 104.14724 30.72793
1243 104.14521 30.71651
1244 104.14504 30.7129
1245 104.14417 30.71208
1246 104.13598 30.71704
1247 104.14559 30.72044
1248 104.12515 30.71295
1249 104.11182 30.7147
1250 104.09278 30.71707
1251 104.08665 30.71789
1252 104.08709 30.72193
1253 104.06217 30.68699
1254 104.11072 30.66543
1255 104.11754 30.66685
1256 104.12862 30.66755
1257 104.11883 30.68261
1258 104.12149 30.68514
1259 104.08264 30.66505
1260 104.08452 30.66423
1261 104.08606 30.66381
1262 104.13121 30.66442
1263 104.13111 30.66431
1264 104.11528 30.65683
1265 104.1179 30.65805
1266 104.12492 30.66083
1267 104.09065 30.64455
1268 104.09457 30.64241
1269 104.08973 30.64398
1270 104.09098 30.64263
1271 104.09253 30.64351
1272 104.09394 30.64458
1273 104.09781 30.64064
1274 104.09289 30.64597
1275 104.09542 30.64366
1276 104.08459 30.64443
1277 104.0838 30.64789
1278 104.08516 30.64891
1279 104.08867 30.64465
1280 104.0883 30.64626
1281 104.08941 30.64576
1282 104.08813 30.64351
1283 104.08851 30.64322
1284 104.08873 30.64448
1285 104.0959 30.64169
1286 104.09684 30.64266
1287 104.12451 30.64511
1288 104.08962 30.65026
1289 104.08897 30.64896
1290 104.08987 30.65101
1291 104.00685 30.72599
1292 104.01444 30.7298
1293 104.09884 30.72462
1294 104.09968 30.72169
1295 104.04785 30.71343
1296 104.04554 30.71333
1297 104.03818 30.71256
1298 104.04058 30.7112
1299 104.03856 30.71098
1300 104.03749 30.71025
1301 104.03785 30.71528
1302 104.04004 30.71547
1303 104.04222 30.71569
1304 104.04866 30.71623
1305 104.04682 30.72068
1306 104.04293 30.71892
1307 104.04183 30.71976
1308 104.03771 30.72232
1309 104.04082 30.70591
1310 104.0344 30.70217
1311 104.03761 30.704
1312 104.03619 30.70322
1313 104.0407 30.69959
1314 104.03983 30.70236
1315 104.03842 30.70147
1316 104.03678 30.70037
1317 104.01014 30.70659
1318 104.01133 30.70925
1319 104.00736 30.70971
1320 104.01048 30.71091
1321 104.01311 30.71193
1322 104.00542 30.7125
1323 104.0089 30.71387
1324 104.00491 30.71422
1325 104.01156 30.71489
1326 104.00386 30.7182
1327 104.00081 30.72245
1328 104.06721 30.69786
1329 104.05285 30.64162
1330 104.10886 30.6816
1331 104.02574 30.66074
1332 104.03148 30.66096
1333 104.02633 30.65696
1334 104.02637 30.6564
1335 104.02573 30.65695
1336 104.02236 30.65394
1337 104.00635 30.69129
1338 104.00337 30.68693
1339 104.00095 30.68306
1340 104.00555 30.68092
1341 104.00273 30.67613
1342 104.00415 30.67854
1343 104.00208 30.68488
1344 104.00662 30.68273
1345 104.01111 30.68106
1346 104.01323 30.68046
1347 104.008 30.68506
1348 104.00018 30.68811
1349 104.00346 30.67739
1350 104.02702 30.69255
1351 104.03103 30.69599
1352 104.01353 30.69998
1353 104.01785 30.7017
1354 104.0198 30.70262
1355 104.02164 30.70399
1356 104.01576 30.70088
1357 104.01672 30.69944
1358 104.01485 30.6981
1359 104.01866 30.70051
1360 104.01748 30.69989
1361 104.07965 30.66065
1362 104.08518 30.65804
1363 104.08682 30.6606
1364 104.08368 30.65875
1365 104.0855 30.66124
1366 104.08476 30.66159
1367 104.07631 30.6657
1368 104.0781 30.66482
1369 104.09714 30.65844
1370 104.08767 30.66683
1371 104.06217 30.67456
1372 104.03804 30.67553
1373 104.04226 30.67013
1374 104.04578 30.67341
1375 104.05366 30.6675
1376 104.0443 30.68215
1377 104.04555 30.68599
1378 104.04576 30.68524
1379 104.09086 30.70302
1380 104.09224 30.70234
1381 104.08966 30.70301
1382 104.09169 30.70756
1383 104.0931 30.70986
1384 104.09395 30.71114
1385 104.09635 30.7083
1386 104.09059 30.71071
1387 104.0932 30.71916
1388 104.08688 30.72
1389 104.09656 30.71874
1390 104.09622 30.71662
1391 104.09603 30.71585
1392 104.09256 30.71632
1393 104.08969 30.7175
1394 104.09008 30.71957
1395 104.09479 30.70905
1396 104.09039 30.71739
1397 104.09165 30.71359
1398 104.1123 30.7173
1399 104.10463 30.71829
1400 104.10217 30.71907
1401 104.10413 30.71567
1402 104.10755 30.71792
1403 104.1071 30.71529
1404 104.10675 30.7129
1405 104.07205 30.72286
1406 104.07473 30.72251
1407 104.07454 30.72069
1408 104.10101 30.64339
1409 104.04957 30.65733
1410 104.00319 30.64682
1411 104.00299 30.64825
1412 104.01141 30.64756
1413 104.02443 30.65341
1414 104.02445 30.65028
1415 104.0245 30.64897
1416 104.03051 30.64189
1417 104.01967 30.64065
1418 104.02498 30.64219
1419 104.00249 30.66383
1420 104.01404 30.66437
1421 104.01404 30.66506
1422 104.0101 30.66363
1423 104.01076 30.66522
1424 104.01192 30.66397
1425 104.00013 30.66508
1426 104.00799 30.67689
1427 104.01168 30.67611
1428 104.01119 30.67425
1429 104.04909 30.66259
1430 104.04867 30.66227
1431 104.0485 30.66202
1432 104.05433 30.6504
1433 104.05432 30.64983
1434 104.05169 30.66441
1435 104.05198 30.66492
1436 104.04855 30.66576
1437 104.05128 30.64234
1438 104.05016 30.64023
1439 104.06897 30.70264
1440 104.06655 30.70509
1441 104.06666 30.70262
1442 104.07284 30.69779
1443 104.07195 30.70502
1444 104.07549 30.72477
1445 104.13751 30.67799
1446 104.13905 30.68254
1447 104.14742 30.68795
1448 104.11036 30.70025
1449 104.10763 30.70029
1450 104.1038 30.70034
1451 104.11306 30.70153
1452 104.11038 30.70155
1453 104.10768 30.70162
1454 104.10311 30.70169
1455 104.10767 30.70335
1456 104.11899 30.70323
1457 104.11446 30.70328
1458 104.1132 30.70331
1459 104.11041 30.70485
1460 104.1104 30.70618
1461 104.10344 30.70796
1462 104.06429 30.70078
1463 104.05099 30.6418
1464 104.04466 30.64266
1465 104.04708 30.64028
1466 104.04721 30.6411
1467 104.04737 30.64238
1468 104.04791 30.641
1469 104.04826 30.64143
1470 104.04728 30.64157
1471 104.04863 30.64139
1472 104.04877 30.64224
1473 104.04856 30.64086
1474 104.04503 30.64135
1475 104.04582 30.64044
1476 104.04595 30.64124
1477 104.04611 30.64251
1478 104.04601 30.64174
1479 104.04473 30.64057
1480 104.04521 30.64051
1481 104.04531 30.64132
1482 104.10488 30.64037
1483 104.10424 30.6403
1484 104.07347 30.66165
1485 104.07184 30.66239
1486 104.0782 30.66133
1487 104.07871 30.66218
1488 104.07642 30.66216
1489 104.0776 30.66268
1490 104.07709 30.66185
1491 104.08137 30.66323
1492 104.08073 30.6622
1493 104.07054 30.67068
1494 104.07839 30.66889
1495 104.07953 30.6735
1496 104.07671 30.66967
1497 104.07876 30.67257
1498 104.0778 30.67121
1499 104.06978 30.66264
1500 104.06977 30.66613
1501 104.07052 30.66718
1502 104.07135 30.66835
1503 104.07331 30.66454
1504 104.08636 30.67101
1505 104.08947 30.66954
1506 104.03624 30.71538
1507 104.07172 30.66529
1508 104.06991 30.6511
1509 104.07051 30.66264
1510 104.08444 30.66812
1511 104.06825 30.67175
1512 104.08021 30.66803
1513 104.07443 30.67276
1514 104.07529 30.6741
1515 104.08032 30.67188
1516 104.07943 30.67045
1517 104.08216 30.67103
1518 104.08119 30.66959
1519 104.07234 30.66983
1520 104.07333 30.67126
1521 104.05178 30.64886
1522 104.04482 30.64292
1523 104.05856 30.64833
1524 104.08311 30.64187
1525 104.05424 30.64372
1526 104.05411 30.64379
1527 104.08115 30.64167
1528 104.11442 30.65394
1529 104.11198 30.64358
1530 104.12134 30.65006
1531 104.11208 30.64376
1532 104.11441 30.65329
1533 104.09646 30.64516
1534 104.05148 30.72551
1535 104.05875 30.72348
1536 104.05802 30.66493
1537 104.05798 30.66557
1538 104.05375 30.66605
1539 104.04928 30.66807
1540 104.10079 30.71601
1541 104.0469 30.7249
1542 104.04735 30.72485
1543 104.10124 30.71712
1544 104.04697 30.72533
1545 104.05558 30.71693
1546 104.03453 30.69786
1547 104.05248 30.67559
1548 104.05587 30.67399
1549 104.05501 30.67441
1550 104.03558 30.68744
1551 104.03443 30.68187
1552 104.00954 30.6917
1553 104.00941 30.68751
1554 104.01048 30.69323
1555 104.02312 30.68936
1556 104.02248 30.68627
1557 104.00878 30.69444
1558 104.00862 30.69019
1559 104.02601 30.68714
1560 104.01415 30.69032
1561 104.0235 30.68748
1562 104.00217 30.69919
1563 104.0012 30.69992
1564 104.01409 30.68909
1565 104.00494 30.69715
1566 104.01129 30.6907
1567 104.00837 30.70248
1568 104.01001 30.6967
1569 104.01345 30.68805
1570 104.00905 30.70032
1571 104.05565 30.6844
1572 104.08494 30.70266
1573 104.08188 30.69179
1574 104.07087 30.69268
1575 104.08237 30.7009
1576 104.08282 30.69323
1577 104.0847 30.70092
1578 104.06719 30.69273
1579 104.06114 30.70509
1580 104.06686 30.70911
1581 104.0638 30.70945
1582 104.06255 30.70936
1583 104.07199 30.70269
1584 104.04326 30.70684
1585 104.0317 30.70685
1586 104.04613 30.70696
1587 104.03417 30.70827
1588 104.0468 30.70898
1589 104.03975 30.71755
1590 104.03428 30.71084
1591 104.03003 30.70165
1592 104.03561 30.70914
1593 104.03397 30.70506
1594 104.0442 30.71726
1595 104.03283 30.70992
1596 104.07194 30.70515
1597 104.04304 30.70869
1598 104.04587 30.7085
1599 104.041 30.70709
1600 104.04206 30.71706
1601 104.04586 30.70713
1602 104.00333 30.6577
1603 104.00246 30.6627
1604 104.00436 30.6597
1605 104.03097 30.65656
1606 104.03426 30.6534
1607 104.03321 30.6534
1608 104.00833 30.66012
1609 104.03448 30.6544
1610 104.0833 30.66222
1611 104.08147 30.66318
1612 104.0827 30.66133
1613 104.08082 30.66215
1614 104.08199 30.65956
1615 104.0849 30.66034
1616 104.11607 30.67443
1617 104.09234 30.65993
1618 104.08624 30.6597
1619 104.12528 30.67666
1620 104.11604 30.68471
1621 104.12135 30.67472
1622 104.09143 30.65841
1623 104.07132 30.70728
1624 104.07397 30.70273
1625 104.07395 30.70202
1626 104.07395 30.70089
1627 104.07394 30.70502
1628 104.07128 30.70516
1629 104.07498 30.70855
1630 104.039 30.70483
1631 104.04068 30.7029
1632 104.04276 30.71122
1633 104.07213 30.71558
1634 104.04336 30.71219
1635 104.06181 30.71031
1636 104.07202 30.71562
1637 104.04496 30.70991
1638 104.04313 30.71126
1639 104.04274 30.7114
1640 104.06486 30.71673
1641 104.06533 30.71765
1642 104.06197 30.72127
1643 104.03799 30.71421
1644 104.06152 30.72206
1645 104.07192 30.71471
1646 104.04485 30.71065
1647 104.05024 30.72152
1648 104.04491 30.71024
1649 104.06564 30.71126
1650 104.06582 30.7126
1651 104.04925 30.72242
1652 104.06322 30.71974
1653 104.06629 30.71749
1654 104.06403 30.71157
1655 104.05637 30.72211
1656 104.03305 30.7156
1657 104.07205 30.7147
1658 104.06531 30.70928
1659 104.04999 30.7229
1660 104.04162 30.71287
1661 104.04048 30.71515
1662 104.04083 30.6817
1663 104.04329 30.67641
1664 104.03728 30.68497
1665 104.04426 30.68013
1666 104.05955 30.67324
1667 104.04333 30.67932
1668 104.04272 30.68121
1669 104.01594 30.65213
1670 104.01128 30.65242
1671 104.01378 30.65227
1672 104.00645 30.65243
1673 104.00711 30.65043
1674 104.07421 30.65255
1675 104.03279 30.64879
1676 104.03323 30.64686
1677 104.02443 30.65208
1678 104.02771 30.65022
1679 104.01787 30.6521
1680 104.01946 30.65209
1681 104.02686 30.65209
1682 104.02772 30.65159
1683 104.03333 30.64975
1684 104.01813 30.64742
1685 104.01753 30.64558
1686 104.01877 30.64436
1687 104.02769 30.64895
1688 104.02239 30.64832
1689 104.01586 30.65314
1690 104.02927 30.64892
1691 104.06343 30.67326
1692 104.08086 30.65251
1693 104.06408 30.67289
1694 104.06482 30.67525
1695 104.08184 30.65362
1696 104.08004 30.65456
1697 104.05552 30.64791
1698 104.05803 30.66426
1699 104.05357 30.6687
1700 104.05686 30.66879
1701 104.04979 30.67079
1702 104.05433 30.66365
1703 104.03387 30.67622
1704 104.03593 30.6755
1705 104.0381 30.67471
1706 104.00726 30.70963
1707 104.00528 30.71244
1708 104.0042 30.71606
1709 104.00372 30.71814
1710 104.00071 30.7224
1711 104.00616 30.71919
1712 104.00987 30.72094
1713 104.00133 30.71083
1714 104.00284 30.70794
1715 104.00056 30.71604
1716 104.00166 30.72099
1717 104.00176 30.72105
1718 104.00508 30.72266
1719 104.00203 30.7173
1720 104.02245 30.72917
1721 104.03165 30.71824
1722 104.01447 30.72999
1723 104.01432 30.7299
1724 104.01457 30.72989
1725 104.0107 30.71651
1726 104.00808 30.7155
1727 104.0048 30.71419
1728 104.02167 30.70032
1729 104.0233 30.70162
1730 104.10589 30.70164
1731 104.10599 30.70776
1732 104.10649 30.71128
1733 104.05369 30.67002
1734 104.046 30.6724
1735 104.04971 30.67147
1736 104.04955 30.67204
1737 104.05797 30.66631
1738 104.04945 30.67372
1739 104.05413 30.67258
1740 104.05385 30.67173
1741 104.05775 30.67401
1742 104.05918 30.67254
1743 104.06396 30.674
1744 104.06235 30.67481
1745 104.03257 30.66473
1746 104.03324 30.66376
1747 104.03229 30.66429
1748 104.03113 30.66456
1749 104.02215 30.66294
1750 104.02335 30.66615
1751 104.0234 30.66487
1752 104.03105 30.66562
1753 104.03086 30.66611
1754 104.03099 30.66512
1755 104.03831 30.66866
1756 104.03811 30.66797
1757 104.03802 30.66915
1758 104.03833 30.66917
1759 104.03819 30.67097
1760 104.06624 30.66779
1761 104.06322 30.66773
1762 104.0638 30.66405
1763 104.08065 30.67445
1764 104.00216 30.70622
1765 104.00186 30.70637
1766 104.01628 30.65779
1767 104.01517 30.65776
1768 104.01477 30.65787
1769 104.01385 30.65822
1770 104.01603 30.65641
1771 104.01739 30.65436
1772 104.02531 30.64499
1773 104.02684 30.646
1774 104.01367 30.65875
1775 104.01367 30.65891
1776 104.01351 30.65875
1777 104.01704 30.65893
1778 104.01629 30.65792
1779 104.01615 30.65787
1780 104.01321 30.65818
1781 104.01285 30.65847
1782 104.01326 30.65694
1783 104.0689 30.65503
1784 104.06751 30.6563
1785 104.01643 30.65801
1786 104.01733 30.65564
1787 104.01714 30.6587
1788 104.01618 30.6559
1789 104.03507 30.64756
1790 104.03437 30.64756
1791 104.09006 30.70623
1792 104.07046 30.65728
1793 104.08173 30.65086
1794 104.07926 30.65307
1795 104.08123 30.65218
1796 104.08224 30.65171
1797 104.08275 30.65148
1798 104.09336 30.64655
1799 104.09095 30.64793
1800 104.09081 30.648
1801 104.09038 30.64819
1802 104.0879 30.64925
1803 104.08361 30.6511
1804 104.08581 30.65016
1805 104.06722 30.7268
1806 104.14418 30.71094
1807 104.13341 30.71399
1808 104.13299 30.71439
1809 104.13402 30.71473
1810 104.13359 30.715
1811 104.12818 30.71725
1812 104.12735 30.71734
1813 104.10796 30.69116
1814 104.10977 30.69154
1815 104.08915 30.67516
1816 104.08922 30.67503
1817 104.09669 30.6843
1818 104.09666 30.68452
1819 104.10641 30.67679
1820 104.02943 30.7203
1821 104.0018 30.67393
1822 104.00696 30.72603
1823 104.08126 30.70448
1824 104.00268 30.67606
1825 104.04192 30.68585
1826 104.04003 30.68737
1827 104.04713 30.69202
1828 104.04868 30.69228
1829 104.00599 30.65878
1830 104.00026 30.67719
1831 104.00034 30.67732
1832 104.00107 30.6785
1833 104.00178 30.67964
1834 104.00482 30.67968
1835 104.00249 30.68078
1836 104.0002 30.68186
1837 104.00325 30.68201
1838 104.00436 30.6838
1839 104.00608 30.68472
1840 104.0027 30.68587
1841 104.02661 30.72854
1842 104.0561 30.68269
1843 104.06007 30.68382
1844 104.06022 30.68396
1845 104.14756 30.68811
1846 104.10609 30.69639
1847 104.10425 30.69877
1848 104.10436 30.69883
1849 104.09384 30.70004
1850 104.09692 30.70011
1851 104.09838 30.70015
1852 104.10089 30.70169
1853 104.09692 30.70172
1854 104.09384 30.70174
1855 104.14489 30.65501
1856 104.14429 30.65223
1857 104.09044 30.67656
1858 104.0583 30.67643
1859 104.04699 30.72483
1860 104.04723 30.72475
1861 104.07611 30.68638
1862 104.07249 30.65031
1863 104.07418 30.65272
1864 104.07588 30.65466
1865 104.0155 30.64072
1866 104.01562 30.6409
1867 104.01675 30.64172
1868 104.01809 30.64238
1869 104.018 30.64261
1870 104.02228 30.64551
1871 104.02179 30.64543
1872 104.04107 30.64531
1873 104.04312 30.64617
1874 104.04449 30.64654
1875 104.04336 30.64719
1876 104.08779 30.64252
1877 104.08734 30.64295
1878 104.08739 30.64306
1879 104.08669 30.64334
1880 104.08679 30.64351
1881 104.08603 30.6438
1882 104.08607 30.64389
1883 104.07291 30.65079
1884 104.07276 30.65083
1885 104.07104 30.65125
1886 104.07087 30.65135
1887 104.07026 30.65176
1888 104.06944 30.65255
1889 104.06783 30.65363
1890 104.06791 30.65373
1891 104.06636 30.65479
1892 104.06622 30.65466
1893 104.06628 30.65485
1894 104.06637 30.65496
1895 104.02001 30.65032
1896 104.00606 30.64045
1897 104.13719 30.64332
1898 104.05547 30.70083
1899 104.05504 30.70135
1900 104.08234 30.69668
1901 104.0909 30.64814
1902 104.09104 30.64807
1903 104.06946 30.66081
1904 104.07109 30.66106
1905 104.14958 30.71252
1906 104.14856 30.71533
1907 104.14115 30.71617
1908 104.132 30.71885
1909 104.13265 30.71935
1910 104.12308 30.72004
1911 104.1167 30.72007
1912 104.12859 30.72032
1913 104.11824 30.72051
1914 104.12826 30.72068
1915 104.11046 30.7206
1916 104.12782 30.72098
1917 104.11878 30.72109
1918 104.11907 30.72131
1919 104.11806 30.72161
1920 104.11963 30.72186
1921 104.11844 30.72196
1922 104.125 30.72212
1923 104.1204 30.72262
1924 104.11893 30.72269
1925 104.05616 30.72321
1926 104.0535 30.72357
1927 104.11171 30.72384
1928 104.11254 30.72602
1929 104.11215 30.72612
1930 104.08087 30.72757
1931 104.08084 30.72781
1932 104.11255 30.72832
1933 104.1008 30.72913
1934 104.11188 30.72969
1935 104.11177 30.72974
1936 104.13479 30.67126
1937 104.13446 30.66891
1938 104.13791 30.66865
1939 104.14 30.67065
1940 104.14239 30.66873
1941 104.14467 30.66763
1942 104.14503 30.66737
1943 104.14754 30.66839
1944 104.14791 30.66854
1945 104.08926 30.66205
1946 104.08812 30.66259
1947 104.08618 30.66402
1948 104.13703 30.64307
1949 104.13719 30.64309
1950 104.09624 30.68989
1951 104.07877 30.69708
1952 104.08015 30.69687
1953 104.07857 30.69688
1954 104.10171 30.71896
1955 104.10311 30.72091
1956 104.10328 30.72147
1957 104.10258 30.72151
1958 104.1048 30.72585
1959 104.10554 30.72779
1960 104.04978 30.72279
1961 104.04728 30.72497
1962 104.04686 30.72529
1963 104.04563 30.72786
1964 104.11261 30.65306
1965 104.11199 30.65329
1966 104.11204 30.65342
1967 104.11464 30.64249
1968 104.11091 30.6438
1969 104.11164 30.64416
1970 104.10612 30.65156
1971 104.08509 30.65321
1972 104.08381 30.65376
1973 104.12124 30.70547
1974 104.10895 30.70565
1975 104.10591 30.70343
1976 104.10315 30.70344
1977 104.12192 30.70043
1978 104.12282 30.70797
1979 104.10927 30.71095
1980 104.10208 30.70349
1981 104.12151 30.70345
1982 104.1104 30.70564
1983 104.04559 30.6859
1984 104.04287 30.68477
1985 104.03964 30.68761
1986 104.02036 30.64758
1987 104.0537 30.66271
1988 104.01994 30.65209
1989 104.03255 30.6407
1990 104.03793 30.67485
1991 104.05937 30.68088
1992 104.03872 30.67855
1993 104.05543 30.67516
1994 104.05091 30.6567
1995 104.0453 30.68104
1996 104.06823 30.66957
1997 104.05831 30.66236
1998 104.04238 30.68409
1999 104.03805 30.67096
2000 104.06658 30.67648
2001 104.06836 30.67174
2002 104.06858 30.66098
2003 104.03941 30.67968
2004 104.05926 30.67785
2005 104.05381 30.66261
2006 104.05314 30.66111
2007 104.05367 30.67107
2008 104.0686 30.6608
2009 104.05836 30.6606
2010 104.05363 30.66609
2011 104.05374 30.67176
2012 104.03811 30.66848
2013 104.05788 30.67304
2014 104.05286 30.66022
2015 104.05332 30.66166
2016 104.01984 30.64745
2017 104.03598 30.64306
2018 104.04069 30.68166
2019 104.06566 30.67501
2020 104.06022 30.68382
2021 104.05577 30.66081
2022 104.04127 30.66692
2023 104.01908 30.66483
2024 104.02193 30.64528
2025 104.05785 30.67408
2026 104.05141 30.67703
2027 104.05924 30.68087
2028 104.06768 30.67798
2029 104.05803 30.67078
2030 104.05007 30.6556
2031 104.01952 30.65037
2032 104.06997 30.67299
2033 104.05798 30.67658
2034 104.05355 30.66755
2035 104.05394 30.67236
2036 104.05355 30.66971
2037 104.0582 30.66344
2038 104.05375 30.66284
2039 104.04888 30.67858
2040 104.04329 30.66591
2041 104.0543 30.67331
2042 104.0581 30.6606
2043 104.06555 30.67506
2044 104.06843 30.66264
2045 104.06897 30.6733
2046 104.06828 30.66614
2047 104.05533 30.6752
2048 104.05808 30.66936
2049 104.04471 30.66521
2050 104.03893 30.66807
2051 104.04233 30.68445
2052 104.04777 30.66381
2053 104.05805 30.66263
2054 104.05794 30.67134
2055 104.03627 30.69184
2056 104.02069 30.64718
2057 104.07162 30.67221
2058 104.0383 30.66839
2059 104.05528 30.67511
2060 104.06799 30.65697
2061 104.05466 30.68787
2062 104.06316 30.66481
2063 104.04142 30.68298
2064 104.06298 30.67145
2065 104.05347 30.66871
2066 104.04222 30.68427
2067 104.06547 30.67494
2068 104.05775 30.67413
2069 104.06319 30.67601
2070 104.04984 30.68674
2071 104.03773 30.71614
2072 104.01732 30.64329
2073 104.0386 30.65409
2074 104.01111 30.6546
2075 104.03037 30.65017
2076 104.05225 30.68742
2077 104.01979 30.65418
2078 104.00563 30.66761
2079 104.00943 30.67911
2080 104.0126 30.68324
2081 104.00627 30.65449
2082 104.01099 30.6811
2083 104.02441 30.65329
2084 104.00547 30.66346
2085 104.00643 30.67171
2086 104.04977 30.65502
2087 104.02971 30.65327
2088 104.04987 30.68698
2089 104.04764 30.68647
2090 104.04072 30.70585
2091 104.03632 30.71528
2092 104.01979 30.65431
2093 104.05192 30.68721
2094 104.01794 30.64256
2095 104.01595 30.64744
2096 104.01578 30.65453
2097 104.03452 30.7142
2098 104.04227 30.70384
2099 104.04425 30.65412
2100 104.04741 30.69666
2101 104.05323 30.68134
2102 104.00576 30.66758
2103 104.05224 30.68733
2104 104.02737 30.67124
2105 104.03873 30.65409
2106 104.00598 30.65476
2107 104.02964 30.67085
2108 104.01571 30.65438
2109 104.01412 30.68538
2110 104.00723 30.67462
2111 104.03426 30.71405
2112 104.0157 30.65428
2113 104.04611 30.69855
2114 104.04516 30.69992
2115 104.03844 30.65763
2116 104.03851 30.65549
2117 104.00107 30.66809
2118 104.01908 30.66472
2119 104.00602 30.65447
2120 104.04993 30.68676
2121 104.01939 30.65432
2122 104.01951 30.66472
2123 104.03477 30.65329
2124 104.01606 30.64492
2125 104.04769 30.68639
2126 104.03878 30.64856
2127 104.01587 30.65214
2128 104.01601 30.6504
2129 104.04854 30.69226
2130 104.03874 30.70838
2131 104.04834 30.69379
2132 104.0067 30.6474
2133 104.04986 30.6553
2134 104.01992 30.70647
2135 104.00592 30.65562
2136 104.04978 30.68696
2137 104.04403 30.70154
2138 104.01033 30.65467
2139 104.0386 30.65419
2140 104.01152 30.6661
2141 104.03168 30.67051
2142 104.01939 30.6542
2143 104.05507 30.67982
2144 104.03499 30.66996
2145 104.03737 30.71018
2146 104.03608 30.71185
2147 104.0488 30.6905
2148 104.08457 30.64437
2149 104.08803 30.64181
2150 104.0595 30.67315
2151 104.05795 30.66708
2152 104.05808 30.6671
2153 104.06299 30.6716
2154 104.06311 30.67152
2155 104.03763 30.69276
2156 104.03601 30.69232
2157 104.03627 30.69196
2158 104.03588 30.69125
2159 104.03514 30.69087
2160 104.03524 30.69072
2161 104.03576 30.69222
2162 104.03586 30.69238
2163 104.03611 30.70329
2164 104.04722 30.69699
2165 104.05485 30.69694
2166 104.04066 30.70591
2167 104.00409 30.7039
2168 104.03431 30.70224
2169 104.03894 30.70493
2170 104.00204 30.70596
2171 104.05485 30.69723
2172 104.03277 30.70601
2173 104.00355 30.70441
2174 104.04372 30.6963
2175 104.03745 30.70409
2176 104.00184 30.70624
2177 104.05771 30.6972
2178 104.0423 30.69586
2179 104.04737 30.697
2180 104.04094 30.69502
2181 104.03753 30.69256
2182 104.03896 30.69396
2183 104.03797 30.70564
2184 104.04078 30.70597
2185 104.04166 30.69602
2186 104.07241 30.64885
2187 104.07024 30.64886
2188 104.05755 30.64878
2189 104.08052 30.64574
2190 104.06024 30.65307
2191 104.05491 30.64501
2192 104.05549 30.65225
2193 104.05646 30.65343
2194 104.05811 30.65021
2195 104.05828 30.65657
2196 104.0724 30.64863
2197 104.05612 30.64651
2198 104.05369 30.65021
2199 104.07533 30.64833
2200 104.00857 30.64317
2201 104.05495 30.6515
2202 104.07256 30.64884
2203 104.07464 30.64848
2204 104.05488 30.65143
2205 104.07839 30.6468
2206 104.06037 30.6531
2207 104.05724 30.64883
2208 104.05501 30.645
2209 104.0582 30.65032
2210 104.05941 30.65204
2211 104.05617 30.64709
2212 104.07463 30.64843
2213 104.05407 30.65064
2214 104.07256 30.64862
2215 104.07278 30.64881
2216 104.05844 30.6502
2217 104.05486 30.65156
2218 104.05837 30.65009
2219 104.0945 30.66778
2220 104.1407 30.65197
2221 104.11334 30.64807
2222 104.11406 30.65034
2223 104.12389 30.65328
2224 104.11502 30.65314
2225 104.11014 30.64973
2226 104.12028 30.65888
2227 104.11846 30.64579
2228 104.11064 30.64232
2229 104.11685 30.64392
2230 104.11792 30.6579
2231 104.12537 30.65043
2232 104.11345 30.64812
2233 104.13673 30.65141
2234 104.11181 30.64365
2235 104.10981 30.64985
2236 104.11192 30.64383
2237 104.11337 30.64815
2238 104.11265 30.64594
2239 104.13935 30.65198
2240 104.12146 30.65001
2241 104.1184 30.65333
2242 104.11836 30.64584
2243 104.12713 30.65009
2244 104.05785 30.67397
2245 104.07068 30.69055
2246 104.03831 30.6614
2247 104.0069 30.72586
2248 104.00085 30.72232
2249 104.07064 30.68824
2250 104.07065 30.68838
2251 104.07071 30.69269
2252 104.04481 30.66516
2253 104.00076 30.72228
2254 104.00702 30.72589
2255 104.07071 30.69482
2256 104.07 30.68475
2257 104.04222 30.66038
2258 104.05674 30.64748
2259 104.05109 30.65404
2260 104.04738 30.65843
2261 104.04941 30.66328
2262 104.04816 30.66147
2263 104.04664 30.66816
2264 104.04806 30.66484
2265 104.05014 30.66329
2266 104.06051 30.65637
2267 104.06056 30.65694
2268 104.02284 30.68022
2269 104.01289 30.67974
2270 104.01963 30.68791
2271 104.03779 30.68553
2272 104.06176 30.65911
2273 104.11017 30.66661
2274 104.11229 30.65869
2275 104.06327 30.71475
2276 104.06654 30.70519
2277 104.06148 30.70306
2278 104.05876 30.7051
2279 104.06421 30.71274
2280 104.06112 30.70678
2281 104.0652 30.70722
2282 104.06726 30.70732
2283 104.11797 30.66443
2284 104.07274 30.6486
2285 104.07218 30.64865
2286 104.07221 30.64885
2287 104.0179 30.69114
2288 104.14642 30.675
2289 104.08363 30.72555
2290 104.12416 30.71013
2291 104.11674 30.71045
2292 104.11423 30.71056
2293 104.1113 30.7107
2294 104.00702 30.68016
2295 104.00694 30.67971
2296 104.00621 30.6786
2297 104.00587 30.67855
2298 104.00453 30.67918
2299 104.00731 30.68003
2300 104.00823 30.67754
2301 104.00764 30.67996
2302 104.0086 30.67431
2303 104.00844 30.67363
2304 104.00864 30.67311
2305 104.00967 30.67103
2306 104.00923 30.67183
2307 104.01464 30.6726
2308 104.01415 30.67048
2309 104.01241 30.66772
2310 104.01283 30.66702
2311 104.00197 30.65869
2312 104.00206 30.65908
2313 104.00261 30.65873
2314 104.00239 30.6587
2315 104.00166 30.65705
2316 104.00198 30.65779
2317 104.00162 30.65793
2318 104.00217 30.65684
2319 104.00219 30.65616
2320 104.00247 30.65614
2321 104.00269 30.65678
2322 104.00259 30.65584
2323 104.00101 30.65959
2324 104.00593 30.65974
2325 104.00589 30.66036
2326 104.05815 30.67923
2327 104.05835 30.6791
2328 104.06958 30.66103
2329 104.06958 30.6608
2330 104.06398 30.64604
2331 104.05952 30.64552
2332 104.06955 30.64517
2333 104.0707 30.64519
2334 104.05628 30.6425
2335 104.0552 30.64319
2336 104.05643 30.64696
2337 104.05626 30.64477
2338 104.05738 30.64653
2339 104.05702 30.64604
2340 104.07073 30.64332
2341 104.03125 30.64637
2342 104.07374 30.67869
2343 104.06795 30.67378
2344 104.08671 30.665
2345 104.08675 30.66512
2346 104.07597 30.65479
2347 104.08299 30.65451
2348 104.08426 30.65657
2349 104.07445 30.65311
2350 104.07992 30.66053
2351 104.06864 30.65826
2352 104.06869 30.65852
2353 104.12349 30.71314
2354 104.12275 30.71021
2355 104.12407 30.71543
2356 104.12809 30.7145
2357 104.12735 30.71243
2358 104.13017 30.71324
2359 104.12715 30.71104
2360 104.12889 30.71205
2361 104.13102 30.7061
2362 104.13227 30.70972
2363 104.12451 30.70651
2364 104.11883 30.7048
2365 104.12356 30.70851
2366 104.14744 30.72119
2367 104.14537 30.71507
2368 104.14521 30.71507
2369 104.13906 30.69794
2370 104.12301 30.65203
2371 104.12285 30.65195
2372 104.13092 30.64853
2373 104.13091 30.64977
2374 104.12887 30.66254
2375 104.12615 30.66662
2376 104.12896 30.66243
2377 104.14132 30.66261
2378 104.14409 30.66396
2379 104.14084 30.66061
2380 104.14258 30.66246
2381 104.14316 30.66307
2382 104.13988 30.66277
2383 104.14728 30.66155
2384 104.14883 30.68735
2385 104.14944 30.6898
2386 104.14665 30.6915
2387 104.14726 30.69209
2388 104.14726 30.69386
2389 104.14579 30.69502
2390 104.1424 30.69169
2391 104.14415 30.6934
2392 104.13977 30.69376
2393 104.13967 30.69367
2394 104.13606 30.6901
2395 104.13716 30.69565
2396 104.13725 30.69574
2397 104.13698 30.69595
2398 104.1438 30.68421
2399 104.14343 30.68448
2400 104.13871 30.68806
2401 104.13861 30.68797
2402 104.14329 30.68438
2403 104.14385 30.68395
2404 104.13873 30.68527
2405 104.1405 30.6839
2406 104.14215 30.68255
2407 104.14888 30.68114
2408 104.14913 30.68102
2409 104.14949 30.67824
2410 104.14857 30.6759
2411 104.14809 30.6773
2412 104.14908 30.67428
2413 104.14667 30.67798
2414 104.14767 30.67568
2415 104.14517 30.70984
2416 104.14533 30.71114
2417 104.1451 30.71083
2418 104.14515 30.71177
2419 104.1405 30.7124
2420 104.13897 30.71228
2421 104.1402 30.71193
2422 104.14071 30.71199
2423 104.14699 30.71087
2424 104.1444 30.70654
2425 104.14576 30.7109
2426 104.1442 30.70657
2427 104.14704 30.71109
2428 104.14073 30.71223
2429 104.11867 30.6407
2430 104.11981 30.64016
2431 104.03008 30.71787
2432 104.03003 30.71627
2433 104.03146 30.7173
2434 104.03206 30.7169
2435 104.03577 30.72129
2436 104.03242 30.71801
2437 104.03323 30.7186
2438 104.03598 30.72114
2439 104.03358 30.71909
2440 104.03166 30.71914
2441 104.03226 30.71705
2442 104.03125 30.71791
2443 104.03333 30.71575
2444 104.03057 30.71641
2445 104.03174 30.71692
2446 104.03229 30.71722
2447 104.03306 30.71946
2448 104.02967 30.71671
2449 104.02563 30.71331
2450 104.02648 30.71416
2451 104.02813 30.7155
2452 104.01762 30.70939
2453 104.01773 30.70875
2454 104.0946 30.65428
2455 104.09342 30.65241
2456 104.09231 30.65042
2457 104.09241 30.65035
2458 104.09367 30.6523
2459 104.00325 30.70328
2460 104.00788 30.69897
2461 104.00463 30.70322
2462 104.00562 30.70241
2463 104.00551 30.70285
2464 104.00576 30.70387
2465 104.0051 30.70362
2466 104.00466 30.70431
2467 104.00506 30.70224
2468 104.13729 30.64119
2469 104.0789 30.67771
2470 104.08273 30.6766
2471 104.07744 30.6801
2472 104.07454 30.68109
2473 104.07598 30.68066
2474 104.10929 30.69415
2475 104.12139 30.68503
2476 104.12416 30.68319
2477 104.1217 30.68497
2478 104.12622 30.68154
2479 104.12617 30.68137
2480 104.12164 30.68483
2481 104.05893 30.68388
2482 104.05896 30.68373
2483 104.06042 30.68395
2484 104.01922 30.65961
2485 104.01959 30.66341
2486 104.01951 30.66483
2487 104.03342 30.68874
2488 104.03307 30.689
2489 104.03569 30.69099
2490 104.03525 30.69062
2491 104.03384 30.68951
2492 104.03706 30.69219
2493 104.03716 30.69235
2494 104.00535 30.71236
2495 104.00548 30.71242
2496 104.00897 30.71374
2497 104.01161 30.7148
2498 104.01417 30.71581
2499 104.01425 30.71586
2500 104.00263 30.70266
2501 104.00808 30.72012
2502 104.00373 30.72377
2503 104.00361 30.72385
2504 104.00199 30.72515
2505 104.00061 30.72614
2506 104.00243 30.72308
2507 104.00324 30.72177
2508 104.00107 30.70725
2509 104.00722 30.7097
2510 104.0028 30.708
2511 104.00098 30.70731
2512 104.11156 30.7123
2513 104.11484 30.71429
2514 104.1137 30.70772
2515 104.1135 30.70637
2516 104.1104 30.70775
2517 104.11699 30.71188
2518 104.11736 30.71397
2519 104.10709 30.7152
2520 104.10411 30.71558
2521 104.11181 30.71458
2522 104.11483 30.71418
2523 104.11734 30.71385
2524 104.12028 30.71347
2525 104.12347 30.71307
2526 104.12511 30.71286
2527 104.12014 30.70512
2528 104.1189 30.70828
2529 104.1195 30.71034
2530 104.1203 30.71356
2531 104.12918 30.68424
2532 104.1286 30.6836
2533 104.1315 30.67763
2534 104.13238 30.68186
2535 104.13541 30.68483
2536 104.13505 30.6851
2537 104.13149 30.68253
2538 104.00504 30.68937
2539 104.09233 30.64061
2540 104.09505 30.64038
2541 104.10063 30.72164
2542 104.10174 30.72504
2543 104.10391 30.72443
2544 104.10143 30.72415
2545 104.10376 30.72448
2546 104.10195 30.72229
2547 104.10079 30.72219
2548 104.00162 30.64794
2549 104.0116 30.64116
2550 104.0103 30.64354
2551 104.01366 30.64752
2552 104.00899 30.65041
2553 104.05891 30.66062
2554 104.11684 30.6413
2555 104.04068 30.64204
2556 104.08508 30.64159
2557 104.11529 30.64226
2558 104.11516 30.64209
2559 104.08252 30.64045
2560 104.07877 30.65927
2561 104.04193 30.64087
2562 104.08353 30.64085
2563 104.03908 30.64428
2564 104.07193 30.6609
2565 104.0589 30.66075
2566 104.11543 30.64219
2567 104.04112 30.64523
2568 104.04316 30.64609
2569 104.04314 30.64025
2570 104.07282 30.66092
2571 104.09361 30.6522
2572 104.07469 30.66089
2573 104.03892 30.64732
2574 104.07481 30.66106
2575 104.08627 30.65562
2576 104.08531 30.65621
2577 104.09336 30.65231
2578 104.11528 30.64202
2579 104.08432 30.65666
2580 104.08109 30.65818
2581 104.10356 30.64757
2582 104.09791 30.6502
2583 104.03906 30.64442
2584 104.12752 30.67137
2585 104.09982 30.66428
2586 104.09338 30.70372
2587 104.10633 30.66401
2588 104.08071 30.68468
2589 104.072 30.72206
2590 104.07221 30.72283
2591 104.12653 30.67385
2592 104.09481 30.70598
2593 104.10568 30.6777
2594 104.11962 30.66761
2595 104.1172 30.66653
2596 104.1125 30.65786
2597 104.11095 30.66472
2598 104.13492 30.675
2599 104.10829 30.66394
2600 104.13476 30.67487
2601 104.09234 30.70228
2602 104.08692 30.69418
2603 104.1176 30.6667
2604 104.08938 30.69806
2605 104.12744 30.67149
2606 104.07398 30.72524
2607 104.11128 30.6648
2608 104.11018 30.6668
2609 104.08931 30.69797
2610 104.10147 30.66422
2611 104.11974 30.66751
2612 104.11266 30.66695
2613 104.09467 30.70607
2614 104.08529 30.69172
2615 104.08079 30.68481
2616 104.07182 30.72204
2617 104.14874 30.68729
2618 104.13501 30.7134
2619 104.14747 30.72113
2620 104.1423 30.69159
2621 104.13316 30.66251
2622 104.13702 30.65149
2623 104.13701 30.6512
2624 104.13608 30.65693
2625 104.13698 30.64578
2626 104.11852 30.65563
2627 104.12059 30.65779
2628 104.12728 30.66493
2629 104.12151 30.65501
2630 104.12399 30.65487
2631 104.11829 30.65632
2632 104.10832 30.64304
2633 104.1215 30.65589
2634 104.05189 30.69839
2635 104.05229 30.69768
2636 104.05252 30.69795
2637 104.05228 30.69837
2638 104.0519 30.69767
2639 104.05191 30.69725
2640 104.0523 30.69725
2641 104.05383 30.70207
2642 104.05382 30.70076
2643 104.05272 30.70077
2644 104.05374 30.69852
2645 104.05009 30.70203
2646 104.04829 30.70406
2647 104.05351 30.70206
2648 104.05353 30.70394
2649 104.0522 30.70395
2650 104.05171 30.70355
2651 104.05423 30.70394
2652 104.04771 30.70028
2653 104.04864 30.70022
2654 104.05046 30.69802
2655 104.05094 30.69913
2656 104.09483 30.67696
2657 104.0952 30.64857
2658 104.12918 30.64495
2659 104.13339 30.64515
2660 104.12786 30.64356
2661 104.14558 30.68907
2662 104.14211 30.68548
2663 104.13755 30.68114
2664 104.11897 30.7027
2665 104.11639 30.70326
2666 104.11826 30.70205
2667 104.11641 30.70179
2668 104.11453 30.70179
2669 104.10457 30.70033
2670 104.10263 30.70169
2671 104.10398 30.70331
2672 104.10452 30.70167
2673 104.09848 30.70579
2674 104.09979 30.70358
2675 104.0961 30.70536
2676 104.09949 30.70625
2677 104.09697 30.70518
2678 104.09692 30.70291
2679 104.09475 30.70323
2680 104.09163 30.70261
2681 104.08834 30.70297
2682 104.0914 30.71089
2683 104.09101 30.71178
2684 104.0955 30.71407
2685 104.09402 30.71125
2686 104.02411 30.72759
2687 104.07479 30.72499
2688 104.11041 30.65965
2689 104.11013 30.66244
2690 104.10938 30.66426
2691 104.12377 30.67083
2692 104.12408 30.66983
2693 104.12416 30.66971
2694 104.12523 30.6681
2695 104.12684 30.67251
2696 104.05467 30.69294
2697 104.05655 30.68826
2698 104.09801 30.71967
2699 104.09606 30.7188
2700 104.09826 30.72114
2701 104.12637 30.71763
2702 104.12652 30.71728
2703 104.12605 30.71557
2704 104.12642 30.71604
2705 104.12683 30.71716
2706 104.12717 30.71739
2707 104.03783 30.68979
2708 104.04709 30.64672
2709 104.0513 30.6486
2710 104.06081 30.65886
2711 104.06078 30.66061
2712 104.00031 30.69403
2713 104.00614 30.69877
2714 104.00547 30.66358
2715 104.00249 30.66372
2716 104.00021 30.65559
2717 104.00018 30.65522
2718 104.00022 30.65538
2719 104.00168 30.65588
2720 104.00144 30.64875
2721 104.00084 30.64888
2722 104.00082 30.64913
2723 104.00089 30.64932
2724 104.0001 30.64949
2725 104.00144 30.6492
2726 104.00029 30.64745
2727 104.00349 30.65929
2728 104.00051 30.65885
2729 104.00186 30.64612
2730 104.00279 30.65138
2731 104.10253 30.72089
2732 104.07749 30.69257
2733 104.07083 30.68837
2734 104.06714 30.68844
2735 104.07299 30.64481
2736 104.07075 30.69689
2737 104.07081 30.69711
2738 104.06893 30.67147
2739 104.06824 30.66767
2740 104.06989 30.67287
2741 104.05812 30.66598
2742 104.05735 30.65801
2743 104.10265 30.67677
2744 104.10196 30.67655
2745 104.09587 30.6747
2746 104.09575 30.67469
2747 104.0959 30.67464
2748 104.11375 30.68011
2749 104.11379 30.68002
2750 104.11638 30.68094
2751 104.1187 30.68166
2752 104.1187 30.68156
2753 104.12048 30.68198
2754 104.12388 30.68304
2755 104.12396 30.68331
2756 104.11641 30.68086
2757 104.09293 30.67384
2758 104.08782 30.67322
2759 104.09656 30.67257
2760 104.09742 30.67042
2761 104.09829 30.6683
2762 104.09981 30.66438
2763 104.09993 30.66428
2764 104.00431 30.6416
2765 104.0036 30.64119
2766 104.0039 30.64034
2767 104.00423 30.64001
2768 104.00548 30.64012
2769 104.00188 30.64022
2770 104.00319 30.64095
2771 104.00217 30.64229
2772 104.09181 30.69999
2773 104.08599 30.70027
2774 104.08754 30.70051
2775 104.08657 30.70517
2776 104.0849 30.70723
2777 104.08938 30.70425
2778 104.08834 30.70352
2779 104.08816 30.70657
2780 104.08916 30.70571
2781 104.09159 30.71341
2782 104.093 30.71494
2783 104.09219 30.7152
2784 104.09186 30.71422
2785 104.09242 30.71403
2786 104.09352 30.71476
2787 104.0937 30.71514
2788 104.09452 30.71605
2789 104.09346 30.71578
2790 104.09473 30.71258
2791 104.09418 30.71278
2792 104.09213 30.70734
2793 104.09119 30.70498
2794 104.09615 30.70838
2795 104.10843 30.72044
2796 104.10912 30.72022
2797 104.1227 30.7187
2798 104.12266 30.71847
2799 104.12314 30.71821
2800 104.08948 30.71265
2801 104.09053 30.71563
2802 104.08833 30.7147
2803 104.09045 30.71651
2804 104.08779 30.71631
2805 104.0888 30.71384
2806 104.08613 30.71339
2807 104.08781 30.71281
2808 104.08761 30.71335
2809 104.0844 30.71312
2810 104.08541 30.71594
2811 104.08472 30.71429
2812 104.08337 30.71314
2813 104.08371 30.71496
2814 104.08501 30.71484
2815 104.08339 30.71506
2816 104.08034 30.71317
2817 104.08039 30.72004
2818 104.07982 30.70638
2819 104.08074 30.7069
2820 104.07422 30.71866
2821 104.07436 30.71961
2822 104.08238 30.7167
2823 104.08174 30.71766
2824 104.08028 30.71788
2825 104.0741 30.71673
2826 104.07155 30.72089
2827 104.05948 30.72544
2828 104.07251 30.72921
2829 104.06745 30.72705
2830 104.0717 30.72638
2831 104.07244 30.72624
2832 104.08241 30.72387
2833 104.08199 30.72405
2834 104.0782 30.70448
2835 104.07817 30.71334
2836 104.07828 30.71519
2837 104.07706 30.72494
2838 104.0827 30.72499
2839 104.08099 30.72261
2840 104.08675 30.72214
2841 104.08516 30.72236
2842 104.08334 30.72565
2843 104.08322 30.72501
2844 104.07913 30.71801
2845 104.07805 30.71337
2846 104.0794 30.72026
2847 104.08937 30.72175
2848 104.08072 30.72312
2849 104.07231 30.72757
2850 104.13672 30.72012
2851 104.13203 30.7224
2852 104.13338 30.72481
2853 104.13748 30.72126
2854 104.13224 30.72586
2855 104.12067 30.72522
2856 104.11849 30.72495
2857 104.11247 30.7258
2858 104.12123 30.72476
2859 104.12971 30.72325
2860 104.11222 30.72628
2861 104.11089 30.72663
2862 104.12339 30.72498
2863 104.12405 30.7247
2864 104.11442 30.72177
2865 104.11148 30.72214
2866 104.10539 30.72567
2867 104.10489 30.72407
2868 104.10647 30.72363
2869 104.10704 30.72519
2870 104.10998 30.72614
2871 104.10935 30.72452
2872 104.10876 30.72296
2873 104.10798 30.72089
2874 104.11112 30.72228
2875 104.10425 30.72425
2876 104.12731 30.71232
2877 104.12586 30.71508
2878 104.12875 30.71195
2879 104.11375 30.71712
2880 104.11444 30.71196
2881 104.11786 30.701
2882 104.10866 30.64706
2883 104.07638 30.68695
2884 104.07745 30.69047
2885 104.07909 30.70091
2886 104.07925 30.69699
2887 104.07835 30.69699
2888 104.07274 30.72506
2889 104.09248 30.69138
2890 104.08709 30.69444
2891 104.07557 30.69689
2892 104.10362 30.68158
2893 104.10491 30.67994
2894 104.10606 30.67781
2895 104.10611 30.67772
2896 104.107 30.67555
2897 104.10833 30.67213
2898 104.10946 30.66933
2899 104.11122 30.66496
2900 104.11221 30.655
2901 104.11202 30.66302
2902 104.0672 30.69714
2903 104.0914 30.69205
2904 104.10146 30.68515
2905 104.10128 30.68638
2906 104.09691 30.68957
2907 104.09208 30.69194
2908 104.06048 30.69708
2909 104.03882 30.69351
2910 104.03148 30.68709
2911 104.02829 30.6844
2912 104.02676 30.68307
2913 104.02468 30.68124
2914 104.02332 30.68009
2915 104.0219 30.6789
2916 104.02257 30.67962
2917 104.03384 30.68928
2918 104.01936 30.66968
2919 104.0192 30.67257
2920 104.0192 30.6728
2921 104.01967 30.6764
2922 104.01819 30.67271
2923 104.01966 30.65913
2924 104.01982 30.65358
2925 104.01987 30.64961
2926 104.02429 30.64331
2927 104.02577 30.64174
2928 104.10448 30.64071
2929 104.10431 30.64085
2930 104.11039 30.66701
2931 104.08695 30.69451
2932 104.07745 30.69681
2933 104.07386 30.69708
2934 104.03989 30.69474
2935 104.03452 30.69402
2936 104.04006 30.69462
2937 104.04356 30.69666
2938 104.03659 30.69142
2939 104.03663 30.69149
2940 104.0369 30.69114
2941 104.03687 30.69107
2942 104.01626 30.6733
2943 104.01603 30.67315
2944 104.08235 30.72918
2945 104.07616 30.71841
2946 104.07595 30.71731
2947 104.07556 30.71624
2948 104.07611 30.71803
2949 104.07756 30.7178
2950 104.07575 30.71668
2951 104.07694 30.7179
2952 104.0766 30.71646
2953 104.07672 30.71694
2954 104.07387 30.71404
2955 104.07399 30.71533
2956 104.07805 30.71189
2957 104.064 30.69789
2958 104.0584 30.69693
2959 104.05758 30.69169
2960 104.05743 30.69113
2961 104.05843 30.68841
2962 104.05764 30.68842
2963 104.05367 30.69151
2964 104.05221 30.69222
2965 104.04969 30.69065
2966 104.04997 30.69141
2967 104.04801 30.69568
2968 104.04988 30.69679
2969 104.05484 30.69672
2970 104.05656 30.69648
2971 104.0102 30.64061
2972 104.00619 30.65243
2973 104.01679 30.68902
2974 104.01663 30.68908
2975 104.0277 30.69819
2976 104.02509 30.69683
2977 104.0231 30.69539
2978 104.02052 30.693
2979 104.01812 30.69099
2980 104.01537 30.68716
2981 104.04704 30.72471
2982 104.06589 30.72003
2983 104.07805 30.71323
2984 104.03419 30.71415
2985 104.11621 30.65046
2986 104.11625 30.6468
2987 104.11501 30.64482
2988 104.11803 30.6506
2989 104.03618 30.71196
2990 104.03122 30.71824
2991 104.03277 30.71644
2992 104.03252 30.71659
2993 104.03239 30.71676
2994 104.0323 30.71672
2995 104.03243 30.71656
2996 104.03253 30.71629
2997 104.03383 30.71461
2998 104.03407 30.71478
2999 104.03483 30.71381
3000 104.03459 30.71364
3001 104.11803 30.65314
3002 104.11852 30.64044
3003 104.12648 30.65007
3004 104.12248 30.64837
3005 104.12197 30.64723
3006 104.12033 30.64492
3007 104.121 30.64581
3008 104.11965 30.64658
3009 104.12148 30.64525
3010 104.1226 30.64594
3011 104.12328 30.64564
3012 104.1236 30.64728
3013 104.11735 30.655
3014 104.1184 30.65482
3015 104.11733 30.65596
3016 104.12151 30.65492
3017 104.12004 30.65894
3018 104.12886 30.67022
3019 104.12897 30.67196
3020 104.12759 30.669
3021 104.12789 30.66859
3022 104.12875 30.66906
3023 104.13003 30.66344
3024 104.12644 30.66619
3025 104.12843 30.66554
3026 104.13218 30.66547
3027 104.13109 30.66663
3028 104.13185 30.6651
3029 104.13094 30.66763
3030 104.1326 30.66569
3031 104.13502 30.65899
3032 104.14155 30.66587
3033 104.14524 30.66514
3034 104.14313 30.66679
3035 104.14578 30.6591
3036 104.14806 30.65656
3037 104.13935 30.65742
3038 104.08382 30.71712
3039 104.08205 30.71933
3040 104.08797 30.64193
3041 104.03006 30.65163
3042 104.03136 30.65244
3043 104.02989 30.65243
3044 104.03131 30.65016
3045 104.03136 30.65329
3046 104.05371 30.66672
3047 104.09593 30.6563
3048 104.09392 30.65271
3049 104.09488 30.6544
3050 104.03926 30.65765
3051 104.04347 30.65534
3052 104.08525 30.65611
3053 104.08076 30.66013
3054 104.08179 30.66173
3055 104.07988 30.65876
3056 104.08174 30.6592
3057 104.08307 30.65905
3058 104.0872 30.66355
3059 104.08833 30.65802
3060 104.09203 30.65306
3061 104.09308 30.6549
3062 104.09518 30.6551
3063 104.09405 30.65559
3064 104.09435 30.65627
3065 104.09557 30.65573
3066 104.08358 30.66645
3067 104.08366 30.66658
3068 104.10375 30.66413
3069 104.09752 30.66438
3070 104.0974 30.66219
3071 104.09901 30.66143
3072 104.09624 30.66349
3073 104.09746 30.66343
3074 104.09712 30.6603
3075 104.09817 30.66183
3076 104.09837 30.66215
3077 104.09743 30.66272
3078 104.09976 30.66308
3079 104.09721 30.66447
3080 104.09727 30.66567
3081 104.09912 30.66622
3082 104.09845 30.66573
3083 104.09727 30.66799
3084 104.09767 30.66709
3085 104.09872 30.66721
3086 104.09723 30.66679
3087 104.09021 30.67297
3088 104.08845 30.67967
3089 104.09024 30.67892
3090 104.0908 30.67978
3091 104.08774 30.68423
3092 104.08435 30.68473
3093 104.08598 30.6849
3094 104.08184 30.66727
3095 104.08192 30.66739
3096 104.08284 30.66884
3097 104.0792 30.66662
3098 104.07405 30.66904
3099 104.07498 30.67049
3100 104.07512 30.67058
3101 104.07603 30.67202
3102 104.0696 30.66855
3103 104.069 30.66853
3104 104.06902 30.66768
3105 104.06884 30.66826
3106 104.07064 30.66734
3107 104.07311 30.66618
3108 104.07274 30.66481
3109 104.07438 30.6662
3110 104.07391 30.66642
3111 104.07377 30.66523
3112 104.07336 30.66461
3113 104.07851 30.66899
3114 104.08031 30.66814
3115 104.0768 30.66979
3116 104.07343 30.67137
3117 104.0855 30.66962
3118 104.08543 30.66574
3119 104.09642 30.6571
3120 104.09595 30.65819
3121 104.09481 30.65683
3122 104.09506 30.65723
3123 104.0931 30.65684
3124 104.09352 30.65744
3125 104.09423 30.65843
3126 104.09405 30.65819
3127 104.09448 30.65798
3128 104.09413 30.6583
3129 104.09383 30.65846
3130 104.09376 30.66186
3131 104.09476 30.66374
3132 104.0948 30.6645
3133 104.09473 30.66323
3134 104.10167 30.66169
3135 104.0998 30.66251
3136 104.10291 30.66172
3137 104.1036 30.66168
3138 104.10174 30.66265
3139 104.10253 30.66418
3140 104.10253 30.66302
3141 104.10638 30.65962
3142 104.10664 30.66122
3143 104.10826 30.66218
3144 104.10825 30.66121
3145 104.10641 30.66044
3146 104.10825 30.66034
3147 104.10642 30.66057
3148 104.10359 30.66149
3149 104.10361 30.66195
3150 104.10483 30.66192
3151 104.11133 30.6577
3152 104.09979 30.65446
3153 104.09827 30.65243
3154 104.09875 30.65316
3155 104.09754 30.6512
3156 104.09481 30.65177
3157 104.09581 30.65337
3158 104.0956 30.65292
3159 104.09791 30.65182
3160 104.09653 30.65097
3161 104.09725 30.65214
3162 104.09701 30.65225
3163 104.09764 30.65325
3164 104.09495 30.6545
3165 104.09607 30.65401
3166 104.09551 30.65536
3167 104.0972 30.6557
3168 104.09769 30.65547
3169 104.09907 30.65778
3170 104.10073 30.65847
3171 104.09724 30.65811
3172 104.10193 30.65659
3173 104.10104 30.65517
3174 104.10369 30.6571
3175 104.1021 30.65447
3176 104.1034 30.65662
3177 104.10793 30.65449
3178 104.10735 30.6554
3179 104.10705 30.6549
3180 104.10652 30.65406
3181 104.1074 30.65363
3182 104.10539 30.6546
3183 104.10616 30.65595
3184 104.10589 30.65545
3185 104.10406 30.65251
3186 104.10711 30.65315
3187 104.10512 30.65418
3188 104.10465 30.65343
3189 104.10552 30.65483
3190 104.10303 30.656
3191 104.10373 30.65567
3192 104.1041 30.65629
3193 104.1038 30.65563
3194 104.10344 30.65503
3195 104.10491 30.65591
3196 104.10443 30.65534
3197 104.10489 30.65211
3198 104.10521 30.65262
3199 104.10025 30.64924
3200 104.10142 30.65108
3201 104.10259 30.64815
3202 104.10166 30.65298
3203 104.10071 30.65238
3204 104.10461 30.64922
3205 104.10529 30.65028
3206 104.104 30.65088
3207 104.10413 30.65109
3208 104.10205 30.65206
3209 104.10458 30.64727
3210 104.10639 30.64702
3211 104.10531 30.64843
3212 104.10683 30.64772
3213 104.10621 30.64985
3214 104.10628 30.64997
3215 104.10779 30.64928
3216 104.10772 30.64916
3217 104.10906 30.64854
3218 104.10685 30.65085
3219 104.10762 30.6505
3220 104.11099 30.65159
3221 104.10831 30.65054
3222 104.10714 30.65321
3223 104.10802 30.65279
3224 104.10925 30.65451
3225 104.10902 30.65414
3226 104.10849 30.65257
3227 104.1084 30.65441
3228 104.10798 30.65456
3229 104.11148 30.65348
3230 104.11023 30.65051
3231 104.111 30.65275
3232 104.11151 30.65253
3233 104.11109 30.65288
3234 104.10995 30.65316
3235 104.11103 30.65165
3236 104.11046 30.65188
3237 104.11006 30.65199
3238 104.11026 30.65105
3239 104.10968 30.65446
3240 104.10827 30.65566
3241 104.10922 30.65565
3242 104.10923 30.65651
3243 104.10823 30.65754
3244 104.10896 30.65811
3245 104.10697 30.6596
3246 104.10712 30.65565
3247 104.10733 30.65891
3248 104.10789 30.65794
3249 104.10736 30.65793
3250 104.10823 30.65798
3251 104.10476 30.65969
3252 104.10485 30.66062
3253 104.10428 30.66121
3254 104.10534 30.66417
3255 104.10593 30.66582
3256 104.1018 30.66704
3257 104.10218 30.66619
3258 104.10254 30.66428
3259 104.10304 30.66634
3260 104.10048 30.6662
3261 104.10032 30.66659
3262 104.09969 30.66512
3263 104.10939 30.66438
3264 104.10769 30.6688
3265 104.11374 30.67061
3266 104.11263 30.6734
3267 104.11553 30.67114
3268 104.11487 30.67168
3269 104.11415 30.67385
3270 104.11381 30.6746
3271 104.11212 30.6771
3272 104.11222 30.67713
3273 104.11092 30.67673
3274 104.11111 30.67623
3275 104.1166 30.6731
3276 104.11986 30.67407
3277 104.11839 30.67552
3278 104.12207 30.68072
3279 104.1227 30.68266
3280 104.12333 30.68107
3281 104.12394 30.67939
3282 104.12053 30.67683
3283 104.12003 30.67816
3284 104.12649 30.67789
3285 104.08677 30.64989
3286 104.08818 30.65018
3287 104.08796 30.64939
3288 104.08719 30.65064
3289 104.08587 30.65027
3290 104.08631 30.65099
3291 104.08624 30.65127
3292 104.08713 30.65244
3293 104.08853 30.65295
3294 104.09096 30.65195
3295 104.08865 30.65137
3296 104.09166 30.65311
3297 104.09393 30.6469
3298 104.09607 30.64717
3299 104.09174 30.64925
3300 104.09248 30.64895
3301 104.09336 30.6496
3302 104.08352 30.65329
3303 104.0842 30.65301
3304 104.08385 30.65382
3305 104.08413 30.65428
3306 104.08542 30.655
3307 104.0851 30.65586
3308 104.08473 30.65526
3309 104.08467 30.65516
3310 104.08365 30.65562
3311 104.08231 30.6548
3312 104.08325 30.65703
3313 104.08213 30.65533
3314 104.07872 30.65913
3315 104.07428 30.6556
3316 104.07384 30.6597
3317 104.07259 30.66039
3318 104.07363 30.6594
3319 104.07419 30.65911
3320 104.07449 30.65952
3321 104.07322 30.65777
3322 104.073 30.65854
3323 104.07358 30.65822
3324 104.07535 30.65927
3325 104.07646 30.65873
3326 104.07241 30.66012
3327 104.0709 30.66056
3328 104.07205 30.65959
3329 104.07324 30.65888
3330 104.06925 30.65968
3331 104.06969 30.66028
3332 104.07048 30.66082
3333 104.07022 30.66016
3334 104.0679 30.65699
3335 104.06849 30.65854
3336 104.06501 30.65959
3337 104.06701 30.65961
3338 104.06365 30.65707
3339 104.07381 30.65223
3340 104.07632 30.6505
3341 104.07553 30.65116
3342 104.07489 30.65012
3343 104.0746 30.6492
3344 104.0755 30.64872
3345 104.07543 30.64995
3346 104.07614 30.65011
3347 104.08243 30.65056
3348 104.08011 30.65199
3349 104.08047 30.65252
3350 104.05492 30.67446
3351 104.05781 30.67002
3352 104.0547 30.67384
3353 104.05562 30.67343
3354 104.05096 30.67371
3355 104.04971 30.67427
3356 104.05168 30.67337
3357 104.04942 30.66871
3358 104.05209 30.66679
3359 104.03952 30.67313
3360 104.03892 30.67471
3361 104.04045 30.67462
3362 104.04235 30.66638
3363 104.04182 30.66552
3364 104.04094 30.6608
3365 104.03671 30.66009
3366 104.03479 30.66337
3367 104.03833 30.65983
3368 104.03859 30.65986
3369 104.03717 30.65807
3370 104.03776 30.65783
3371 104.03701 30.65782
3372 104.03638 30.6578
3373 104.03573 30.65549
3374 104.03573 30.65661
3375 104.03847 30.65663
3376 104.03597 30.65797
3377 104.02929 30.65649
3378 104.02811 30.6534
3379 104.02767 30.64652
3380 104.02916 30.64653
3381 104.02958 30.64536
3382 104.0303 30.6437
3383 104.02946 30.64313
3384 104.03011 30.65119
3385 104.03133 30.65118
3386 104.03134 30.65127
3387 104.0327 30.65127
3388 104.03487 30.65131
3389 104.03624 30.65369
3390 104.03483 30.65222
3391 104.03865 30.65226
3392 104.03643 30.65224
3393 104.04862 30.65443
3394 104.05149 30.6474
3395 104.05046 30.64569
3396 104.04908 30.64759
3397 104.0509 30.64476
3398 104.05779 30.64034
3399 104.05808 30.64097
3400 104.05858 30.64205
3401 104.06159 30.64055
3402 104.05881 30.64253
3403 104.05771 30.64909
3404 104.06135 30.65479
3405 104.04038 30.67774
3406 104.04025 30.68057
3407 104.04426 30.68197
3408 104.04349 30.68341
3409 104.04328 30.68325
3410 104.04499 30.6858
3411 104.04498 30.68589
3412 104.04254 30.68472
3413 104.04206 30.68473
3414 104.04213 30.68368
3415 104.04265 30.68373
3416 104.04182 30.68478
3417 104.04104 30.68487
3418 104.04147 30.68524
3419 104.04107 30.68581
3420 104.03723 30.68211
3421 104.03542 30.68294
3422 104.03387 30.68396
3423 104.03652 30.68095
3424 104.03773 30.68297
3425 104.03712 30.68194
3426 104.03996 30.6806
3427 104.03653 30.68687
3428 104.0347 30.68487
3429 104.03286 30.68289
3430 104.03627 30.68823
3431 104.03459 30.68682
3432 104.03415 30.68826
3433 104.03468 30.68795
3434 104.03765 30.68984
3435 104.03693 30.69079
3436 104.03665 30.69064
3437 104.03441 30.6866
3438 104.03557 30.68582
3439 104.03402 30.68618
3440 104.03374 30.68742
3441 104.0302 30.68605
3442 104.03106 30.68546
3443 104.03213 30.68663
3444 104.03814 30.67747
3445 104.0362 30.67869
3446 104.03792 30.67556
3447 104.03951 30.67933
3448 104.04046 30.68104
3449 104.04036 30.68111
3450 104.03784 30.67594
3451 104.03536 30.67441
3452 104.03566 30.67094
3453 104.03531 30.67094
3454 104.03668 30.67095
3455 104.03719 30.66984
3456 104.03638 30.67094
3457 104.038 30.67273
3458 104.03538 30.67272
3459 104.03422 30.67272
3460 104.03273 30.67341
3461 104.03548 30.6716
3462 104.03391 30.67181
3463 104.0334 30.67034
3464 104.03274 30.67145
3465 104.03243 30.67125
3466 104.03191 30.67059
3467 104.02999 30.67234
3468 104.03148 30.6721
3469 104.03338 30.6716
3470 104.03462 30.67748
3471 104.03334 30.67516
3472 104.03073 30.67568
3473 104.01734 30.67693
3474 104.02233 30.67697
3475 104.02276 30.6783
3476 104.0231 30.67677
3477 104.02349 30.6781
3478 104.02282 30.67684
3479 104.0225 30.67578
3480 104.02508 30.67298
3481 104.02583 30.67345
3482 104.02756 30.67281
3483 104.02835 30.66796
3484 104.03136 30.66908
3485 104.02038 30.66719
3486 104.02259 30.66912
3487 104.02477 30.66926
3488 104.02996 30.67079
3489 104.02902 30.67031
3490 104.02992 30.67058
3491 104.02989 30.67046
3492 104.04086 30.68898
3493 104.04521 30.68969
3494 104.04918 30.68914
3495 104.04674 30.68869
3496 104.04853 30.68899
3497 104.04786 30.69031
3498 104.04699 30.69013
3499 104.04924 30.69578
3500 104.04915 30.69675
3501 104.04862 30.69268
3502 104.04962 30.69331
3503 104.04876 30.69171
3504 104.04174 30.69287
3505 104.03966 30.69147
3506 104.03923 30.69031
3507 104.03885 30.6931
3508 104.03861 30.69326
3509 104.05073 30.70545
3510 104.04999 30.70785
3511 104.04866 30.70891
3512 104.04578 30.71143
3513 104.04653 30.70933
3514 104.04767 30.71013
3515 104.04848 30.70685
3516 104.04762 30.70489
3517 104.04399 30.70349
3518 104.04329 30.70442
3519 104.04595 30.70393
3520 104.04533 30.705
3521 104.04307 30.703
3522 104.04027 30.70662
3523 104.04413 30.70878
3524 104.04444 30.70633
3525 104.04332 30.70624
3526 104.04573 30.70832
3527 104.0404 30.71276
3528 104.03803 30.71391
3529 104.0401 30.71273
3530 104.04706 30.70338
3531 104.04639 30.70418
3532 104.05117 30.7106
3533 104.05602 30.71389
3534 104.03558 30.7081
3535 104.03649 30.70696
3536 104.03737 30.70584
3537 104.03657 30.70522
3538 104.03781 30.70592
3539 104.03147 30.70042
3540 104.0326 30.7039
3541 104.03155 30.705
3542 104.02931 30.70745
3543 104.02718 30.71028
3544 104.03516 30.70408
3545 104.03471 30.70761
3546 104.03044 30.70611
3547 104.03062 30.70837
3548 104.05778 30.67324
3549 104.05688 30.67439
3550 104.0567 30.67223
3551 104.05738 30.67333
3552 104.11415 30.65034
3553 104.14158 30.67818
3554 104.13988 30.67919
3555 104.14033 30.67862
3556 104.14066 30.67789
3557 104.01885 30.70923
3558 104.01842 30.70986
3559 104.01425 30.71598
3560 104.00977 30.72092
3561 104.01431 30.71591
3562 104.01397 30.7158
3563 104.00677 30.72596
3564 104.00681 30.72583
3565 104.01403 30.71573
3566 104.01012 30.72097
3567 104.00609 30.72778
3568 104.00525 30.72907
3569 104.02892 30.69902
3570 104.02859 30.69885
3571 104.01223 30.7287
3572 104.02398 30.70289
3573 104.00711 30.72592
3574 104.01831 30.70902
3575 104.02646 30.70126
3576 104.02028 30.70662
3577 104.02016 30.70672
3578 104.01235 30.72862
3579 104.01796 30.70958
3580 104.00705 30.72606
3581 104.04872 30.65963
3582 104.0383 30.66778
3583 104.04134 30.67062
3584 104.04015 30.65479
3585 104.01951 30.6434
3586 104.02092 30.64165
3587 104.02268 30.64301
3588 104.0206 30.64342
3589 104.0221 30.64313
3590 104.02139 30.64327
3591 104.013 30.64588
3592 104.01365 30.64586
3593 104.01592 30.64576
3594 104.01799 30.64664
3595 104.01944 30.64487
3596 104.01201 30.64046
3597 104.01333 30.64066
3598 104.01223 30.6401
3599 104.0109 30.64088
3600 104.01033 30.64189
3601 104.05085 30.66318
3602 104.05263 30.65954
3603 104.06598 30.65706
3604 104.07023 30.64878
3605 104.06489 30.6551
3606 104.07269 30.65075
3607 104.0959 30.65625
3608 104.09529 30.65653
3609 104.09348 30.65739
3610 104.09203 30.65807
3611 104.09078 30.65863
3612 104.09976 30.65441
3613 104.09717 30.65565
3614 104.08922 30.65937
3615 104.10039 30.65414
3616 104.09602 30.65619
3617 104.06311 30.6714
3618 104.06899 30.66946
3619 104.06631 30.66948
3620 104.0681 30.66947
3621 104.06822 30.66947
3622 104.07004 30.66973
3623 104.08158 30.67494
3624 104.07471 30.6759
3625 104.07538 30.67683
3626 104.07366 30.67493
3627 104.07755 30.68005
3628 104.0783 30.68123
3629 104.07172 30.67217
3630 104.07268 30.67355
3631 104.07065 30.67063
3632 104.07161 30.67206
3633 104.00863 30.66728
3634 104.00825 30.66594
3635 104.00734 30.66211
3636 104.00734 30.66356
3637 104.01029 30.66164
3638 104.00755 30.66042
3639 104.00583 30.66178
3640 104.00707 30.66101
3641 104.00675 30.66039
3642 104.01123 30.65335
3643 104.00887 30.65243
3644 104.01417 30.65449
3645 104.01435 30.65667
3646 104.0014 30.64957
3647 104.00237 30.67387
3648 104.00245 30.66176
3649 104.00239 30.6616
3650 104.00273 30.66133
3651 104.00213 30.6606
3652 104.00307 30.65968
3653 104.0016 30.65995
3654 104.00238 30.65934
3655 104.00479 30.65959
3656 104.00441 30.66038
3657 104.00479 30.65971
3658 104.00501 30.66016
3659 104.00576 30.66018
3660 104.00502 30.65989
3661 104.00578 30.65989
3662 104.00343 30.65418
3663 104.00624 30.65191
3664 104.00452 30.65424
3665 104.0037 30.65356
3666 104.00418 30.65228
3667 104.00541 30.65115
3668 104.00524 30.65081
3669 104.00307 30.65156
3670 104.00355 30.65187
3671 104.00164 30.65277
3672 104.00262 30.65333
3673 104.00214 30.65407
3674 104.00218 30.6539
3675 104.00249 30.65341
3676 104.00268 30.65339
3677 104.00455 30.65456
3678 104.00177 30.65588
3679 104.00103 30.68979
3680 104.00121 30.69647
3681 104.00077 30.69661
3682 104.0146 30.68993
3683 104.01762 30.70158
3684 104.01613 30.70443
3685 104.01763 30.70525
3686 104.01986 30.70652
3687 104.01758 30.70531
3688 104.01837 30.70378
3689 104.02198 30.70051
3690 104.01254 30.70138
3691 104.01478 30.70223
3692 104.01167 30.70263
3693 104.01062 30.70409
3694 104.00543 30.65435
3695 104.10254 30.67433
3696 104.00413 30.66372
3697 104.00456 30.66783
3698 104.0 30.66808
3699 104.05086 30.64011
3700 104.05149 30.64144
3701 104.04663 30.64578
3702 104.04827 30.64545
3703 104.03983 30.64462
3704 104.04009 30.64415
3705 104.04031 30.64373
3706 104.03973 30.64342
3707 104.04015 30.64257
3708 104.04111 30.64282
3709 104.04209 30.64413
3710 104.04132 30.64333
3711 104.04107 30.6436
3712 104.04164 30.64462
3713 104.04191 30.64482
3714 104.04181 30.64554
3715 104.04286 30.64378
3716 104.0426 30.6432
3717 104.0446 30.64257
3718 104.0441 30.64282
3719 104.04367 30.64582
3720 104.04367 30.64626
3721 104.03876 30.64567
3722 104.03882 30.64733
3723 104.03881 30.64434
3724 104.03883 30.6442
3725 104.0418 30.64065
3726 104.03956 30.64321
3727 104.03876 30.64696
3728 104.0631 30.66773
3729 104.06303 30.66951
3730 104.04292 30.65691
3731 104.01466 30.67757
3732 104.01422 30.67573
3733 104.12165 30.72466
3734 104.12838 30.72216
3735 104.1289 30.72196
3736 104.12952 30.72198
3737 104.12979 30.7226
3738 104.1296 30.72194
3739 104.13166 30.72149
3740 104.12842 30.72105
3741 104.12718 30.71801
3742 104.13151 30.71606
3743 104.13212 30.7168
3744 104.13631 30.71723
3745 104.13972 30.71323
3746 104.14267 30.71275
3747 104.13964 30.71296
3748 104.13768 30.71341
3749 104.13956 30.71257
3750 104.14736 30.7112
3751 104.14771 30.71183
3752 104.14749 30.71057
3753 104.14763 30.70978
3754 104.14798 30.70983
3755 104.14633 30.70688
3756 104.14571 30.70671
3757 104.08865 30.68104
3758 104.08862 30.68095
3759 104.00353 30.72697
3760 104.00628 30.72789
3761 104.00635 30.72793
3762 104.10106 30.70335
3763 104.10219 30.70168
3764 104.10171 30.70312
3765 104.03718 30.69265
3766 104.13859 30.67237
3767 104.1388 30.67205
3768 104.13839 30.67207
3769 104.13869 30.67193
3770 104.13457 30.675
3771 104.13473 30.67514
3772 104.1282 30.67185
3773 104.13102 30.67295
3774 104.13314 30.67426
3775 104.13427 30.66881
3776 104.13014 30.67838
3777 104.13026 30.67847
3778 104.12825 30.67171
3779 104.09725 30.67124
3780 104.13084 30.67321
3781 104.1363 30.67375
3782 104.13651 30.67389
3783 104.00566 30.66771
3784 104.07467 30.66108
3785 104.12121 30.65329
3786 104.11225 30.65617
3787 104.11204 30.65357
3788 104.11216 30.65379
3789 104.11248 30.65591
3790 104.11251 30.65978
3791 104.1126 30.64579
3792 104.07092 30.69689
3793 104.10016 30.6761
3794 104.09939 30.67568
3795 104.04703 30.64682
3796 104.10162 30.68567
3797 104.07069 30.72587
3798 104.07187 30.72497
3799 104.07564 30.67777
3800 104.05812 30.6672
3801 104.10162 30.70328
3802 104.08974 30.72193
3803 104.07139 30.71788
3804 104.08644 30.69479
3805 104.00221 30.71321
3806 104.09714 30.675
3807 104.09797 30.673
3808 104.10322 30.6929
3809 104.10206 30.69358
3810 104.09144 30.68749
3811 104.09236 30.68569
3812 104.09079 30.68648
3813 104.10125 30.69005
3814 104.11024 30.68778
3815 104.1075 30.68857
3816 104.1083 30.68908
3817 104.10938 30.69011
3818 104.1096 30.68717
3819 104.11384 30.68265
3820 104.11504 30.68198
3821 104.11184 30.68279
3822 104.11403 30.68223
3823 104.11339 30.68361
3824 104.1066 30.68607
3825 104.11604 30.68212
3826 104.11802 30.68322
3827 104.10797 30.68367
3828 104.10665 30.68149
3829 104.10665 30.68064
3830 104.12523 30.67977
3831 104.13775 30.67951
3832 104.13652 30.67873
3833 104.13746 30.67968
3834 104.13794 30.68035
3835 104.13946 30.67998
3836 104.13261 30.68208
3837 104.13464 30.6814
3838 104.13311 30.68257
3839 104.13528 30.68175
3840 104.13543 30.68179
3841 104.13362 30.68304
3842 104.08943 30.7148
3843 104.09044 30.71355
3844 104.08957 30.71413
3845 104.09518 30.71236
3846 104.10064 30.71914
3847 104.101 30.71698
3848 104.09998 30.71764
3849 104.09846 30.71864
3850 104.09952 30.71825
3851 104.09879 30.71831
3852 104.09879 30.71815
3853 104.09777 30.71958
3854 104.09568 30.7178
3855 104.0954 30.71888
3856 104.0933 30.7179
3857 104.09496 30.71766
3858 104.09423 30.71777
3859 104.09348 30.7182
3860 104.09491 30.71831
3861 104.09421 30.7184
3862 104.09425 30.71875
3863 104.09417 30.71811
3864 104.09259 30.71799
3865 104.09148 30.71823
3866 104.09254 30.71758
3867 104.09017 30.71789
3868 104.09134 30.71774
3869 104.09131 30.71762
3870 104.09022 30.71833
3871 104.0914 30.71804
3872 104.09152 30.71834
3873 104.09025 30.71859
3874 104.09274 30.71823
3875 104.09176 30.71834
3876 104.09203 30.71932
3877 104.10289 30.70708
3878 104.06371 30.7216
3879 104.06612 30.72276
3880 104.13 30.71481
3881 104.12868 30.71538
3882 104.12841 30.71628
3883 104.128 30.71564
3884 104.12676 30.71698
3885 104.12907 30.71599
3886 104.12999 30.7155
3887 104.13078 30.7134
3888 104.12975 30.71449
3889 104.12941 30.71459
3890 104.12966 30.7151
3891 104.12935 30.7152
3892 104.12757 30.71663
3893 104.12711 30.71587
3894 104.12784 30.7157
3895 104.12751 30.71468
3896 104.11988 30.71177
3897 104.11319 30.70047
3898 104.11337 30.70105
3899 104.11229 30.70068
3900 104.11163 30.70097
3901 104.11162 30.70152
3902 104.10513 30.7008
3903 104.10766 30.70112
3904 104.10714 30.70112
3905 104.10584 30.7008
3906 104.10558 30.70097
3907 104.10448 30.70085
3908 104.07676 30.7171
3909 104.07577 30.71673
3910 104.09693 30.70317
3911 104.10814 30.71658
3912 104.10742 30.71713
3913 104.10723 30.71608
3914 104.10733 30.7167
3915 104.10343 30.71866
3916 104.10321 30.71826
3917 104.10398 30.71713
3918 104.1044 30.71705
3919 104.10992 30.71588
3920 104.10974 30.71495
3921 104.10969 30.71676
3922 104.11019 30.71759
3923 104.11043 30.71668
3924 104.11026 30.71582
3925 104.10955 30.71594
3926 104.11011 30.71711
3927 104.11179 30.71847
3928 104.11248 30.71836
3929 104.11062 30.71814
3930 104.1106 30.71944
3931 104.10938 30.71831
3932 104.10984 30.71952
3933 104.10884 30.71838
3934 104.10925 30.7196
3935 104.10765 30.71791
3936 104.10847 30.71971
3937 104.11263 30.71922
3938 104.11193 30.7193
3939 104.12977 30.72318
3940 104.02421 30.68705
3941 104.02486 30.68802
3942 104.02575 30.68904
3943 104.02025 30.68958
3944 104.02211 30.69179
3945 104.06327 30.66396
3946 104.06327 30.66303
3947 104.06579 30.64939
3948 104.06593 30.65799
3949 104.06647 30.65705
3950 104.0656 30.65797
3951 104.06552 30.65707
3952 104.06474 30.65709
3953 104.06469 30.65792
3954 104.00421 30.70405
3955 104.06866 30.65911
3956 104.10224 30.71944
3957 104.11256 30.66689
3958 104.11078 30.66582
3959 104.01204 30.70485
3960 104.01077 30.70618
3961 104.0102 30.70601
3962 104.01036 30.65477
3963 104.00628 30.65419
3964 104.0819 30.65115
3965 104.07734 30.65993
3966 104.13183 30.64995
3967 104.13195 30.65013
3968 104.14041 30.65197
3969 104.13716 30.64647
3970 104.13698 30.64642
3971 104.12164 30.69046
3972 104.11852 30.6874
3973 104.11987 30.68873
3974 104.12566 30.68477
3975 104.07533 30.65708
3976 104.076 30.65803
3977 104.01917 30.67255
3978 104.03953 30.72457
3979 104.04672 30.72618
3980 104.04916 30.72683
3981 104.04947 30.72258
3982 104.11117 30.67922
3983 104.10581 30.67832
3984 104.10382 30.68156
3985 104.1035 30.68212
3986 104.05464 30.65113
3987 104.0578 30.64977
3988 104.137 30.64147
3989 104.10335 30.70632
3990 104.08478 30.66589
3991 104.0839 30.6645
3992 104.09754 30.68273
3993 104.099 30.68194
3994 104.10838 30.6875
3995 104.10934 30.68831
3996 104.02839 30.64653
3997 104.02935 30.64602
3998 104.02925 30.6502
3999 104.07194 30.66104
4000 104.14824 30.71036
4001 104.14876 30.71037
4002 104.12854 30.72132
4003 104.12862 30.7219
4004 104.12687 30.71809
4005 104.09684 30.72124
4006 104.09737 30.72135
4007 104.08627 30.72251
4008 104.06365 30.68683
4009 104.06372 30.68826
4010 104.06328 30.68607
4011 104.06184 30.68495
4012 104.06344 30.68297
4013 104.06342 30.68303
4014 104.05621 30.68269
4015 104.06939 30.68037
4016 104.06923 30.67983
4017 104.06926 30.67988
4018 104.06906 30.67985
4019 104.07352 30.67838
4020 104.04444 30.66545
4021 104.04337 30.66598
4022 104.04511 30.66865
4023 104.04619 30.67102
4024 104.04566 30.67511
4025 104.04885 30.67847
4026 104.04895 30.67853
4027 104.0533 30.6813
4028 104.0534 30.68136
4029 104.05778 30.67108
4030 104.05783 30.67133
4031 104.0599 30.66785
4032 104.05858 30.6672
4033 104.0577 30.69694
4034 104.05631 30.6972
4035 104.03381 30.68909
4036 104.03808 30.68966
4037 104.03683 30.69139
4038 104.03592 30.69276
4039 104.03574 30.69296
4040 104.03379 30.69481
4041 104.0321 30.69625
4042 104.0388 30.69379
4043 104.03781 30.69301
4044 104.03647 30.69183
4045 104.03529 30.69107
4046 104.03741 30.69261
4047 104.03626 30.69166
4048 104.1162 30.66387
4049 104.11542 30.666
4050 104.1256 30.66832
4051 104.07333 30.6559
4052 104.06235 30.65512
4053 104.06213 30.65881
4054 104.06328 30.65865
4055 104.0636 30.6587
4056 104.06363 30.6579
4057 104.05779 30.67573
4058 104.05789 30.67573
4059 104.05783 30.67867
4060 104.05807 30.67856
4061 104.05804 30.67843
4062 104.0578 30.67854
4063 104.05779 30.67825
4064 104.07711 30.68867
4065 104.0712 30.72655
4066 104.07213 30.72437
4067 104.0718 30.7229
4068 104.04582 30.72857
4069 104.04533 30.72845
4070 104.08057 30.69421
4071 104.08255 30.68761
4072 104.06316 30.72188
4073 104.05947 30.72171
4074 104.07077 30.67636
4075 104.08307 30.67065
4076 104.08352 30.67134
4077 104.08345 30.66667
4078 104.08338 30.66655
4079 104.02689 30.65329
4080 104.08815 30.65987
4081 104.08677 30.66054
4082 104.08545 30.66117
4083 104.08472 30.66153
4084 104.08143 30.66311
4085 104.08132 30.66316
4086 104.07983 30.66393
4087 104.07805 30.66475
4088 104.07627 30.66564
4089 104.07717 30.6652
4090 104.1074 30.67348
4091 104.10467 30.67268
4092 104.10415 30.67253
4093 104.10369 30.67238
4094 104.10104 30.67157
4095 104.09753 30.67053
4096 104.09739 30.67049
4097 104.09466 30.66967
4098 104.09875 30.67089
4099 104.0966 30.65077
4100 104.06021 30.67551
4101 104.0619 30.67662
4102 104.05739 30.6917
4103 104.10326 30.67325
4104 104.10214 30.67293
4105 104.10211 30.67301
4106 104.10128 30.67397
4107 104.09936 30.67574
4108 104.03942 30.66805
4109 104.09881 30.67947
4110 104.1018 30.6718
4111 104.12521 30.68398
4112 104.12458 30.6882
4113 104.12306 30.68938
4114 104.11998 30.68629
4115 104.12134 30.68765
4116 104.12309 30.6867
4117 104.13389 30.69173
4118 104.13377 30.6917
4119 104.13077 30.68947
4120 104.13348 30.69207
4121 104.13337 30.69196
4122 104.13062 30.68956
4123 104.1332 30.69226
4124 104.1331 30.69218
4125 104.1237 30.6832
4126 104.14559 30.72038
4127 104.13934 30.69791
4128 104.03451 30.69358
4129 104.03299 30.69506
4130 104.03268 30.69517
4131 104.03306 30.69481
4132 104.10571 30.67783
4133 104.10705 30.67436
4134 104.02406 30.67182
4135 104.01892 30.67284
4136 104.00798 30.67448
4137 104.0116 30.67391
4138 104.01904 30.67223
4139 104.00509 30.7032
4140 104.00408 30.70355
4141 104.00497 30.70419
4142 104.00614 30.70496
4143 104.00911 30.70615
4144 104.0035 30.70485
4145 104.00282 30.7026
4146 104.11647 30.66064
4147 104.12151 30.66627
4148 104.12304 30.665
4149 104.12942 30.67894
4150 104.12705 30.67565
4151 104.12426 30.68132
4152 104.12828 30.67739
4153 104.12953 30.67905
4154 104.11515 30.6767
4155 104.13123 30.64636
4156 104.12719 30.64797
4157 104.1344 30.64851
4158 104.13688 30.6485
4159 104.13438 30.65016
4160 104.13439 30.64714
4161 104.13437 30.64571
4162 104.13691 30.6471
4163 104.11623 30.64672
4164 104.12014 30.64465
4165 104.14655 30.6808
4166 104.00534 30.70281
4167 104.14914 30.674
4168 104.02554 30.68196
4169 104.0253 30.68237
4170 104.01581 30.69234
4171 104.01778 30.69104
4172 104.01801 30.69089
4173 104.02061 30.68925
4174 104.0282 30.68432
4175 104.02198 30.6884
4176 104.02342 30.68739
4177 104.0251 30.68633
4178 104.02785 30.68454
4179 104.03535 30.68003
4180 104.03662 30.67943
4181 104.04439 30.67577
4182 104.03354 30.68092
4183 104.03867 30.67846
4184 104.03893 30.67833
4185 104.04565 30.67503
4186 104.04558 30.67508
4187 104.05782 30.66926
4188 104.04701 30.67428
4189 104.04926 30.67307
4190 104.05366 30.67097
4191 104.05377 30.67091
4192 104.05808 30.66927
4193 104.05979 30.66934
4194 104.06304 30.66942
4195 104.06316 30.66943
4196 104.05359 30.67017
4197 104.09941 30.69421
4198 104.10019 30.6978
4199 104.09715 30.69681
4200 104.09992 30.69659
4201 104.10207 30.67312
4202 104.1144 30.70288
4203 104.11449 30.70289
4204 104.11595 30.69481
4205 104.11448 30.7002
4206 104.11424 30.7002
4207 104.12198 30.6626
4208 104.12318 30.66292
4209 104.043 30.68543
4210 104.0409 30.6867
4211 104.04063 30.68663
4212 104.04317 30.68529
4213 104.06645 30.72368
4214 104.08029 30.72191
4215 104.07986 30.72336
4216 104.08028 30.72007
4217 104.08018 30.72193
4218 104.07883 30.71895
4219 104.07792 30.70907
4220 104.07805 30.71522
4221 104.0786 30.71809
4222 104.07808 30.71539
4223 104.0788 30.71806
4224 104.09787 30.68578
4225 104.09142 30.66876
4226 104.09809 30.68031
4227 104.12393 30.68327
4228 104.12486 30.68269
4229 104.12523 30.68426
4230 104.12348 30.68371
4231 104.1239 30.68326
4232 104.0687 30.72636
4233 104.07083 30.72601
4234 104.07436 30.72577
4235 104.07285 30.72799
4236 104.07241 30.7241
4237 104.07487 30.72517
4238 104.0788 30.72392
4239 104.08053 30.72315
4240 104.07186 30.72086
4241 104.10079 30.72923
4242 104.10522 30.7279
4243 104.10102 30.7229
4244 104.10394 30.7245
4245 104.10057 30.72165
4246 104.04191 30.68465
4247 104.04195 30.68381
4248 104.08036 30.66163
4249 104.13732 30.64009
4250 104.12517 30.64122
4251 104.12907 30.67459
4252 104.13124 30.67341
4253 104.13422 30.66342
4254 104.13491 30.65893
4255 104.13281 30.65828
4256 104.13669 30.65508
4257 104.10811 30.64521
4258 104.1145 30.65132
4259 104.12191 30.64891
4260 104.12953 30.65542
4261 104.13296 30.65261
4262 104.13202 30.65481
4263 104.1301 30.6537
4264 104.1363 30.71723
4265 104.09403 30.67775
4266 104.09397 30.67761
4267 104.07783 30.70639
4268 104.07778 30.7088
4269 104.07729 30.70838
4270 104.07832 30.70502
4271 104.00668 30.67221
4272 104.00747 30.67457
4273 104.00837 30.67748
4274 104.00654 30.67221
4275 104.00729 30.67486
4276 104.00753 30.67482
4277 104.01027 30.67435
4278 104.08337 30.64078
4279 104.0834 30.64068
4280 104.07585 30.64068
4281 104.07626 30.64053
4282 104.07601 30.64197
4283 104.0354 30.66986
4284 104.03544 30.66997
4285 104.12627 30.66126
4286 104.12451 30.66359
4287 104.1194 30.66084
4288 104.13091 30.6499
4289 104.13088 30.65195
4290 104.13393 30.65191
4291 104.14385 30.69037
4292 104.14249 30.689
4293 104.14425 30.68771
4294 104.14174 30.68824
4295 104.14348 30.68692
4296 104.12022 30.65578
4297 104.10779 30.72714
4298 104.11788 30.72517
4299 104.10551 30.7277
4300 104.1053 30.72776
4301 104.10807 30.72733
4302 104.10745 30.7273
4303 104.11252 30.72593
4304 104.12712 30.72369
4305 104.12765 30.72371
4306 104.11501 30.72571
4307 104.11422 30.72564
4308 104.1126 30.72619
4309 104.07094 30.66777
4310 104.07161 30.66742
4311 104.05748 30.65523
4312 104.04941 30.66071
4313 104.03079 30.6662
4314 104.03079 30.66567
4315 104.03022 30.66568
4316 104.03083 30.66567
4317 104.03065 30.66568
4318 104.03112 30.66793
4319 104.03163 30.66776
4320 104.03042 30.66749
4321 104.03042 30.66723
4322 104.02878 30.66719
4323 104.02881 30.66587
4324 104.02909 30.66511
4325 104.02756 30.66624
4326 104.02756 30.66654
4327 104.02756 30.66635
4328 104.02691 30.66636
4329 104.0269 30.66598
4330 104.02689 30.66748
4331 104.02687 30.66656
4332 104.02811 30.66655
4333 104.02731 30.66715
4334 104.02738 30.66657
4335 104.02845 30.66735
4336 104.02966 30.6674
4337 104.02858 30.66754
4338 104.02965 30.66754
4339 104.03105 30.66724
4340 104.03056 30.66723
4341 104.02961 30.66798
4342 104.02967 30.66723
4343 104.02767 30.66719
4344 104.02809 30.66718
4345 104.06655 30.71757
4346 104.06645 30.71748
4347 104.06649 30.71763
4348 104.06638 30.71771
4349 104.06675 30.71771
4350 104.06667 30.71775
4351 104.0674 30.71902
4352 104.06754 30.71919
4353 104.0895 30.69328
4354 104.09123 30.69793
4355 104.09712 30.7216
4356 104.10743 30.72057
4357 104.03659 30.69124
4358 104.03931 30.69381
4359 104.03916 30.69392
4360 104.00243 30.67554
4361 104.00601 30.675
4362 104.00114 30.67694
4363 104.14427 30.65211
4364 104.14331 30.64852
4365 104.14052 30.64853
4366 104.02157 30.70515
4367 104.02403 30.70285
4368 104.02422 30.70317
4369 104.02934 30.70742
4370 104.02929 30.70747
4371 104.02417 30.7032
4372 104.02285 30.70801
4373 104.0256 30.70481
4374 104.02569 30.70479
4375 104.0286 30.70291
4376 104.03139 30.70048
4377 104.02247 30.7042
4378 104.02872 30.69873
4379 104.02903 30.6989
4380 104.02203 30.7049
4381 104.0214 30.70564
4382 104.01926 30.71022
4383 104.02006 30.70986
4384 104.01349 30.70713
4385 104.01445 30.70721
4386 104.01859 30.709
4387 104.01805 30.70994
4388 104.01838 30.70965
4389 104.01852 30.70938
4390 104.01477 30.70756
4391 104.01886 30.70799
4392 104.02261 30.71173
4393 104.02056 30.71083
4394 104.01946 30.70721
4395 104.01731 30.711
4396 104.0199 30.70894
4397 104.02314 30.71173
4398 104.01755 30.70995
4399 104.01345 30.70737
4400 104.01974 30.70709
4401 104.01711 30.71164
4402 104.0075 30.70949
4403 104.00831 30.70806
4404 104.00855 30.70816
4405 104.00608 30.70088
4406 104.00377 30.70261
4407 104.00488 30.70261
4408 104.01661 30.68897
4409 104.02223 30.6948
4410 104.02235 30.69479
4411 104.05612 30.72833
4412 104.05554 30.7284
4413 104.05539 30.7278
4414 104.05629 30.72773
4415 104.0541 30.72083
4416 104.05665 30.72071
4417 104.0614 30.72008
4418 104.00422 30.72936
4419 104.00525 30.72516
4420 104.00272 30.72792
4421 104.00046 30.72976
4422 104.00149 30.72904
4423 104.13327 30.65193
4424 104.134 30.65062
4425 104.14367 30.68409
4426 104.13055 30.69411
4427 104.13593 30.68999
4428 104.12827 30.70541
4429 104.12574 30.70442
4430 104.12566 30.70432
4431 104.12685 30.70274
4432 104.1308 30.69413
4433 104.11538 30.69633
4434 104.11563 30.69632
4435 104.11603 30.69483
4436 104.11475 30.69291
4437 104.11024 30.69348
4438 104.11306 30.69144
4439 104.11295 30.69132
4440 104.11317 30.69136
4441 104.11306 30.69124
4442 104.11642 30.6944
4443 104.11649 30.69446
4444 104.11634 30.69447
4445 104.1164 30.69453
4446 104.1234 30.68703
4447 104.11892 30.69116
4448 104.12044 30.68929
4449 104.12188 30.68819
4450 104.12464 30.68826
4451 104.12168 30.69051
4452 104.12311 30.68943
4453 104.11177 30.69513
4454 104.12923 30.69515
4455 104.09603 30.69384
4456 104.09716 30.69787
4457 104.09703 30.69787
4458 104.09589 30.6939
4459 104.09396 30.69107
4460 104.09706 30.69557
4461 104.09702 30.69681
4462 104.09395 30.6979
4463 104.09405 30.69478
4464 104.09352 30.69341
4465 104.09248 30.69183
4466 104.09503 30.69263
4467 104.09693 30.69562
4468 104.10049 30.69171
4469 104.09933 30.69041
4470 104.09822 30.68895
4471 104.12555 30.68179
4472 104.12713 30.68065
4473 104.10595 30.70633
4474 104.11038 30.70636
4475 104.11451 30.70638
4476 104.11936 30.70695
4477 104.12361 30.70818
4478 104.13217 30.64444
4479 104.10365 30.69911
4480 104.10362 30.69743
4481 104.10089 30.69599
4482 104.10178 30.69494
4483 104.10141 30.69475
4484 104.10363 30.69342
4485 104.11812 30.69988
4486 104.07647 30.68625
4487 104.1172 30.70188
4488 104.12158 30.7076
4489 104.12236 30.70583
4490 104.12314 30.70393
4491 104.12729 30.70741
4492 104.12999 30.70826
4493 104.13122 30.71051
4494 104.13347 30.70824
4495 104.13387 30.70663
4496 104.13653 30.70875
4497 104.13716 30.71094
4498 104.13702 30.71048
4499 104.13691 30.70717
4500 104.14708 30.72752
4501 104.14439 30.72917
4502 104.13593 30.72902
4503 104.12616 30.71558
4504 104.12558 30.70465
4505 104.12547 30.7046
4506 104.12374 30.70822
4507 104.12464 30.70656
4508 104.12433 30.71013
4509 104.12524 30.71284
4510 104.12527 30.71293
4511 104.126 30.71505
4512 104.13233 30.72577
4513 104.13371 30.72735
4514 104.13236 30.72619
4515 104.13244 30.72567
4516 104.13613 30.72883
4517 104.13599 30.72896
4518 104.0571 30.71826
4519 104.06039 30.71541
4520 104.04073 30.7255
4521 104.03922 30.72433
4522 104.03716 30.72605
4523 104.05439 30.72092
4524 104.05575 30.71707
4525 104.05753 30.71525
4526 104.06372 30.68841
4527 104.06375 30.69058
4528 104.06387 30.69484
4529 104.06398 30.69693
4530 104.06346 30.70701
4531 104.0578 30.71478
4532 104.05573 30.72476
4533 104.05571 30.7249
4534 104.05595 30.72323
4535 104.0562 30.72213
4536 104.05648 30.72073
4537 104.0594 30.71317
4538 104.05989 30.71242
4539 104.06386 30.70257
4540 104.06368 30.70703
4541 104.06424 30.70256
4542 104.06347 30.69972
4543 104.06206 30.69698
4544 104.04609 30.72794
4545 104.11039 30.64203
4546 104.1146 30.64243
4547 104.10911 30.645
4548 104.109 30.64505
4549 104.10817 30.64565
4550 104.10836 30.64564
4551 104.03304 30.6951
4552 104.03126 30.69682
4553 104.02509 30.7002
4554 104.12191 30.64469
4555 104.12173 30.65329
4556 104.0194 30.66717
4557 104.00524 30.67498
4558 104.00316 30.67585
4559 104.04992 30.65521
4560 104.05019 30.65513
4561 104.05124 30.65474
4562 104.05239 30.65386
4563 104.06398 30.67296
4564 104.05648 30.6476
4565 104.04195 30.67703
4566 104.04327 30.67634
4567 104.04442 30.67583
4568 104.04681 30.67703
4569 104.04841 30.67561
4570 104.04905 30.67536
4571 104.0479 30.67612
4572 104.04706 30.67435
4573 104.04584 30.67342
4574 104.08621 30.64377
4575 104.14357 30.65976
4576 104.14301 30.65737
4577 104.14293 30.65584
4578 104.14473 30.65429
4579 104.05444 30.72509
4580 104.05423 30.72347
4581 104.05172 30.725
4582 104.05156 30.72803
4583 104.05325 30.72857
4584 104.05256 30.72842
4585 104.05349 30.72813
4586 104.05434 30.72787
4587 104.07204 30.71667
4588 104.07183 30.71679
4589 104.04924 30.71129
4590 104.00951 30.70642
4591 104.13276 30.66326
4592 104.13161 30.66416
4593 104.13164 30.6646
4594 104.10083 30.71612
4595 104.10064 30.71614
4596 104.09624 30.71673
4597 104.09414 30.717
4598 104.09281 30.71718
4599 104.08659 30.71801
4600 104.10567 30.72776
4601 104.10518 30.72779
4602 104.02312 30.69103
4603 104.02542 30.69355
4604 104.07755 30.65137
4605 104.078 30.65197
4606 104.08257 30.66527
4607 104.07881 30.65909
4608 104.05172 30.64849
4609 104.05194 30.64852
4610 104.13094 30.6604
4611 104.13043 30.65642
4612 104.11588 30.70886
4613 104.13947 30.72296
4614 104.13697 30.66129
4615 104.07948 30.6407
4616 104.08064 30.64281
4617 104.07957 30.64067
4618 104.0803 30.64225
4619 104.08034 30.6404
4620 104.0831 30.65467
4621 104.08348 30.6545
4622 104.06001 30.71787
4623 104.05977 30.71657
4624 104.06453 30.71474
4625 104.06091 30.715
4626 104.07187 30.71417
4627 104.06771 30.71452
4628 104.05502 30.70072
4629 104.03623 30.7119
4630 104.03821 30.71246
4631 104.04041 30.71267
4632 104.04255 30.71286
4633 104.04555 30.71325
4634 104.04782 30.71332
4635 104.05568 30.71684
4636 104.05585 30.71697
4637 104.05604 30.71703
4638 104.05707 30.71684
4639 104.05722 30.71688
4640 104.0604 30.71524
4641 104.09856 30.71219
4642 104.09897 30.71286
4643 104.09552 30.71413
4644 104.09354 30.7148
4645 104.09742 30.71316
4646 104.09746 30.71321
4647 104.09898 30.71556
4648 104.08617 30.6986
4649 104.08874 30.69739
4650 104.08636 30.69903
4651 104.08554 30.69905
4652 104.0874 30.69902
4653 104.08359 30.69621
4654 104.07904 30.70066
4655 104.13408 30.72767
4656 104.03903 30.72334
4657 104.04397 30.72228
4658 104.04408 30.7222
4659 104.06387 30.69788
4660 104.01556 30.64056
4661 104.00889 30.64281
4662 104.00879 30.64279
4663 104.01459 30.64018
4664 104.01488 30.64017
4665 104.02355 30.64127
4666 104.02227 30.64029
4667 104.02491 30.64227
4668 104.03764 30.66873
4669 104.03872 30.66842
4670 104.03833 30.66894
4671 104.03763 30.66901
4672 104.03808 30.66879
4673 104.03839 30.65946
4674 104.03855 30.65946
4675 104.0384 30.6591
4676 104.03878 30.64475
4677 104.03838 30.64419
4678 104.03845 30.64406
4679 104.03892 30.64387
4680 104.03976 30.64472
4681 104.03905 30.64474
4682 104.03916 30.64393
4683 104.03952 30.64447
4684 104.05761 30.65057
4685 104.05782 30.6498
4686 104.05819 30.64985
4687 104.05861 30.64999
4688 104.05877 30.65005
4689 104.05861 30.65043
4690 104.05832 30.6505
4691 104.05793 30.6505
4692 104.07454 30.72075
4693 104.07191 30.72093
4694 104.0803 30.72014
4695 104.08041 30.72012
4696 104.08202 30.71927
4697 104.14887 30.67399
4698 104.14432 30.67278
4699 104.05587 30.7247
4700 104.05571 30.72516
4701 104.12873 30.69669
4702 104.12934 30.72179
4703 104.09038 30.69805
4704 104.08969 30.69853
4705 104.13404 30.66339
4706 104.13719 30.64324
4707 104.13594 30.65688
4708 104.03184 30.71114
4709 104.03101 30.71232
4710 104.03095 30.71241
4711 104.02712 30.71036
4712 104.02706 30.71032
4713 104.02712 30.71025
4714 104.02924 30.70743
4715 104.02929 30.70739
4716 104.03038 30.70607
4717 104.03149 30.70496
4718 104.03254 30.70386
4719 104.03425 30.7022
4720 104.03434 30.70213
4721 104.03673 30.70033
4722 104.03897 30.69867
4723 104.13152 30.67326
4724 104.13389 30.67553
4725 104.13384 30.67459
4726 104.13392 30.67445
4727 104.12942 30.67257
4728 104.1284 30.67734
4729 104.12952 30.67886
4730 104.12963 30.67897
4731 104.12718 30.67559
4732 104.12668 30.67384
4733 104.12764 30.67142
4734 104.12756 30.67155
4735 104.12696 30.67256
4736 104.11839 30.64571
4737 104.12019 30.64473
4738 104.12113 30.64438
4739 104.12195 30.64463
4740 104.12794 30.6436
4741 104.13339 30.64522
4742 104.10481 30.6521
4743 104.1027 30.65308
4744 104.10194 30.65343
4745 104.10099 30.65387
4746 104.10609 30.65151
4747 104.10849 30.65038
4748 104.10699 30.65109
4749 104.0714 30.66842
4750 104.07484 30.66687
4751 104.07651 30.66603
4752 104.0766 30.66599
4753 104.07655 30.66609
4754 104.07627 30.66554
4755 104.07635 30.6656
4756 104.07639 30.66566
4757 104.07663 30.66614
4758 104.05142 30.64867
4759 104.05129 30.64875
4760 104.05643 30.64752
4761 104.05669 30.6474
4762 104.00644 30.65048
4763 104.00658 30.6505
4764 104.00662 30.65013
4765 104.00659 30.65073
4766 104.00584 30.6588
4767 104.00597 30.65497
4768 104.0019 30.65414
4769 104.00548 30.6547
4770 104.00613 30.65468
4771 104.00607 30.65486
4772 104.00615 30.65488
4773 104.0065 30.65484
4774 104.00622 30.65504
4775 104.00666 30.65455
4776 104.00606 30.654
4777 104.08304 30.72968
4778 104.07075 30.6424
4779 104.07269 30.64603
4780 104.08604 30.65222
4781 104.08676 30.65173
4782 104.08566 30.65174
4783 104.08554 30.65041
4784 104.04832 30.65545
4785 104.09177 30.66279
4786 104.09175 30.66265
4787 104.09359 30.66479
4788 104.0933 30.66463
4789 104.12133 30.64233
4790 104.12186 30.64207
4791 104.05329 30.72257
4792 104.13729 30.64145
4793 104.01173 30.70255
4794 104.01389 30.70348
4795 104.00741 30.70943
4796 104.01191 30.70496
4797 104.0139 30.70357
4798 104.01198 30.70502
4799 104.01216 30.70489
4800 104.01208 30.70494
4801 104.01381 30.70353
4802 104.00901 30.70038
4803 104.00734 30.69962
4804 104.00701 30.69997
4805 104.01604 30.70449
4806 104.01614 30.70453
4807 104.01779 30.70166
4808 104.01858 30.70048
4809 104.01198 30.7049
4810 104.0116 30.70258
4811 104.01166 30.70251
4812 104.01344 30.69993
4813 104.01478 30.69806
4814 104.01599 30.69643
4815 104.06813 30.69706
4816 104.01973 30.69891
4817 104.02293 30.6954
4818 104.02301 30.69532
4819 104.02538 30.6935
4820 104.02698 30.69251
4821 104.02982 30.69077
4822 104.02997 30.69078
4823 104.00075 30.6902
4824 104.0001 30.68812
4825 104.00091 30.683
4826 104.00321 30.68195
4827 104.00552 30.68087
4828 104.00938 30.67905
4829 104.00959 30.67897
4830 104.00284 30.69291
4831 104.00303 30.69318
4832 104.00002 30.68821
4833 104.00013 30.68817
4834 104.07189 30.72618
4835 104.06819 30.72698
4836 104.06802 30.72619
4837 104.06387 30.7274
4838 104.06651 30.7271
4839 104.10776 30.67359
4840 104.10779 30.67349
4841 104.09017 30.67303
4842 104.1483 30.69307
4843 104.14851 30.69292
4844 104.07699 30.66467
4845 104.07617 30.6654
4846 104.07417 30.66366
4847 104.0754 30.66429
4848 104.08165 30.6729
4849 104.08009 30.67408
4850 104.0907 30.66822
4851 104.08901 30.66885
4852 104.06421 30.71188
4853 104.06434 30.71273
4854 104.06461 30.71466
4855 104.06462 30.71473
4856 104.06497 30.71672
4857 104.06545 30.71762
4858 104.06601 30.71997
4859 104.06601 30.72009
4860 104.02754 30.69831
4861 104.12388 30.65319
4862 104.123 30.65321
4863 104.06399 30.69714
4864 104.0986 30.68824
4865 104.09951 30.68822
4866 104.10014 30.68734
4867 104.09975 30.6881
4868 104.1062 30.64392
4869 104.10648 30.64387
4870 104.10522 30.64235
4871 104.10415 30.6413
4872 104.10494 30.64139
4873 104.10486 30.64144
4874 104.10517 30.64196
4875 104.10533 30.64202
4876 104.1342 30.65036
4877 104.13455 30.65045
4878 104.12384 30.70795
4879 104.08675 30.72004
4880 104.08672 30.71799
4881 104.08738 30.72188
4882 104.05811 30.66631
4883 104.13464 30.69116
4884 104.1383 30.69475
4885 104.13647 30.69293
4886 104.13549 30.694
4887 104.10344 30.70776
4888 104.10853 30.70776
4889 104.11662 30.70048
4890 104.12735 30.69363
4891 104.1346 30.69104
4892 104.13162 30.68801
4893 104.13181 30.69033
4894 104.13295 30.68702
4895 104.14146 30.69543
4896 104.12919 30.70289
4897 104.10846 30.70028
4898 104.10932 30.70027
4899 104.14264 30.64576
4900 104.13213 30.64449
4901 104.13716 30.6485
4902 104.1405 30.64724
4903 104.11227 30.65953
4904 104.11035 30.65954
4905 104.10861 30.65957
4906 104.11256 30.6597
4907 104.04446 30.68585
4908 104.04288 30.68714
4909 104.10564 30.72767
4910 104.01103 30.65471
4911 104.01103 30.6546
4912 104.01113 30.65331
4913 104.01121 30.65242
4914 104.01136 30.65041
4915 104.01133 30.64756
4916 104.01359 30.64193
4917 104.01209 30.64384
4918 104.01464 30.64022
4919 104.01514 30.6405
4920 104.01424 30.64108
4921 104.01815 30.64242
4922 104.01961 30.6406
4923 104.02754 30.66499
4924 104.03287 30.66483
4925 104.03281 30.66459
4926 104.02115 30.66475
4927 104.0336 30.66419
4928 104.0378 30.66154
4929 104.03831 30.66131
4930 104.03852 30.66123
4931 104.0503 30.65518
4932 104.05017 30.65556
4933 104.04947 30.65531
4934 104.04956 30.65495
4935 104.04982 30.65523
4936 104.04219 30.66033
4937 104.04211 30.66036
4938 104.04091 30.66076
4939 104.1402 30.68694
4940 104.14049 30.68672
4941 104.1418 30.6882
4942 104.14256 30.68895
4943 104.14392 30.69031
4944 104.1356 30.68502
4945 104.14072 30.68115
4946 104.14091 30.68102
4947 104.14038 30.68141
4948 104.14037 30.68083
4949 104.14113 30.68155
4950 104.14045 30.68149
4951 104.09284 30.65255
4952 104.09307 30.65182
4953 104.09335 30.65177
4954 104.09312 30.65189
4955 104.09367 30.65283
4956 104.07806 30.7137
4957 104.07754 30.7135
4958 104.12454 30.64517
4959 104.08337 30.71304
4960 104.05431 30.71423
4961 104.05505 30.71414
4962 104.04196 30.71968
4963 104.0036 30.70437
4964 104.00592 30.70129
4965 104.0048 30.70261
4966 104.00528 30.70184
4967 104.00224 30.70163
4968 104.14912 30.67406
4969 104.14922 30.67402
4970 104.1492 30.67408
4971 104.14441 30.66912
4972 104.11052 30.70775
4973 104.11147 30.71069
4974 104.11165 30.71229
4975 104.11193 30.71456
4976 104.11194 30.71468
4977 104.11241 30.71729
4978 104.11286 30.71973
4979 104.08971 30.71759
4980 104.13898 30.68247
4981 104.0697 30.69783
4982 104.09563 30.67501
4983 104.09574 30.67504
4984 104.07559 30.65481
4985 104.07466 30.65315
4986 104.07805 30.65362
4987 104.08049 30.66163
4988 104.07904 30.65915
4989 104.08929 30.65421
4990 104.08718 30.65519
4991 104.11936 30.67987
4992 104.11805 30.67947
4993 104.11537 30.65669
4994 104.05885 30.68386
4995 104.06652 30.72369
4996 104.06747 30.72628
4997 104.06754 30.72704
4998 104.06844 30.7234
4999 104.06649 30.72364
5000 104.08915 30.72199
5001 104.0884 30.72225
5002 104.07286 30.72958
5003 104.09859 30.64635
5004 104.12979 30.66158
5005 104.13057 30.66078
5006 104.09836 30.64453
5007 104.13222 30.67679
5008 104.12215 30.68075
5009 104.12297 30.67908
5010 104.12532 30.67671
5011 104.12709 30.67571
5012 104.12722 30.67565
5013 104.12912 30.67463
5014 104.13132 30.67343
5015 104.13559 30.69359
5016 104.13512 30.69363
5017 104.13381 30.69237
5018 104.13311 30.69169
5019 104.13278 30.69245
5020 104.1328 30.69187
5021 104.13303 30.69158
5022 104.13269 30.69176
5023 104.1336 30.69268
5024 104.13395 30.69249
5025 104.1335 30.69256
5026 104.13289 30.69252
5027 104.12154 30.67009
5028 104.05057 30.68449
5029 104.05259 30.68493
5030 104.06059 30.69695
5031 104.084 30.68977
5032 104.10171 30.67636
5033 104.13457 30.72378
5034 104.13658 30.72551
5035 104.1356 30.7229
5036 104.1376 30.72461
5037 104.13262 30.72005
5038 104.13378 30.72181
5039 104.13561 30.72468
5040 104.13664 30.72379
5041 104.14694 30.72755
5042 104.1036 30.69725
5043 104.0611 30.72707
5044 104.06147 30.72771
5045 104.05743 30.72758
5046 104.0587 30.7276
5047 104.05912 30.72776
5048 104.0578 30.72809
5049 104.06369 30.70946
5050 104.06701 30.70994
5051 104.06545 30.71015
5052 104.05902 30.69719
5053 104.05908 30.69874
5054 104.05915 30.69815
5055 104.0634 30.69812
5056 104.04937 30.72286
5057 104.11681 30.67465
5058 104.11414 30.67636
5059 104.00125 30.65693
5060 104.00317 30.65567
5061 104.00312 30.65646
5062 104.01421 30.65038
5063 104.01418 30.64752
5064 104.10168 30.67644
5065 104.11885 30.67373
5066 104.1194 30.67233
5067 104.01564 30.6698
5068 104.01901 30.66782
5069 104.02524 30.67355
5070 104.02803 30.67522
5071 104.02973 30.67614
5072 104.06384 30.69645
5073 104.01321 30.70997
5074 104.00389 30.71385
5075 104.00431 30.71611
5076 104.0072 30.71743
5077 104.01757 30.72374
5078 104.02493 30.71312
5079 104.02324 30.71669
5080 104.00959 30.72737
5081 104.01351 30.72155
5082 104.00868 30.72284
5083 104.01123 30.72495
5084 104.01371 30.72665
5085 104.00835 30.72654
5086 104.00996 30.72364
5087 104.01296 30.72249
5088 104.01552 30.71442
5089 104.02304 30.71712
5090 104.05652 30.68839
5091 104.05349 30.70579
5092 104.0574 30.68683
5093 104.05662 30.68827
5094 104.02114 30.66483
5095 104.03712 30.66969
5096 104.11503 30.6533
5097 104.11515 30.6533
5098 104.127 30.70246
5099 104.1273 30.70251
5100 104.11426 30.70087
5101 104.11451 30.70087
5102 104.12709 30.70287
5103 104.12905 30.69623
5104 104.12878 30.69621
5105 104.1157 30.69608
5106 104.11546 30.69603
5107 104.07563 30.70503
5108 104.07722 30.70278
5109 104.07728 30.69705
5110 104.13302 30.68943
5111 104.13109 30.70586
5112 104.04981 30.67669
5113 104.04062 30.68133
5114 104.04118 30.68018
5115 104.07835 30.66524
5116 104.08013 30.66442
5117 104.08166 30.6637
5118 104.08235 30.6648
5119 104.11526 30.72525
5120 104.11514 30.7235
5121 104.1009 30.69013
5122 104.10168 30.69106
5123 104.13348 30.70656
5124 104.12925 30.70969
5125 104.12372 30.69506
5126 104.13556 30.71081
5127 104.12587 30.6846
5128 104.11843 30.68732
5129 104.12962 30.69516
5130 104.12143 30.68052
5131 104.1298 30.6887
5132 104.12996 30.68867
5133 104.13158 30.6733
5134 104.13453 30.67124
5135 104.13453 30.67131
5136 104.13167 30.66933
5137 104.13343 30.67188
5138 104.13348 30.67194
5139 104.13573 30.67417
5140 104.00805 30.71782
5141 104.02534 30.71268
5142 104.01414 30.66493
5143 104.0024 30.65751
5144 104.00252 30.6576
5145 104.00204 30.65751
5146 104.00233 30.65755
5147 104.00244 30.65761
5148 104.00246 30.65755
5149 104.00258 30.6576
5150 104.00033 30.69001
5151 104.13483 30.72796
5152 104.13528 30.7281
5153 104.13344 30.7269
5154 104.13113 30.72471
5155 104.13148 30.7248
5156 104.13729 30.66307
5157 104.14407 30.64575
5158 104.13038 30.64365
5159 104.13046 30.64368
5160 104.13042 30.64359
5161 104.1305 30.64361
5162 104.1272 30.64996
5163 104.12924 30.64505
5164 104.11043 30.70635
5165 104.05852 30.66599
5166 104.05916 30.66238
5167 104.05917 30.66209
5168 104.05898 30.66238
5169 104.05874 30.66466
5170 104.01654 30.67949
5171 104.01815 30.67899
5172 104.02048 30.68092
5173 104.01881 30.67854
5174 104.02054 30.67816
5175 104.01912 30.67894
5176 104.01971 30.67972
5177 104.02159 30.68059
5178 104.10438 30.72215
5179 104.10796 30.7214
5180 104.10809 30.72136
5181 104.10804 30.72111
5182 104.10883 30.72293
5183 104.10423 30.72418
5184 104.10486 30.72398
5185 104.10872 30.72287
5186 104.1088 30.72284
5187 104.11107 30.72216
5188 104.12225 30.66902
5189 104.1417 30.66376
5190 104.14278 30.66497
5191 104.14025 30.66438
5192 104.1405 30.67109
5193 104.14404 30.66914
5194 104.14416 30.66984
5195 104.14945 30.6694
5196 104.14947 30.66929
5197 104.02526 30.71263
5198 104.02682 30.71675
5199 104.028 30.71538
5200 104.02667 30.71665
5201 104.02927 30.72049
5202 104.02761 30.71599
5203 104.02905 30.71696
5204 104.08448 30.7206
5205 104.08457 30.72058
5206 104.08458 30.72229
5207 104.08527 30.7222
5208 104.0839 30.71833
5209 104.08399 30.7183
5210 104.08392 30.71842
5211 104.08402 30.71839
5212 104.09664 30.71907
5213 104.08174 30.70724
5214 104.06758 30.69925
5215 104.0622 30.69698
5216 104.05702 30.69721
5217 104.09485 30.64597
5218 104.09478 30.64583
5219 104.09544 30.64558
5220 104.0955 30.64571
5221 104.06841 30.72216
5222 104.06875 30.72335
5223 104.08507 30.64147
5224 104.04111 30.67567
5225 104.02821 30.66352
5226 104.01967 30.6589
5227 104.02032 30.65891
5228 104.02044 30.65882
5229 104.01621 30.67309
5230 104.01759 30.6678
5231 104.01692 30.66741
5232 104.10165 30.72507
5233 104.10176 30.72511
5234 104.10136 30.72415
5235 104.14398 30.68407
5236 104.05095 30.65408
5237 104.11599 30.68912
5238 104.13029 30.689
5239 104.13021 30.68912
5240 104.11984 30.65482
5241 104.11933 30.65568
5242 104.14398 30.66613
5243 104.05619 30.64467
5244 104.13948 30.6484
5245 104.13929 30.64826
5246 104.05511 30.70759
5247 104.00899 30.69079
5248 104.02431 30.65636
5249 104.02432 30.65584
5250 104.12883 30.65452
5251 104.13135 30.65714
5252 104.12897 30.65905
5253 104.11045 30.64696
5254 104.02776 30.70012
5255 104.14071 30.64577
5256 104.03977 30.7174
5257 104.11876 30.71893
5258 104.12118 30.71871
5259 104.11261 30.72016
5260 104.11153 30.72046
5261 104.09219 30.72196
5262 104.09178 30.7216
5263 104.09342 30.72136
5264 104.03907 30.72359
5265 104.04011 30.72422
5266 104.03826 30.72326
5267 104.0367 30.72226
5268 104.03742 30.72208
5269 104.02623 30.71397
5270 104.00076 30.70043
5271 104.00081 30.70052
5272 104.01129 30.65135
5273 104.00928 30.6514
5274 104.00882 30.64973
5275 104.01847 30.64649
5276 104.00205 30.70946
5277 104.00488 30.7088
5278 104.13672 30.65112
5279 104.06609 30.69484
5280 104.06607 30.69058
5281 104.07865 30.69682
5282 104.07823 30.69228
5283 104.07845 30.69219
5284 104.07794 30.6911
5285 104.07892 30.69681
5286 104.00977 30.66727
5287 104.01322 30.66931
5288 104.01187 30.6687
5289 104.01159 30.67388
5290 104.0132 30.66637
5291 104.0131 30.66653
5292 104.0104 30.67085
5293 104.05916 30.71342
5294 104.05732 30.71709
5295 104.06355 30.70772
5296 104.06327 30.7078
5297 104.05857 30.71434
5298 104.05995 30.71287
5299 104.05885 30.70867
5300 104.05984 30.7124
5301 104.05634 30.71622
5302 104.06015 30.71213
5303 104.00732 30.68391
5304 104.00685 30.68414
5305 104.11249 30.72926
5306 104.06096 30.71153
5307 104.06083 30.71145
5308 104.06232 30.70925
5309 104.06214 30.7095
5310 104.04961 30.71876
5311 104.05293 30.72019
5312 104.02494 30.72796
5313 104.05391 30.64113
5314 104.12757 30.66903
5315 104.10065 30.6725
5316 104.11406 30.66561
5317 104.04622 30.67056
5318 104.02639 30.65556
5319 104.01539 30.725
5320 104.02234 30.72909
5321 104.0146 30.72978
5322 104.09916 30.71286
5323 104.12663 30.69022
5324 104.134 30.68624
5325 104.00446 30.67907
5326 104.00882 30.68177
5327 104.00176 30.68751
5328 104.00056 30.68559
5329 104.0013 30.71476
5330 104.00302 30.71555
5331 104.00338 30.71571
5332 104.01668 30.71191
5333 104.00425 30.71399
5334 104.00106 30.71276
5335 104.00104 30.71836
5336 104.00104 30.72183
5337 104.00048 30.72123
5338 104.0091 30.72533
5339 104.01224 30.72572
5340 104.00802 30.72898
5341 104.01925 30.671
5342 104.02062 30.67104
5343 104.06889 30.70413
5344 104.0023 30.70567
5345 104.00074 30.70423
5346 104.0 30.706
5347 104.00058 30.70719
5348 104.00731 30.6926
5349 104.00785 30.70348
5350 104.00751 30.70515
5351 104.01058 30.70414
5352 104.01055 30.70405
5353 104.02709 30.70416
5354 104.14927 30.67026
5355 104.14955 30.66939
5356 104.1481 30.6701
5357 104.14309 30.66994
5358 104.14451 30.66984
5359 104.1212 30.70123
5360 104.12169 30.70133
5361 104.12493 30.70124
5362 104.06634 30.70519
5363 104.05832 30.69487
5364 104.06207 30.69486
5365 104.06058 30.69488
5366 104.06157 30.69274
5367 104.06057 30.69273
5368 104.05824 30.69391
5369 104.06207 30.6939
5370 104.07856 30.69476
5371 104.12819 30.67348
5372 104.13193 30.69307
5373 104.13018 30.6915
5374 104.13114 30.69077
5375 104.12734 30.6864
5376 104.12694 30.68601
5377 104.12874 30.69658
5378 104.12902 30.69658
5379 104.12628 30.69669
5380 104.12536 30.69669
5381 104.12536 30.69658
5382 104.1322 30.6832
5383 104.13144 30.68471
5384 104.13158 30.68484
5385 104.13215 30.68557
5386 104.14755 30.69082
5387 104.14753 30.691
5388 104.14578 30.68922
5389 104.14743 30.6909
5390 104.13427 30.69468
5391 104.13437 30.68843
5392 104.12055 30.70119
5393 104.01002 30.65136
5394 104.0099 30.65071
5395 104.00916 30.65167
5396 104.01003 30.65168
5397 104.00923 30.65095
5398 104.00988 30.65096
5399 104.06492 30.65793
5400 104.13787 30.67785
5401 104.08421 30.65236
5402 104.14662 30.67861
5403 104.1427 30.67851
5404 104.13793 30.67626
5405 104.13728 30.67676
5406 104.14566 30.67938
5407 104.1444 30.67941
5408 104.14617 30.67465
5409 104.14542 30.67443
5410 104.00114 30.6535
5411 104.00063 30.65376
5412 104.00134 30.65392
5413 104.00838 30.72268
5414 104.00847 30.72273
5415 104.00861 30.7228
5416 104.00968 30.72724
5417 104.0105 30.72603
5418 104.02915 30.72042
5419 104.02595 30.72456
5420 104.02193 30.72166
5421 104.02613 30.71654
5422 104.02078 30.72817
5423 104.02957 30.72037
5424 104.14936 30.67028
5425 104.06058 30.69391
5426 104.07389 30.66721
5427 104.07463 30.65225
5428 104.07416 30.65156
5429 104.07665 30.64994
5430 104.07548 30.64867
5431 104.07832 30.72906
5432 104.13349 30.66984
5433 104.13304 30.66843
5434 104.13444 30.66985
5435 104.06078 30.67255
5436 104.06245 30.67185
5437 104.14521 30.71638
5438 104.14538 30.71635
5439 104.14852 30.71525
5440 104.12976 30.72309
5441 104.13374 30.72174
5442 104.13667 30.72004
5443 104.13514 30.72098
5444 104.1363 30.72174
5445 104.08327 30.7179
5446 104.08367 30.71841
5447 104.03875 30.67997
5448 104.03808 30.67886
5449 104.03935 30.68089
5450 104.13013 30.67408
5451 104.06021 30.64893
5452 104.05999 30.64774
5453 104.06023 30.64833
5454 104.06116 30.65452
5455 104.05962 30.65391
5456 104.06063 30.65475
5457 104.05985 30.65425
5458 104.06092 30.65879
5459 104.06106 30.64896
5460 104.07743 30.69477
5461 104.0773 30.69681
5462 104.07752 30.69477
5463 104.06375 30.69165
5464 104.14601 30.66963
5465 104.1469 30.66959
5466 104.14126 30.67045
5467 104.14072 30.67058
5468 104.14193 30.66968
5469 104.13721 30.67337
5470 104.13697 30.67316
5471 104.14689 30.66959
5472 104.14659 30.66955
5473 104.04774 30.66427
5474 104.04781 30.66392
5475 104.04736 30.66395
5476 104.05213 30.67503
5477 104.0546 30.67387
5478 104.04706 30.66202
5479 104.04758 30.66273
5480 104.04745 30.66252
5481 104.04848 30.66357
5482 104.04825 30.66305
5483 104.06681 30.67432
5484 104.06622 30.67338
5485 104.03057 30.68907
5486 104.02841 30.68701
5487 104.06672 30.64916
5488 104.04652 30.67086
5489 104.04265 30.66442
5490 104.04304 30.6655
5491 104.04356 30.665
5492 104.03827 30.6628
5493 104.03672 30.6628
5494 104.09692 30.7008
5495 104.13073 30.67109
5496 104.12975 30.67234
5497 104.12695 30.66647
5498 104.12735 30.66886
5499 104.04354 30.67463
5500 104.04464 30.67327
5501 104.04335 30.67397
5502 104.05701 30.71584
5503 104.05738 30.71636
5504 104.02249 30.66272
5505 104.0197 30.65984
5506 104.12312 30.71163
5507 104.13216 30.72913
5508 104.13229 30.72922
5509 104.13568 30.72905
5510 104.08565 30.72284
5511 104.08683 30.72786
5512 104.06118 30.66062
5513 104.06118 30.66086
5514 104.04693 30.65875
5515 104.07509 30.64238
5516 104.07572 30.64384
5517 104.07651 30.64534
5518 104.07603 30.64202
5519 104.07454 30.64256
5520 104.01846 30.72681
5521 104.01648 30.72833
5522 104.01923 30.73
5523 104.06417 30.71163
5524 104.02738 30.72341
5525 104.06921 30.65809
5526 104.06912 30.65797
5527 104.09343 30.65191
5528 104.09396 30.65203
5529 104.09417 30.65207
5530 104.09389 30.65267
5531 104.09361 30.65274
5532 104.09306 30.65258
5533 104.09144 30.64784
5534 104.09126 30.64845
5535 104.09072 30.64756
5536 104.09137 30.64771
5537 104.09041 30.64818
5538 104.0906 30.64766
5539 104.09116 30.64855
5540 104.09046 30.64833
5541 104.09346 30.64667
5542 104.09541 30.64611
5543 104.09499 30.64591
5544 104.04075 30.68176
5545 104.08442 30.72853
5546 104.08495 30.7284
5547 104.08504 30.72838
5548 104.08552 30.72826
5549 104.05512 30.67995
5550 104.05502 30.67989
5551 104.05134 30.67707
5552 104.05127 30.67698
5553 104.05013 30.67517
5554 104.04917 30.67311
5555 104.04961 30.67145
5556 104.04952 30.66944
5557 104.04427 30.65744
5558 104.04436 30.65747
5559 104.04477 30.65769
5560 104.08216 30.67577
5561 104.07789 30.67823
5562 104.0492 30.67321
5563 104.02628 30.72461
5564 104.02611 30.72503
5565 104.02909 30.72096
5566 104.02882 30.72154
5567 104.02833 30.72154
5568 104.02879 30.72111
5569 104.02277 30.72857
5570 104.02343 30.72841
5571 104.02308 30.72863
5572 104.0597 30.66982
5573 104.05971 30.66942
5574 104.09605 30.6676
5575 104.09643 30.66599
5576 104.07232 30.72454
5577 104.06602 30.72168
5578 104.06601 30.7216
5579 104.06608 30.72159
5580 104.06608 30.72167
5581 104.07241 30.72505
5582 104.07153 30.72097
5583 104.07174 30.72095
5584 104.07172 30.72087
5585 104.12046 30.66201
5586 104.12058 30.66082
5587 104.12049 30.66173
5588 104.12101 30.66192
5589 104.12047 30.66192
5590 104.1225 30.65993
5591 104.12248 30.65996
5592 104.05281 30.69369
5593 104.0547 30.6937
5594 104.12108 30.65306
5595 104.1126 30.68742
5596 104.11206 30.68674
5597 104.11372 30.68623
5598 104.11245 30.68723
5599 104.11325 30.68556
5600 104.09271 30.69172
5601 104.0401 30.69725
5602 104.03974 30.69618
5603 104.10737 30.65656
5604 104.10691 30.65657
5605 104.14215 30.6685
5606 104.13985 30.6705
5607 104.13666 30.68015
5608 104.13778 30.6804
5609 104.1285 30.68715
5610 104.12746 30.68551
5611 104.12693 30.68562
5612 104.12736 30.68604
5613 104.13358 30.68623
5614 104.13724 30.68378
5615 104.11177 30.65258
5616 104.11299 30.65314
5617 104.11174 30.65288
5618 104.11169 30.65354
5619 104.14024 30.69594
5620 104.04281 30.64015
5621 104.04791 30.71333
5622 104.04794 30.71344
5623 104.04863 30.71092
5624 104.04868 30.71087
5625 104.04986 30.70964
5626 104.05354 30.70584
5627 104.05465 30.69171
5628 104.05471 30.69294
5629 104.05472 30.69323
5630 104.05489 30.69671
5631 104.0549 30.69694
5632 104.05491 30.69723
5633 104.05509 30.70078
5634 104.05511 30.70127
5635 104.03372 30.64961
5636 104.03408 30.65058
5637 104.03491 30.65079
5638 104.03809 30.65086
5639 104.1412 30.69051
5640 104.13997 30.69144
5641 104.04939 30.67374
5642 104.04884 30.67389
5643 104.0487 30.67393
5644 104.04947 30.6754
5645 104.0874 30.64527
5646 104.0606 30.69717
5647 104.10244 30.69449
5648 104.09637 30.69616
5649 104.09397 30.69618
5650 104.0964 30.69787
5651 104.09156 30.69597
5652 104.09258 30.69549
5653 104.09059 30.69275
5654 104.08465 30.69104
5655 104.13697 30.65985
5656 104.13232 30.6621
5657 104.13426 30.66334
5658 104.13728 30.66297
5659 104.13985 30.66269
5660 104.14249 30.66236
5661 104.1413 30.66251
5662 104.13355 30.66315
5663 104.14483 30.67306
5664 104.12715 30.67133
5665 104.12445 30.66984
5666 104.12381 30.66972
5667 104.12017 30.66771
5668 104.14074 30.64119
5669 104.13959 30.6433
5670 104.14071 30.64332
5671 104.02413 30.70868
5672 104.02258 30.71117
5673 104.02408 30.70876
5674 104.02364 30.71244
5675 104.02245 30.71347
5676 104.1104 30.66061
5677 104.10825 30.66057
5678 104.04864 30.6766
5679 104.04959 30.678
5680 104.05312 30.67607
5681 104.05272 30.67548
5682 104.03355 30.70178
5683 104.03311 30.70214
5684 104.05361 30.6691
5685 104.05498 30.66874
5686 104.05386 30.66275
5687 104.1088 30.64496
5688 104.10901 30.64527
5689 104.0421 30.69267
5690 104.04279 30.69267
5691 104.04596 30.68917
5692 104.08655 30.64363
5693 104.08947 30.64558
5694 104.0973 30.64169
5695 104.09849 30.64283
5696 104.12309 30.65178
5697 104.13173 30.66938
5698 104.10684 30.69558
5699 104.14716 30.66164
5700 104.14618 30.66371
5701 104.14562 30.66436
5702 104.14752 30.66354
5703 104.14849 30.66599
5704 104.13673 30.65485
5705 104.13595 30.65329
5706 104.14055 30.64911
5707 104.12584 30.64798
5708 104.12711 30.64797
5709 104.12717 30.65133
5710 104.12776 30.65237
5711 104.12718 30.65218
5712 104.01917 30.68269
5713 104.02182 30.68282
5714 104.03666 30.67947
5715 104.03538 30.68008
5716 104.14064 30.68075
5717 104.14043 30.68088
5718 104.05276 30.70665
5719 104.0483 30.68138
5720 104.05382 30.6852
5721 104.02753 30.70209
5722 104.02879 30.7009
5723 104.02626 30.70321
5724 104.02532 30.70224
