0 108.971361 34.224919
1 108.934404 34.237174
2 108.959401 34.231826
3 108.927908 34.260973
4 108.941828 34.26074
5 108.942663 34.260593
6 108.900272 34.242742
7 108.915365 34.200138
8 108.923755 34.200144
9 108.930749 34.200081
10 108.990653 34.268303
11 108.991775 34.249264
12 108.991629 34.246543
13 108.974621 34.237567
14 108.967056 34.234403
15 108.962456 34.232475
16 108.966145 34.233899
17 108.991849 34.244226
18 108.99217 34.24425
19 108.992374 34.244652
20 108.992178 34.245793
21 108.992247 34.247317
22 108.991978 34.257846
23 108.994667 34.270847
24 108.997668 34.270846
25 109.004852 34.270866
26 109.004868 34.260324
27 108.992124 34.260531
28 109.009267 34.252623
29 108.942386 34.249875
30 108.941943 34.2245
31 108.941788 34.201674
32 108.941886 34.210698
33 108.934385 34.210699
34 108.941582 34.25405
35 108.943067 34.253999
36 108.941994 34.260597
37 108.958462 34.25789
38 108.962256 34.26102
39 108.962244 34.269973
40 108.9604 34.269947
41 108.960496 34.273382
42 108.958108 34.273403
43 108.958068 34.275195
44 108.920983 34.257326
45 108.927802 34.25734
46 108.934366 34.257203
47 108.937617 34.257049
48 108.942271 34.25706
49 108.921482 34.260641
50 108.921344 34.261479
51 108.920987 34.261654
52 108.919491 34.26133
53 108.917322 34.270852
54 108.918482 34.271393
55 108.918437 34.270918
56 108.917623 34.270678
57 108.91817 34.271682
58 108.917718 34.276131
59 108.923763 34.27827
60 108.935308 34.278402
61 108.963167 34.278463
62 108.970951 34.279037
63 108.972336 34.279044
64 108.927879 34.261134
65 108.934363 34.261079
66 108.915722 34.252352
67 108.918806 34.252219
68 108.918695 34.260856
69 108.919525 34.26066
70 108.921774 34.260794
71 108.942868 34.260787
72 108.942846 34.261252
73 108.942646 34.261421
74 108.94198 34.2614
75 108.941793 34.261212
76 108.941646 34.2611
77 108.917437 34.271622
78 108.917486 34.271663
79 108.918132 34.27069
80 108.919136 34.278088
81 108.991815 34.244864
82 108.99233 34.244733
83 108.942056 34.201677
84 108.94249 34.266001
85 108.942424 34.261858
86 108.962287 34.265805
87 108.918876 34.242698
88 108.91693 34.27705
89 108.902609 34.25235
90 108.934415 34.242705
91 108.906303 34.243115
92 108.906503 34.242407
93 108.905052 34.241139
94 108.90479 34.240749
95 108.901688 34.23598
96 108.901861 34.235875
97 108.902753 34.241658
98 108.900901 34.23885
99 108.90231 34.240997
100 108.901549 34.239854
101 108.903116 34.213528
102 108.934035 34.231859
103 108.934965 34.231486
104 108.93428 34.231127
105 108.934754 34.231927
106 108.933954 34.231785
107 108.934863 34.231319
108 108.934012 34.231279
109 108.926912 34.23181
110 108.927448 34.231101
111 108.949359 34.261174
112 109.009298 34.278914
113 108.994646 34.278991
114 108.955838 34.271596
115 108.958146 34.271619
116 108.965605 34.261052
117 108.966267 34.260252
118 108.974546 34.260646
119 108.967698 34.278409
120 108.944987 34.265984
121 108.942451 34.263404
122 108.944915 34.263382
123 108.904415 34.230773
124 108.906596 34.229803
125 108.911706 34.237744
126 108.942199 34.231524
127 108.948924 34.227088
128 108.948889 34.224482
129 108.928267 34.253575
130 108.960465 34.271638
131 108.962231 34.271636
132 108.977313 34.270877
133 108.934274 34.268413
134 108.93433 34.266075
135 108.94234 34.26601
136 108.933579 34.264752
137 108.933604 34.268406
138 109.004917 34.200142
139 108.934466 34.228947
140 108.951993 34.231572
141 108.96531 34.224866
142 108.914658 34.260878
143 108.960526 34.275177
144 108.940645 34.278512
145 108.901555 34.222204
146 108.94949 34.261181
147 108.955869 34.265841
148 108.955861 34.263367
149 108.95584 34.261141
150 108.952385 34.257631
151 108.955823 34.259982
152 108.952888 34.254926
153 108.952811 34.253547
154 108.956303 34.253636
155 108.954834 34.257996
156 108.955178 34.255997
157 108.949323 34.257552
158 108.964888 34.213228
159 108.956298 34.213235
160 108.941876 34.213404
161 108.985907 34.237488
162 108.996154 34.207855
163 108.996419 34.207938
164 108.99477 34.206583
165 108.996254 34.20826
166 108.996218 34.203326
167 108.997043 34.201468
168 108.95187 34.227085
169 108.904524 34.231904
170 108.906482 34.233804
171 108.908579 34.232848
172 108.915028 34.216494
173 108.921502 34.216495
174 108.916553 34.221828
175 108.934371 34.216133
176 108.960546 34.276373
177 108.962292 34.273366
178 108.964279 34.271642
179 108.960563 34.277569
180 108.964312 34.276361
181 108.949554 34.263317
182 108.966299 34.276355
183 108.964312 34.273349
184 108.964312 34.275149
185 108.966297 34.275144
186 108.962234 34.27638
187 108.96229 34.275164
188 108.928135 34.27135
189 108.966181 34.271651
190 108.96222 34.277601
191 108.94151 34.253576
192 108.966254 34.273341
193 108.962281 34.263347
194 108.942374 34.257694
195 108.955874 34.26861
196 108.962268 34.267519
197 108.928268 34.273053
198 108.953809 34.276391
199 108.928327 34.277095
200 108.9582 34.268667
201 108.922903 34.271213
202 108.958273 34.27149
203 108.938119 34.272629
204 108.955899 34.276386
205 108.966293 34.261557
206 108.938126 34.27139
207 108.942573 34.275175
208 108.958221 34.267439
209 108.934318 34.259161
210 108.951713 34.275204
211 108.922923 34.272968
212 108.958268 34.271634
213 108.949597 34.276404
214 108.946482 34.269655
215 108.943226 34.277323
216 108.958096 34.277048
217 108.927038 34.253578
218 108.960468 34.271484
219 108.94956 34.273162
220 108.958173 34.275198
221 108.955888 34.273373
222 108.928265 34.275209
223 108.955844 34.269925
224 108.942434 34.268561
225 108.933579 34.272803
226 108.927869 34.25922
227 108.928335 34.275207
228 108.96035 34.263371
229 108.931362 34.257407
230 108.958148 34.271499
231 108.967578 34.265819
232 108.965335 34.265736
233 108.966202 34.267644
234 108.966201 34.268909
235 108.951704 34.276393
236 108.966214 34.271526
237 108.941852 34.277302
238 108.966226 34.270029
239 108.922905 34.271311
240 108.938091 34.275192
241 108.962292 34.268787
242 108.946473 34.271453
243 108.93837 34.266066
244 108.96028 34.261032
245 108.9314 34.253571
246 108.966203 34.266017
247 108.922884 34.275241
248 108.949323 34.253624
249 108.955871 34.267372
250 108.938128 34.271527
251 108.951695 34.277432
252 108.920861 34.275326
253 108.952366 34.265878
254 108.964295 34.269999
255 108.953781 34.275201
256 108.946519 34.265955
257 108.949613 34.277423
258 108.942526 34.269719
259 108.95816 34.276381
260 108.942468 34.27267
261 108.931825 34.275224
262 108.931744 34.272911
263 108.928265 34.271352
264 108.966183 34.265612
265 108.960392 34.265799
266 108.951882 34.271496
267 108.945035 34.269674
268 108.962232 34.271487
269 108.949564 34.275211
270 108.921579 34.276975
271 108.931339 34.259134
272 108.928407 34.277095
273 108.95833 34.267433
274 108.953833 34.277454
275 108.964277 34.271509
276 108.958218 34.273404
277 108.931308 34.261024
278 108.942574 34.271424
279 108.933825 34.275203
280 108.928053 34.271255
281 108.949567 34.271585
282 108.966207 34.263363
283 108.955895 34.275198
284 108.921592 34.275922
285 108.958178 34.26991
286 108.921584 34.275297
287 108.938382 34.268569
288 108.925957 34.272867
289 108.95589 34.277469
290 108.933029 34.271316
291 108.937302 34.25399
292 108.942504 34.268424
293 108.962271 34.257438
294 108.923048 34.256371
295 108.930711 34.269636
296 108.942278 34.257684
297 108.933066 34.268551
298 108.931938 34.268038
299 108.921769 34.259563
300 108.927881 34.254006
301 108.928036 34.26944
302 108.961017 34.258016
303 108.923737 34.260984
304 108.966296 34.260042
305 108.945025 34.268356
306 108.941508 34.254526
307 108.938643 34.275181
308 108.920975 34.269749
309 108.923789 34.25951
310 108.938644 34.277273
311 108.962272 34.257924
312 108.921872 34.269746
313 108.961031 34.257292
314 108.923019 34.253587
315 108.924272 34.256374
316 108.922398 34.25949
317 108.931972 34.268773
318 108.930567 34.264756
319 108.92098 34.256508
320 108.940674 34.264906
321 108.938678 34.257627
322 108.930494 34.266377
323 108.922305 34.257374
324 108.962275 34.260072
325 108.927472 34.254021
326 108.938851 34.260845
327 108.934342 34.277203
328 108.92432 34.257308
329 108.966311 34.257988
330 108.931406 34.254046
331 108.958643 34.257128
332 109.001606 34.247634
333 108.998373 34.24768
334 108.998349 34.252573
335 109.001642 34.270872
336 109.001618 34.27894
337 108.938234 34.246684
338 108.934428 34.246655
339 108.991307 34.262057
340 108.990975 34.262612
341 108.990835 34.26553
342 108.990975 34.26137
343 108.991736 34.260489
344 108.992232 34.260936
345 108.920102 34.278233
346 108.91996 34.278279
347 108.956157 34.219793
348 108.940248 34.231233
349 108.942047 34.232014
350 108.940032 34.231722
351 108.942181 34.224495
352 108.959033 34.237134
353 108.96616 34.237144
354 108.967648 34.23751
355 108.967634 34.242707
356 108.9053 34.260895
357 109.007416 34.2054
358 109.002053 34.208816
359 108.946926 34.257478
360 108.983389 34.243362
361 108.914925 34.236056
362 108.923609 34.234989
363 108.949153 34.265052
364 108.923578 34.237161
365 108.952455 34.261204
366 108.947301 34.259553
367 108.949213 34.231733
368 108.983284 34.26113
369 108.947292 34.261187
370 108.983292 34.259639
371 108.937632 34.236655
372 108.98331 34.257699
373 108.927477 34.234983
374 108.983027 34.243197
375 108.983304 34.27086
376 108.934408 34.236661
377 108.949205 34.237174
378 108.952386 34.242753
379 108.952337 34.237159
380 108.949224 34.240583
381 108.90451 34.233292
382 108.932383 34.271405
383 108.932382 34.271314
384 108.932394 34.272869
385 108.928204 34.273054
386 108.905234 34.234375
387 108.928258 34.271254
388 108.961729 34.205576
389 108.979755 34.215017
390 109.009286 34.262362
391 108.977585 34.220789
392 108.987762 34.208907
393 108.951931 34.210693
394 108.961784 34.217986
395 108.979977 34.228474
396 108.956406 34.205602
397 108.973886 34.206597
398 108.959352 34.205587
399 108.970282 34.205541
400 108.961726 34.20662
401 108.973853 34.216247
402 108.97778 34.215421
403 108.97386 34.210686
404 108.951935 34.205491
405 108.970234 34.20661
406 108.967467 34.210098
407 108.994575 34.207435
408 109.009291 34.27085
409 108.97877 34.21069
410 108.965154 34.206608
411 108.973887 34.205536
412 108.994309 34.201497
413 108.96173 34.20909
414 108.961776 34.213228
415 108.965155 34.205544
416 108.99009 34.206418
417 109.009277 34.260319
418 108.989154 34.232323
419 108.989851 34.201522
420 108.965401 34.219088
421 108.977876 34.221075
422 108.973809 34.21619
423 108.956392 34.20662
424 108.970057 34.218193
425 108.97983 34.214948
426 108.982908 34.20666
427 108.982918 34.210697
428 108.982929 34.201545
429 108.962291 34.265896
430 108.955872 34.265961
431 108.944988 34.266056
432 108.946516 34.266031
433 108.965372 34.265961
434 108.947985 34.26598
435 108.942596 34.273217
436 108.94234 34.266109
437 108.958252 34.265923
438 108.952366 34.266003
439 108.942496 34.266103
440 108.959441 34.205587
441 108.943982 34.238607
442 108.934271 34.219453
443 108.934555 34.219457
444 108.943951 34.242736
445 108.979715 34.259274
446 108.98332 34.268528
447 108.992056 34.25264
448 108.979211 34.239463
449 108.988253 34.246545
450 108.970271 34.257058
451 108.97105 34.24285
452 108.983297 34.249492
453 108.970538 34.25257
454 108.971074 34.247541
455 108.96118 34.2427
456 108.95866 34.247583
457 108.964292 34.242685
458 108.964281 34.252604
459 108.942083 34.206729
460 108.942068 34.210702
461 108.942061 34.213403
462 109.000492 34.208577
463 109.002566 34.208547
464 108.997558 34.202537
465 109.001107 34.208356
466 108.995342 34.207547
467 109.00257 34.208698
468 109.006781 34.208824
469 108.99634 34.203441
470 109.000497 34.208474
471 108.983308 34.265906
472 108.983309 34.26561
473 108.978248 34.260664
474 108.955566 34.242724
475 108.938782 34.234282
476 109.001642 34.259057
477 109.001663 34.252627
478 108.942379 34.245093
479 108.942045 34.23407
480 108.967663 34.245119
481 109.001247 34.260326
482 108.937635 34.23551
483 108.900121 34.20013
484 108.91503 34.20013
485 108.927157 34.206576
486 108.915022 34.213633
487 108.915042 34.20001
488 108.926458 34.278521
489 108.930152 34.278206
490 108.926813 34.278153
491 108.930298 34.278583
492 108.900855 34.268462
493 108.905213 34.267675
494 108.900857 34.267695
495 108.905244 34.264392
496 108.908159 34.264971
497 108.912949 34.274991
498 108.907913 34.270798
499 108.908178 34.265147
500 108.913041 34.265135
501 108.90087 34.270726
502 108.900346 34.252358
503 108.917724 34.27506
504 108.919783 34.237046
505 108.913049 34.253142
506 108.918875 34.236637
507 108.911735 34.252343
508 108.915589 34.25465
509 108.911707 34.255524
510 108.916998 34.258595
511 108.911971 34.257042
512 108.913413 34.253397
513 108.997771 34.265568
514 108.923637 34.242707
515 108.93442 34.245071
516 108.921749 34.247581
517 108.923614 34.24
518 108.937457 34.245048
519 108.918832 34.247611
520 108.931214 34.242716
521 108.938243 34.245132
522 108.924676 34.242714
523 108.946813 34.278373
524 108.970819 34.235844
525 108.969764 34.235547
526 108.958893 34.231281
527 108.970734 34.235939
528 108.96812 34.235522
529 108.968904 34.234282
530 108.958894 34.23189
531 108.967012 34.234265
532 108.91521 34.236788
533 108.905003 34.240714
534 108.908717 34.239091
535 108.907841 34.239432
536 108.908683 34.23948
537 108.900426 34.242875
538 108.90053 34.242936
539 108.968371 34.235135
540 108.969888 34.235462
541 108.968641 34.234692
542 108.99061 34.274138
543 108.988238 34.243372
544 108.990887 34.270861
545 108.990587 34.27086
546 108.990865 34.276246
547 108.990912 34.278982
548 108.990592 34.279015
549 108.990865 34.268086
550 108.917962 34.202849
551 108.919782 34.202088
552 108.91796 34.200426
553 108.918838 34.202091
554 108.917952 34.202099
555 108.917075 34.202108
556 108.918557 34.20265
557 108.914984 34.202114
558 108.920638 34.200194
559 108.920683 34.202874
560 108.918706 34.202094
561 108.919134 34.201315
562 108.919903 34.203783
563 108.918711 34.20123
564 108.916872 34.202112
565 108.919768 34.200194
566 108.919136 34.20209
567 108.916898 34.201483
568 108.911958 34.205755
569 108.911942 34.204193
570 108.914993 34.204194
571 108.909336 34.205093
572 108.908508 34.20509
573 108.91195 34.205123
574 108.91075 34.205161
575 108.910604 34.205407
576 108.911675 34.205124
577 108.90942 34.205037
578 108.908503 34.204806
579 108.910733 34.204894
580 108.91179 34.205713
581 108.911674 34.205172
582 108.90942 34.204863
583 108.908104 34.209937
584 108.908122 34.213569
585 108.908102 34.200126
586 108.921533 34.224528
587 108.920112 34.234405
588 108.918153 34.234512
589 108.915013 34.216095
590 108.919507 34.234185
591 108.925256 34.224529
592 108.918568 34.235586
593 108.917357 34.234873
594 108.916002 34.235767
595 108.92527 34.225798
596 108.925309 34.226455
597 108.917837 34.234466
598 108.916303 34.235626
599 108.90436 34.226401
600 108.9161 34.235624
601 108.918963 34.216486
602 108.918706 34.235315
603 108.925333 34.227032
604 108.919824 34.234041
605 108.922029 34.23356
606 108.916206 34.236156
607 108.918954 34.213603
608 108.927234 34.216144
609 108.927275 34.219796
610 108.923732 34.21356
611 108.91661 34.235974
612 108.921215 34.228979
613 108.917883 34.235671
614 108.919929 34.234585
615 108.923446 34.232442
616 108.925059 34.231733
617 108.918766 34.242723
618 108.927866 34.231413
619 108.914696 34.230096
620 108.918908 34.239984
621 108.912727 34.227066
622 108.91307 34.236675
623 108.917515 34.234615
624 108.918781 34.239985
625 108.918454 34.235678
626 108.918783 34.236942
627 108.926843 34.23153
628 108.909773 34.232303
629 108.92783 34.231784
630 108.918397 34.235588
631 108.90375 34.235041
632 108.905465 34.242578
633 108.917611 34.234525
634 108.903081 34.237762
635 108.927813 34.231333
636 108.907786 34.219458
637 108.916881 34.233211
638 108.912859 34.227003
639 108.917565 34.234463
640 108.90648 34.24301
641 108.910508 34.223648
642 108.910674 34.223664
643 108.91677 34.233271
644 108.911383 34.234672
645 108.926948 34.231253
646 108.907911 34.21939
647 108.918202 34.235731
648 108.918482 34.235874
649 108.920323 34.227615
650 108.933899 34.231581
651 108.914833 34.230073
652 108.927413 34.228959
653 108.937534 34.231299
654 108.934307 34.231999
655 108.939564 34.231568
656 108.939082 34.231294
657 108.937951 34.231689
658 108.923399 34.227089
659 108.93445 34.224529
660 108.923411 34.226524
661 108.923415 34.225845
662 108.923426 34.224531
663 108.905211 34.241068
664 108.904578 34.241322
665 108.919649 34.234608
666 108.905316 34.258397
667 108.942397 34.247594
668 108.949316 34.247583
669 108.946478 34.270697
670 108.94631 34.270205
671 108.944656 34.270209
672 108.912232 34.242696
673 108.912232 34.246279
674 108.997914 34.200491
675 108.966094 34.234014
676 108.984735 34.22067
677 108.997718 34.202608
678 108.99871 34.200886
679 108.995964 34.208134
680 108.9954 34.207105
681 109.001086 34.208772
682 109.00194 34.208388
683 108.947142 34.219796
684 108.947154 34.224487
685 108.930782 34.206564
686 108.901387 34.224941
687 108.908721 34.224439
688 108.904091 34.223845
689 108.907965 34.224789
690 108.91018 34.228185
691 108.934398 34.206764
692 108.930816 34.210649
693 108.923717 34.203657
694 108.912182 34.235326
695 108.911634 34.233683
696 108.913982 34.232603
697 108.921498 34.219413
698 108.921509 34.221798
699 108.996605 34.206968
700 108.943088 34.253604
701 108.934292 34.267251
702 108.924428 34.278346
703 108.93237 34.278511
704 108.932976 34.278374
705 108.938361 34.267166
706 108.945475 34.263329
707 108.949429 34.259528
708 108.928 34.278174
709 108.928625 34.278183
710 108.947102 34.278436
711 108.970763 34.257127
712 108.967654 34.257061
713 108.975585 34.258409
714 108.970204 34.258522
715 108.934363 34.261007
716 108.964675 34.267589
717 108.962267 34.253888
718 108.96229 34.25262
719 108.964668 34.265877
720 108.949563 34.27148
721 108.948009 34.266684
722 108.945029 34.268606
723 108.948766 34.26986
724 108.945021 34.268123
725 108.946501 34.268079
726 108.946497 34.268562
727 108.933028 34.271406
728 108.922111 34.261068
729 109.005763 34.2412
730 108.996883 34.256516
731 109.001642 34.256522
732 109.006793 34.2526
733 109.009428 34.256516
734 109.009264 34.254791
735 109.001659 34.254782
736 108.996861 34.252586
737 108.99688 34.254824
738 109.006756 34.244166
739 108.997688 34.27412
740 108.994667 34.276229
741 108.990877 34.274138
742 108.986089 34.276214
743 108.990604 34.276243
744 108.994669 34.274125
745 109.001608 34.269419
746 108.990864 34.269323
747 109.005921 34.276748
748 109.00486 34.269545
749 108.997684 34.269291
750 109.001644 34.241726
751 108.905178 34.270749
752 108.913043 34.267178
753 108.911754 34.260828
754 108.9079 34.271436
755 108.912181 34.258479
756 108.918755 34.258566
757 108.900887 34.227962
758 108.938693 34.238255
759 108.952796 34.256922
760 108.953425 34.257782
761 108.927532 34.239978
762 108.953733 34.254942
763 108.955092 34.257045
764 108.953712 34.257008
765 108.974817 34.237465
766 108.951557 34.25637
767 108.918738 34.247612
768 108.952867 34.256304
769 108.952592 34.257655
770 108.91382 34.23483
771 108.912715 34.233187
772 108.912692 34.235331
773 108.915083 34.234248
774 108.915424 34.234416
775 108.912855 34.230918
776 108.911784 34.237247
777 108.91606 34.235333
778 108.917197 34.234806
779 108.913364 34.231676
780 108.912429 34.232086
781 108.914673 34.231026
782 108.913333 34.231629
783 108.911136 34.234303
784 108.911834 34.233995
785 108.912569 34.235147
786 108.911745 34.234632
787 108.912126 34.234452
788 108.916296 34.234005
789 108.912336 34.23336
790 108.91226 34.245199
791 108.913418 34.245196
792 108.914405 34.245194
793 108.909035 34.246261
794 108.914429 34.244056
795 108.911674 34.249394
796 108.911706 34.246276
797 108.913466 34.244058
798 108.990524 34.265588
799 108.964248 34.245104
800 108.967634 34.247511
801 108.964252 34.247536
802 108.96111 34.247559
803 108.961144 34.245084
804 108.955566 34.245071
805 108.955564 34.245634
806 108.958713 34.245637
807 108.976835 34.233647
808 108.962949 34.224864
809 108.907905 34.249722
810 108.959266 34.22697
811 108.962942 34.226967
812 108.951876 34.228135
813 108.94231 34.238605
814 108.934893 34.231841
815 108.902126 34.24242
816 108.920614 34.209686
817 108.927163 34.208244
818 108.919246 34.207683
819 108.930807 34.208212
820 108.920564 34.208114
821 108.923725 34.20825
822 108.903545 34.209921
823 108.900223 34.200072
824 108.914998 34.209926
825 108.930994 34.228953
826 108.934414 34.233291
827 108.930992 34.231313
828 108.931096 34.233305
829 108.992871 34.233862
830 108.995515 34.22971
831 108.994122 34.231832
832 109.009097 34.228505
833 108.992097 34.23514
834 109.0006 34.22216
835 109.001184 34.229161
836 108.993492 34.225587
837 108.997153 34.227352
838 108.975814 34.268207
839 108.975884 34.268389
840 108.973286 34.260688
841 108.979464 34.268526
842 108.973384 34.264085
843 108.97024 34.265994
844 108.975787 34.26458
845 108.970359 34.268539
846 108.983305 34.252601
847 108.97455 34.261803
848 108.980356 34.262251
849 108.973319 34.261818
850 108.979545 34.270851
851 108.95832 34.263374
852 108.958253 34.265818
853 108.944079 34.259752
854 108.91387 34.238399
855 108.91499 34.23837
856 108.913865 34.23891
857 108.916671 34.238872
858 108.915013 34.238894
859 108.942137 34.24993
860 108.940902 34.251219
861 108.948301 34.208598
862 108.950096 34.208174
863 108.948338 34.207605
864 108.950111 34.207666
865 108.948319 34.208116
866 108.948311 34.208298
867 108.95009 34.208336
868 108.949817 34.207571
869 108.951783 34.207138
870 108.951396 34.207121
871 108.950801 34.207114
872 108.948351 34.207278
873 108.94955 34.207309
874 108.910669 34.200016
875 108.908103 34.20002
876 108.923609 34.200028
877 108.996799 34.220624
878 108.985273 34.238399
879 108.978199 34.236933
880 108.974298 34.232614
881 108.978621 34.23436
882 108.972181 34.236047
883 108.972004 34.236347
884 108.977376 34.227369
885 108.974839 34.22634
886 108.979976 34.223078
887 108.974577 34.22856
888 109.002693 34.23423
889 109.003852 34.2347
890 109.00207 34.237637
891 109.005446 34.247612
892 109.000977 34.237183
893 109.005022 34.245698
894 109.004582 34.247618
895 109.006816 34.247609
896 109.005751 34.256516
897 109.00927 34.248348
898 109.002983 34.256516
899 109.006814 34.248355
900 109.003003 34.254788
901 108.998048 34.260548
902 109.009264 34.264304
903 109.00488 34.264347
904 109.005735 34.2526
905 109.009286 34.266493
906 109.004886 34.266495
907 109.001581 34.266497
908 109.004879 34.262392
909 108.998376 34.249968
910 108.998046 34.256513
911 109.005728 34.254787
912 109.004861 34.268653
913 109.00928 34.268643
914 108.998375 34.249134
915 109.001612 34.249151
916 108.983536 34.241398
917 108.991642 34.245791
918 108.992009 34.246395
919 108.99197 34.248753
920 108.991563 34.244518
921 108.997043 34.244159
922 108.990583 34.244063
923 108.991984 34.227908
924 108.999484 34.216766
925 108.99092 34.213852
926 108.996246 34.215537
927 108.992068 34.215329
928 108.995568 34.209478
929 108.994603 34.211099
930 108.97597 34.2188
931 108.972473 34.220758
932 108.970801 34.221338
933 108.974456 34.219626
934 108.987762 34.210691
935 108.985435 34.210695
936 109.005139 34.214679
937 108.909014 34.253617
938 108.905354 34.255464
939 108.90966 34.258423
940 108.909695 34.255444
941 108.909659 34.256591
942 108.911729 34.255369
943 108.913347 34.25537
944 108.909026 34.255434
945 108.90028 34.253932
946 108.903998 34.257573
947 108.90449 34.258388
948 108.904567 34.257581
949 108.930916 34.228953
950 108.937469 34.224502
951 108.918351 34.224557
952 108.942196 34.227181
953 108.92041 34.231703
954 108.930935 34.227464
955 108.941981 34.227098
956 108.937482 34.227088
957 108.934465 34.227079
958 109.00535 34.24916
959 109.003803 34.249174
960 108.944522 34.210698
961 108.94466 34.207372
962 108.946774 34.207486
963 108.994578 34.268079
964 108.997725 34.26805
965 108.988211 34.26795
966 108.990549 34.268055
967 108.994633 34.269302
968 109.006012 34.278914
969 109.00162 34.273631
970 108.997683 34.27364
971 108.981392 34.265548
972 108.976483 34.264679
973 108.976327 34.261809
974 108.975313 34.274066
975 108.975213 34.271081
976 108.97444 34.27839
977 108.962389 34.278182
978 108.970617 34.279081
979 108.967667 34.274243
980 108.967739 34.271674
981 108.967737 34.271541
982 108.918887 34.237716
983 108.918798 34.238236
984 108.931255 34.245046
985 108.901882 34.229505
986 108.905372 34.227932
987 108.902632 34.230629
988 108.904718 34.226242
989 108.906555 34.225432
990 108.903372 34.225252
991 108.904887 34.223898
992 108.905748 34.225437
993 108.902477 34.225225
994 108.904762 34.225371
995 108.939234 34.201442
996 108.941714 34.201422
997 108.930797 34.205739
998 108.93424 34.205702
999 108.934234 34.20665
1000 108.934407 34.203576
1001 108.941855 34.203634
1002 108.93079 34.203591
1003 108.934321 34.2134
1004 108.927203 34.213528
1005 108.930829 34.213425
1006 108.945729 34.219788
1007 108.951903 34.21691
1008 108.945778 34.21335
1009 108.937527 34.230283
1010 108.94199 34.230278
1011 108.937521 34.229655
1012 108.959222 34.228189
1013 108.954824 34.226336
1014 108.954812 34.228148
1015 108.951842 34.231713
1016 108.951585 34.23214
1017 108.949104 34.233394
1018 108.953354 34.233378
1019 108.951044 34.233388
1020 108.953431 34.235942
1021 108.955839 34.260076
1022 108.960946 34.259542
1023 108.956248 34.258219
1024 108.958439 34.258672
1025 108.958497 34.259549
1026 108.962274 34.259536
1027 108.962274 34.259023
1028 108.965305 34.258961
1029 108.997737 34.278966
1030 108.976489 34.279037
1031 108.976416 34.277032
1032 108.945737 34.279717
1033 108.940051 34.204406
1034 108.941863 34.204392
1035 108.941869 34.205368
1036 108.947705 34.2537
1037 108.910657 34.200128
1038 108.902949 34.213548
1039 108.949418 34.263283
1040 108.94928 34.245068
1041 108.962302 34.237808
1042 108.9623 34.242689
1043 108.952443 34.247582
1044 108.958531 34.253741
1045 108.955558 34.247578
1046 108.952411 34.245069
1047 109.001256 34.260275
1048 108.994592 34.223956
1049 108.982403 34.229482
1050 108.991809 34.222972
1051 108.991468 34.223384
1052 108.985077 34.225155
1053 108.992305 34.222997
1054 108.983719 34.219737
1055 108.984899 34.217166
1056 108.991534 34.2618
1057 108.99173 34.259671
1058 108.990636 34.261798
1059 108.990605 34.262525
1060 108.992054 34.25897
1061 108.992063 34.250159
1062 108.963252 34.23714
1063 108.965276 34.236237
1064 108.963266 34.235883
1065 108.964368 34.234918
1066 108.963262 34.236255
1067 108.955511 34.237172
1068 108.95549 34.239795
1069 108.97345 34.227859
1070 108.978974 34.22476
1071 108.974119 34.223357
1072 108.97798 34.224167
1073 108.977855 34.224354
1074 108.970476 34.227769
1075 108.964371 34.224872
1076 108.966798 34.224852
1077 108.945483 34.221434
1078 108.945564 34.220869
1079 108.930793 34.204506
1080 108.929853 34.219794
1081 108.929905 34.222378
1082 108.944592 34.221109
1083 108.936733 34.203576
1084 108.94459 34.219789
1085 108.947144 34.221499
1086 108.944769 34.221408
1087 108.972465 34.201294
1088 108.97188 34.203565
1089 108.970274 34.200318
1090 108.986766 34.243161
1091 108.960412 34.270651
1092 108.958302 34.270628
1093 108.947989 34.268932
1094 108.951058 34.2689
1095 108.951523 34.273132
1096 108.950426 34.268907
1097 108.951878 34.271589
1098 108.916102 34.275056
1099 108.916086 34.277632
1100 109.006342 34.232805
1101 108.945765 34.207414
1102 108.945812 34.206836
1103 108.945135 34.207111
1104 108.944146 34.257608
1105 108.947889 34.259562
1106 108.947871 34.257495
1107 108.944938 34.263974
1108 108.949435 34.263869
1109 108.952038 34.265881
1110 108.952239 34.26333
1111 108.951331 34.262098
1112 108.955854 34.262152
1113 108.962281 34.262188
1114 108.966245 34.262137
1115 108.955838 34.270686
1116 108.958144 34.270712
1117 108.944246 34.2107
1118 108.944232 34.211798
1119 108.945002 34.2107
1120 108.945012 34.21181
1121 108.978567 34.264993
1122 108.978849 34.262071
1123 108.98051 34.260979
1124 108.980248 34.263462
1125 108.980288 34.265343
1126 108.976951 34.266683
1127 108.9756 34.266734
1128 108.97776 34.266686
1129 108.977537 34.264837
1130 108.974642 34.265676
1131 108.975738 34.265526
1132 108.972406 34.271201
1133 108.977458 34.270872
1134 108.977408 34.268526
1135 108.981532 34.268526
1136 108.981497 34.266137
1137 108.979673 34.279032
1138 108.979665 34.270855
1139 108.927694 34.251439
1140 108.931376 34.251617
1141 108.938215 34.251293
1142 108.945272 34.249866
1143 108.949348 34.249861
1144 108.946254 34.251195
1145 108.949289 34.251173
1146 108.949302 34.246685
1147 108.950379 34.246681
1148 108.952432 34.249685
1149 108.967635 34.249397
1150 108.956791 34.249761
1151 108.956809 34.247577
1152 108.945767 34.242724
1153 108.952425 34.239743
1154 108.950848 34.242736
1155 108.950849 34.242285
1156 108.962302 34.238652
1157 108.97466 34.26065
1158 108.991709 34.257698
1159 108.98565 34.255274
1160 108.974575 34.239794
1161 108.978667 34.240252
1162 108.997686 34.20507
1163 108.997644 34.205166
1164 108.931158 34.237163
1165 108.931101 34.231771
1166 108.918953 34.221805
1167 108.918971 34.2194
1168 108.914953 34.219351
1169 108.908541 34.217382
1170 108.910329 34.232046
1171 108.908762 34.229573
1172 108.908377 34.229
1173 108.909526 34.232412
1174 108.920946 34.273887
1175 108.922902 34.273822
1176 108.92832 34.274471
1177 108.93038 34.275214
1178 108.930403 34.276334
1179 108.932906 34.276004
1180 108.938638 34.276797
1181 108.93512 34.276865
1182 108.935086 34.275195
1183 108.912978 34.270848
1184 108.915965 34.27505
1185 108.915976 34.271496
1186 108.91812 34.263518
1187 108.920954 34.259576
1188 108.929161 34.257374
1189 108.931384 34.255785
1190 108.92675 34.256118
1191 108.927756 34.256101
1192 108.929228 34.256068
1193 108.929721 34.257384
1194 108.929708 34.25842
1195 108.935968 34.257949
1196 108.935988 34.257108
1197 108.900869 34.2656
1198 108.909665 34.256484
1199 108.914659 34.259302
1200 108.911896 34.256536
1201 108.913339 34.25649
1202 108.916608 34.256653
1203 108.92474 34.24755
1204 108.921742 34.245172
1205 108.927627 34.245701
1206 108.931266 34.245675
1207 109.00016 34.256516
1208 109.000144 34.25737
1209 108.956224 34.216945
1210 108.941077 34.216141
1211 108.973868 34.201904
1212 108.97728 34.202041
1213 108.942182 34.222035
1214 108.944361 34.222057
1215 108.980391 34.259021
1216 108.98926 34.20669
1217 108.989723 34.206247
1218 108.991466 34.206537
1219 108.990958 34.205676
1220 108.990137 34.206496
1221 108.938835 34.261517
1222 108.938804 34.260915
1223 108.942444 34.275178
1224 108.941361 34.278475
1225 108.941809 34.277857
1226 108.94323 34.277847
1227 108.942801 34.276859
1228 108.942876 34.27862
1229 108.942188 34.276868
1230 108.942207 34.278631
1231 108.942393 34.246745
1232 108.943633 34.245718
1233 108.94314 34.25451
1234 108.931392 34.252541
1235 108.941904 34.216138
1236 108.942083 34.216935
1237 108.945738 34.216921
1238 108.923408 34.228957
1239 108.971997 34.236432
1240 108.94205 34.23666
1241 108.967635 34.261748
1242 108.967125 34.261578
1243 108.96564 34.261141
1244 108.967192 34.260248
1245 108.958326 34.261093
1246 108.96561 34.260767
1247 108.94959 34.275967
1248 108.955898 34.275965
1249 108.949586 34.275578
1250 108.95275 34.275566
1251 108.9517 34.27677
1252 108.953817 34.276762
1253 108.955893 34.274715
1254 108.957631 34.275196
1255 108.966766 34.265825
1256 108.960139 34.275188
1257 108.960152 34.273387
1258 108.961442 34.27637
1259 108.961439 34.27517
1260 108.960502 34.273702
1261 108.960966 34.274401
1262 108.962673 34.273362
1263 108.964312 34.274216
1264 108.964714 34.273346
1265 108.965724 34.274265
1266 108.965812 34.271647
1267 108.942208 34.232507
1268 108.943654 34.231896
1269 108.94458 34.231517
1270 108.943957 34.231207
1271 108.942024 34.230931
1272 108.940545 34.231597
1273 108.939355 34.231921
1274 108.934465 34.260991
1275 108.934552 34.253559
1276 108.927685 34.254025
1277 108.92705 34.253745
1278 108.9276 34.252124
1279 108.928269 34.253713
1280 108.927707 34.252112
1281 108.927516 34.247522
1282 108.927381 34.239977
1283 108.934415 34.242785
1284 108.934558 34.231997
1285 108.958659 34.253748
1286 108.951874 34.224474
1287 108.953733 34.226259
1288 108.951874 34.213268
1289 108.941109 34.23406
1290 108.938801 34.233824
1291 108.939505 34.23382
1292 108.938899 34.232464
1293 108.935948 34.232397
1294 108.934495 34.234159
1295 108.936125 34.234177
1296 108.934491 34.233788
1297 108.936127 34.233838
1298 108.935932 34.23384
1299 108.935952 34.23183
1300 108.937516 34.232599
1301 108.937524 34.231881
1302 108.939092 34.231915
1303 108.956546 34.257026
1304 108.952414 34.259363
1305 108.952433 34.260249
1306 108.953465 34.260115
1307 108.954804 34.259982
1308 108.95593 34.259422
1309 108.955315 34.258078
1310 108.956713 34.255592
1311 108.955573 34.255582
1312 108.963927 34.256753
1313 108.964096 34.254007
1314 108.945848 34.222891
1315 108.944783 34.221743
1316 108.944647 34.223049
1317 108.945863 34.221785
1318 108.945896 34.221444
1319 108.945872 34.221638
1320 108.945852 34.222518
1321 108.966336 34.233624
1322 108.964662 34.232911
1323 108.963754 34.232525
1324 108.963302 34.23234
1325 108.951885 34.231278
1326 108.96438 34.23435
1327 108.962825 34.234373
1328 108.964693 34.233774
1329 108.967308 34.232328
1330 108.968835 34.224863
1331 108.968776 34.22664
1332 108.955845 34.27151
1333 108.951091 34.266629
1334 108.942594 34.27954
1335 108.913971 34.25537
1336 108.931213 34.24278
1337 108.918765 34.242789
1338 108.924676 34.242774
1339 108.918874 34.24275
1340 108.90767 34.241205
1341 108.936982 34.242787
1342 108.909247 34.240633
1343 108.915592 34.242763
1344 108.942113 34.24514
1345 108.942122 34.254525
1346 108.942351 34.242734
1347 108.951237 34.263323
1348 108.942114 34.242735
1349 108.942111 34.242794
1350 108.94235 34.242792
1351 108.962248 34.260943
1352 108.960816 34.260956
1353 108.951255 34.261195
1354 108.958552 34.257895
1355 108.968654 34.23421
1356 108.962639 34.23204
1357 108.962548 34.232298
1358 108.95938 34.231316
1359 108.965283 34.233542
1360 108.96588 34.233425
1361 108.963126 34.232753
1362 108.958838 34.231373
1363 108.956796 34.231502
1364 108.956123 34.231612
1365 108.956824 34.231295
1366 108.967967 34.235476
1367 108.967844 34.235287
1368 108.969033 34.234375
1369 108.974776 34.237115
1370 108.983861 34.240896
1371 108.97988 34.239576
1372 108.983782 34.241011
1373 108.964462 34.228182
1374 108.980409 34.219653
1375 108.981244 34.216916
1376 108.984558 34.216896
1377 108.980161 34.219302
1378 108.981972 34.21788
1379 108.9832 34.217639
1380 108.981366 34.21864
1381 108.9817 34.218933
1382 108.982832 34.218837
1383 108.983405 34.217985
1384 108.945084 34.231282
1385 108.956132 34.231295
1386 108.957002 34.231603
1387 108.968441 34.234283
1388 108.968424 34.23553
1389 108.971931 34.236535
1390 108.967635 34.236684
1391 108.96823 34.235582
1392 108.939786 34.231816
1393 108.970103 34.252646
1394 108.967672 34.252641
1395 108.964609 34.252598
1396 108.96766 34.252404
1397 108.97009 34.252424
1398 108.917817 34.274979
1399 108.917728 34.274775
1400 108.967464 34.271656
1401 108.96747 34.271531
1402 108.967525 34.269087
1403 108.917996 34.263093
1404 108.918346 34.261066
1405 108.918652 34.261116
1406 108.918276 34.263137
1407 108.967938 34.261676
1408 108.967699 34.263909
1409 108.96799 34.260947
1410 108.924436 34.278138
1411 108.91766 34.27205
1412 108.979154 34.239552
1413 108.969081 34.234526
1414 108.968577 34.234575
1415 108.944637 34.278362
1416 108.955802 34.278114
1417 108.951833 34.278464
1418 108.942585 34.271582
1419 108.94242 34.271425
1420 108.927456 34.242777
1421 108.927571 34.242768
1422 108.927493 34.245699
1423 108.927572 34.242703
1424 108.927457 34.242704
1425 108.934441 34.259142
1426 108.934495 34.257196
1427 108.934468 34.261057
1428 108.920933 34.260344
1429 108.90445 34.260902
1430 108.904617 34.258388
1431 108.90529 34.261026
1432 108.964333 34.278638
1433 108.96818 34.278779
1434 108.970588 34.278885
1435 108.967121 34.278747
1436 108.967747 34.279399
1437 108.967088 34.278962
1438 108.96817 34.278993
1439 108.956392 34.277475
1440 108.992012 34.244211
1441 108.998344 34.244567
1442 109.005008 34.244574
1443 109.009294 34.244517
1444 109.006801 34.244564
1445 109.001604 34.244563
1446 109.008412 34.244578
1447 109.009021 34.24418
1448 108.917786 34.278742
1449 108.914922 34.200008
1450 108.967635 34.242844
1451 108.906759 34.242565
1452 108.949234 34.242735
1453 108.990647 34.243633
1454 108.951302 34.265957
1455 108.95096 34.265859
1456 108.973568 34.279596
1457 108.974023 34.27904
1458 108.967708 34.261041
1459 108.967707 34.26069
1460 108.956114 34.224405
1461 108.987857 34.215087
1462 109.009304 34.243922
1463 108.920073 34.271284
1464 108.944559 34.278593
1465 108.93437 34.218001
1466 108.931112 34.217034
1467 108.958361 34.265922
1468 108.95171 34.27557
1469 108.958364 34.265816
1470 108.953797 34.275965
1471 108.951707 34.275971
1472 108.958406 34.263378
1473 108.917798 34.276139
1474 108.918399 34.26087
1475 108.983514 34.243365
1476 108.983495 34.243034
1477 108.984277 34.241703
1478 108.908114 34.206717
1479 108.900112 34.206676
1480 108.908106 34.202104
1481 108.900114 34.204796
1482 108.951906 34.21526
1483 108.900113 34.202105
1484 108.925336 34.257301
1485 108.925324 34.259258
1486 108.92546 34.255573
1487 108.934424 34.25356
1488 108.934388 34.254035
1489 108.987778 34.220662
1490 108.905818 34.223938
1491 108.903349 34.223863
1492 108.903319 34.225922
1493 108.904092 34.221726
1494 108.90341 34.224419
1495 108.90352 34.223858
1496 108.903581 34.221386
1497 108.912978 34.271482
1498 108.954212 34.215225
1499 108.963251 34.237628
1500 108.961369 34.238658
1501 108.961365 34.23781
1502 109.006638 34.239661
1503 108.934508 34.246656
1504 108.934498 34.245074
1505 108.934502 34.242786
1506 108.93449 34.236661
1507 108.934497 34.242706
1508 108.934487 34.237172
1509 108.934363 34.251109
1510 108.934511 34.251102
1511 108.93449 34.238203
1512 108.923091 34.233131
1513 108.921939 34.234498
1514 108.948655 34.216876
1515 108.948907 34.213318
1516 108.941507 34.251792
1517 108.94327 34.251608
1518 108.972343 34.20099
1519 108.907309 34.200022
1520 108.901929 34.216918
1521 108.902187 34.217338
1522 108.904863 34.215656
1523 108.906784 34.215847
1524 108.90721 34.215845
1525 108.90812 34.214996
1526 108.906029 34.215002
1527 108.931389 34.252401
1528 108.928254 34.252657
1529 108.926997 34.252628
1530 108.927247 34.252353
1531 108.928144 34.252387
1532 108.949408 34.252635
1533 108.955488 34.252462
1534 108.961069 34.252427
1535 108.958557 34.252611
1536 108.958661 34.252668
1537 108.946513 34.252441
1538 108.949386 34.252394
1539 108.961914 34.252607
1540 108.955492 34.252603
1541 108.94929 34.252634
1542 108.942338 34.276825
1543 108.98265 34.224222
1544 108.98777 34.215589
1545 108.987773 34.219032
1546 108.997656 34.218855
1547 108.992028 34.219037
1548 109.006267 34.212267
1549 108.912568 34.221454
1550 108.912548 34.217321
1551 108.988476 34.243144
1552 108.996725 34.261804
1553 108.938363 34.266164
1554 108.94147 34.266025
1555 108.986332 34.210682
1556 108.951872 34.219791
1557 108.951866 34.21986
1558 108.941099 34.219776
1559 108.92749 34.252347
1560 108.941499 34.25084
1561 108.942688 34.250323
1562 108.941884 34.25034
1563 108.927848 34.252364
1564 108.944642 34.269973
1565 108.946279 34.269962
1566 108.94167 34.260814
1567 108.942088 34.219775
1568 108.936292 34.219862
1569 108.94573 34.219853
1570 108.944591 34.219863
1571 108.941916 34.219779
1572 108.94186 34.219868
1573 108.942152 34.219864
1574 108.947146 34.219858
1575 108.974565 34.2427
1576 108.958776 34.242801
1577 108.949232 34.242792
1578 108.955564 34.242783
1579 108.96429 34.242846
1580 108.952388 34.242805
1581 108.961176 34.242824
1582 108.974625 34.252567
1583 108.978631 34.242701
1584 109.000135 34.241692
1585 108.999276 34.236557
1586 109.009033 34.240672
1587 108.993465 34.243513
1588 108.995398 34.24417
1589 108.927449 34.233303
1590 108.951382 34.241976
1591 108.950167 34.237176
1592 108.950352 34.241974
1593 108.9502 34.238287
1594 108.956574 34.231416
1595 108.957001 34.231889
1596 108.962921 34.232324
1597 108.958664 34.252425
1598 108.958542 34.252484
1599 108.9623 34.242398
1600 108.960702 34.241398
1601 108.962301 34.241808
1602 108.960706 34.241059
1603 108.962301 34.241053
1604 108.96426 34.237808
1605 108.959245 34.239358
1606 108.95972 34.239357
1607 108.915586 34.247615
1608 108.915586 34.246288
1609 108.915468 34.245191
1610 108.915482 34.246283
1611 108.957818 34.277169
1612 108.927365 34.224549
1613 108.934564 34.23112
1614 108.983238 34.243156
1615 108.983352 34.243011
1616 108.948779 34.268924
1617 108.948003 34.267404
1618 108.951056 34.267384
1619 108.950438 34.269611
1620 108.947923 34.265756
1621 108.951165 34.265762
1622 108.964146 34.262188
1623 108.964163 34.260993
1624 108.918694 34.252219
1625 108.99172 34.252638
1626 108.989394 34.206896
1627 108.97416 34.237216
1628 108.988216 34.249472
1629 108.942422 34.271585
1630 108.937528 34.232412
1631 108.927327 34.234985
1632 108.989708 34.207
1633 108.989881 34.206275
1634 108.989314 34.206436
1635 108.92749 34.237177
1636 108.927359 34.23716
1637 108.986038 34.259633
1638 108.986051 34.258194
1639 108.989358 34.259757
1640 108.997934 34.242222
1641 108.997934 34.24417
1642 109.000091 34.241655
1643 109.003826 34.248519
1644 109.003784 34.25035
1645 108.978844 34.206674
1646 108.914866 34.248797
1647 108.914948 34.246286
1648 108.90544 34.246315
1649 108.902992 34.246303
1650 108.900227 34.246297
1651 108.913468 34.246283
1652 108.905412 34.24971
1653 108.914378 34.246285
1654 108.917 34.213621
1655 108.917174 34.211714
1656 108.981745 34.238303
1657 108.980454 34.237323
1658 108.974592 34.237688
1659 108.979447 34.239028
1660 109.007626 34.27675
1661 109.001612 34.274771
1662 109.007662 34.272964
1663 109.00931 34.276757
1664 109.004512 34.276758
1665 109.005932 34.277871
1666 109.005924 34.272881
1667 109.004507 34.274768
1668 109.004501 34.277463
1669 109.009289 34.265838
1670 108.999621 34.265425
1671 108.985672 34.27902
1672 108.977698 34.277081
1673 108.97723 34.272396
1674 108.902916 34.215046
1675 108.907203 34.215
1676 108.903815 34.214468
1677 108.904718 34.215293
1678 108.910167 34.224996
1679 108.916227 34.241884
1680 108.913478 34.246992
1681 108.91276 34.246282
1682 108.913479 34.247058
1683 108.914853 34.247065
1684 108.94228 34.258946
1685 108.940146 34.25896
1686 108.940169 34.25877
1687 108.940178 34.260817
1688 108.995637 34.222355
1689 108.987763 34.224354
1690 108.992717 34.226747
1691 108.996348 34.228407
1692 108.999375 34.224011
1693 108.975682 34.218958
1694 108.973451 34.220239
1695 108.97068 34.21988
1696 108.972893 34.217423
1697 108.971414 34.218241
1698 108.975855 34.218659
1699 108.981723 34.214424
1700 108.984859 34.216725
1701 108.974882 34.275798
1702 108.979402 34.274251
1703 108.974641 34.24754
1704 108.980927 34.239642
1705 108.990565 34.248263
1706 108.991632 34.24825
1707 108.989292 34.249478
1708 109.003481 34.225775
1709 108.931047 34.231588
1710 108.90332 34.216316
1711 108.900848 34.216376
1712 108.903242 34.219029
1713 108.964084 34.262188
1714 108.963823 34.263337
1715 108.964895 34.260983
1716 108.965241 34.262161
1717 108.936332 34.231832
1718 108.990883 34.264129
1719 108.990758 34.264625
1720 108.990665 34.264625
1721 108.990573 34.264061
1722 108.960325 34.263046
1723 108.96228 34.26301
1724 108.914341 34.236489
1725 108.917607 34.278772
1726 108.917918 34.274579
1727 108.917948 34.276092
1728 108.917922 34.278787
1729 108.919943 34.278327
1730 108.921819 34.252396
1731 108.92197 34.251866
1732 108.922229 34.251863
1733 108.922275 34.251608
1734 108.921931 34.251613
1735 108.922709 34.249037
1736 108.920521 34.249064
1737 108.920576 34.249746
1738 108.920013 34.249756
1739 108.91947 34.249765
1740 108.918825 34.249777
1741 108.921468 34.24905
1742 108.922729 34.249704
1743 108.92518 34.249664
1744 108.949342 34.259527
1745 108.962302 34.239508
1746 108.963645 34.241802
1747 108.983377 34.246579
1748 108.959963 34.229803
1749 108.96065 34.230008
1750 108.962007 34.229342
1751 108.962324 34.24282
1752 108.991716 34.255267
1753 108.988193 34.255053
1754 108.988091 34.25529
1755 108.988314 34.255297
1756 108.959834 34.229008
1757 108.983107 34.241217
1758 108.99837 34.247327
1759 108.907889 34.274977
1760 108.945268 34.269959
1761 108.945257 34.270205
1762 108.902192 34.242515
1763 108.964242 34.238635
1764 108.934394 34.275196
1765 108.945791 34.207139
1766 108.933005 34.259138
1767 108.933035 34.259808
1768 108.91798 34.26767
1769 108.917716 34.267762
1770 108.958953 34.235926
1771 109.005675 34.234126
1772 108.959373 34.203028
1773 108.957865 34.203033
1774 108.920431 34.238782
1775 108.920439 34.239997
1776 108.922976 34.276684
1777 108.978007 34.274188
1778 108.976285 34.274099
1779 108.941894 34.254338
1780 108.924484 34.273025
1781 108.924473 34.273376
1782 108.924439 34.273837
1783 108.95803 34.277183
1784 108.939033 34.2649
1785 108.957586 34.256784
1786 108.964367 34.223274
1787 108.939926 34.251416
1788 108.940888 34.249939
1789 108.916832 34.258592
1790 108.914967 34.259279
1791 108.91681 34.259532
1792 108.918596 34.259515
1793 108.926786 34.254055
1794 108.905147 34.267674
1795 108.905358 34.267674
1796 108.905397 34.264961
1797 108.923764 34.200022
1798 108.934576 34.257191
1799 108.934291 34.257208
1800 108.93422 34.25914
1801 108.934512 34.259147
1802 108.934553 34.26092
1803 108.934555 34.260961
1804 108.932474 34.276003
1805 108.930396 34.276687
1806 108.932443 34.277162
1807 108.905325 34.270749
1808 108.90517 34.264396
1809 108.923402 34.271219
1810 108.925051 34.270446
1811 108.925046 34.271232
1812 108.925944 34.269938
1813 108.925913 34.268925
1814 108.929211 34.268048
1815 108.928034 34.268264
1816 108.926147 34.273446
1817 108.930265 34.274407
1818 108.931616 34.276312
1819 108.932453 34.276806
1820 108.934351 34.276885
1821 108.99207 34.261054
1822 108.991526 34.260787
1823 108.992187 34.260585
1824 108.990579 34.261704
1825 108.997193 34.235681
1826 108.997251 34.235594
1827 108.997389 34.235642
1828 108.997334 34.235731
1829 108.991632 34.248472
1830 108.956341 34.210658
1831 109.003124 34.264148
1832 109.004878 34.264138
1833 109.001484 34.264116
1834 109.001642 34.264144
1835 108.975994 34.210696
1836 108.98513 34.216766
1837 108.985161 34.216858
1838 108.97982 34.219689
1839 108.979648 34.219888
1840 108.962691 34.278312
1841 108.968154 34.278725
1842 108.967678 34.276404
1843 108.967113 34.278692
1844 108.96815 34.279058
1845 108.967013 34.279016
1846 108.96422 34.278808
1847 108.934492 34.254107
1848 108.934394 34.254105
1849 108.943044 34.251074
1850 108.943283 34.251184
1851 108.928432 34.275208
1852 108.928398 34.274468
1853 108.928342 34.273051
1854 108.928269 34.271443
1855 108.931888 34.270047
1856 108.930717 34.26999
1857 108.949757 34.270618
1858 108.949476 34.270602
1859 108.949563 34.270795
1860 108.903741 34.2291
1861 108.903462 34.22952
1862 108.90388 34.229324
1863 108.90366 34.229824
1864 108.904102 34.229635
1865 108.903909 34.230168
1866 108.90434 34.229974
1867 108.946514 34.265828
1868 108.944984 34.265854
1869 109.00162 34.278806
1870 108.99091 34.278878
1871 108.97273 34.278922
1872 108.994647 34.27888
1873 108.99773 34.27883
1874 108.979672 34.278927
1875 108.976489 34.278927
1876 108.971174 34.278934
1877 108.990588 34.278912
1878 108.972904 34.279028
1879 109.0093 34.278785
1880 108.947992 34.266104
1881 108.948347 34.270411
1882 108.948374 34.26986
1883 108.955867 34.265736
1884 108.952035 34.265751
1885 108.955873 34.266036
1886 108.952366 34.266065
1887 108.946518 34.266131
1888 108.942501 34.266207
1889 108.944991 34.266152
1890 108.920741 34.278233
1891 108.953763 34.204176
1892 108.949565 34.271664
1893 108.951076 34.266064
1894 108.962301 34.241732
1895 108.960724 34.239639
1896 108.960729 34.239069
1897 108.960736 34.238661
1898 109.000134 34.241855
1899 108.900625 34.220767
1900 108.99187 34.206542
1901 108.981004 34.215156
1902 108.981716 34.216064
1903 108.949668 34.264977
1904 108.949318 34.264995
1905 108.920582 34.21649
1906 108.920539 34.2194
1907 108.924709 34.245194
1908 108.953378 34.233969
1909 108.95431 34.233974
1910 108.953357 34.232708
1911 108.954309 34.234182
1912 108.955604 34.234171
1913 108.953366 34.233677
1914 108.954311 34.233675
1915 108.954313 34.233366
1916 108.955596 34.234686
1917 108.955612 34.233582
1918 108.955604 34.233824
1919 108.956524 34.233812
1920 108.955606 34.234009
1921 108.95653 34.233996
1922 108.955603 34.234242
1923 108.956521 34.234242
1924 108.955599 34.234524
1925 108.956524 34.234523
1926 108.955205 34.234577
1927 108.955598 34.234579
1928 108.955205 34.234174
1929 108.954315 34.234728
1930 108.954315 34.235703
1931 108.954315 34.234975
1932 108.955343 34.234985
1933 108.954315 34.235268
1934 108.955344 34.235275
1935 108.954315 34.235517
1936 108.955345 34.235522
1937 108.949157 34.242792
1938 108.949195 34.245066
1939 108.949225 34.246686
1940 108.949234 34.247581
1941 108.949273 34.249862
1942 108.949298 34.252401
1943 108.949156 34.242736
1944 108.945433 34.252069
1945 108.945368 34.252208
1946 108.937316 34.252423
1947 108.939066 34.252474
1948 108.924519 34.25251
1949 108.918661 34.257988
1950 108.918687 34.252569
1951 108.901266 34.25246
1952 108.900318 34.252449
1953 108.902728 34.252452
1954 108.900109 34.206766
1955 108.908113 34.206794
1956 108.992918 34.233785
1957 108.989218 34.232226
1958 108.964371 34.224801
1959 108.965312 34.2248
1960 108.966798 34.224793
1961 108.974876 34.226254
1962 108.977428 34.227285
1963 108.980043 34.228365
1964 108.982473 34.229374
1965 108.984789 34.230363
1966 108.987334 34.231427
1967 108.962944 34.22481
1968 108.971404 34.224845
1969 108.968039 34.235471
1970 108.968226 34.235157
1971 108.968769 34.234266
1972 108.96749 34.237509
1973 108.967503 34.236452
1974 108.970118 34.228159
1975 108.967556 34.242704
1976 108.967552 34.242844
1977 108.96754 34.257053
1978 108.967555 34.247512
1979 108.967563 34.245119
1980 108.967569 34.252638
1981 108.967558 34.25241
1982 108.958988 34.238947
1983 108.958956 34.242683
1984 108.958957 34.242803
1985 108.958778 34.242682
1986 108.967507 34.236274
1987 108.962823 34.234911
1988 108.95908 34.234919
1989 108.900059 34.243486
1990 108.901406 34.246296
1991 108.901403 34.249714
1992 108.901891 34.233969
1993 108.975913 34.224509
1994 108.96131 34.224455
1995 108.962954 34.22818
1996 108.918666 34.258684
1997 108.916924 34.225166
1998 108.916936 34.227155
1999 108.90688 34.225275
2000 108.906846 34.223945
2001 108.906868 34.221982
2002 108.906504 34.213542
2003 108.906493 34.214545
2004 108.903545 34.207842
2005 108.908093 34.208986
2006 108.904699 34.208973
2007 108.903554 34.208969
2008 108.951908 34.204141
2009 108.945202 34.251687
2010 108.944856 34.251436
2011 108.945191 34.251381
2012 108.946553 34.25256
2013 108.943064 34.251706
2014 108.942757 34.254316
2015 108.942575 34.254448
2016 108.94249 34.25454
2017 108.942375 34.254744
2018 108.942278 34.254792
2019 108.920528 34.215145
2020 108.92158 34.215135
2021 108.920511 34.214739
2022 108.921582 34.214749
2023 108.920517 34.2146
2024 108.918969 34.214618
2025 108.922732 34.215136
2026 108.922701 34.213952
2027 108.924149 34.213797
2028 108.92155 34.213963
2029 108.921591 34.215815
2030 108.92274 34.215802
2031 108.924174 34.213551
2032 108.924782 34.213918
2033 108.924808 34.215128
2034 108.925408 34.213906
2035 108.926038 34.215123
2036 108.97018 34.262681
2037 108.919769 34.217003
2038 108.920574 34.216988
2039 108.920573 34.217028
2040 108.919794 34.217386
2041 108.920568 34.217383
2042 108.919107 34.21906
2043 108.920534 34.219058
2044 108.91909 34.218811
2045 108.920534 34.218807
2046 108.91909 34.21852
2047 108.920548 34.218506
2048 108.919096 34.218247
2049 108.920557 34.218241
2050 108.919098 34.21795
2051 108.91986 34.217956
2052 108.919094 34.21765
2053 108.91985 34.217645
2054 108.92137 34.219056
2055 108.920532 34.218715
2056 108.921357 34.218717
2057 108.921364 34.218495
2058 108.920556 34.218179
2059 108.92136 34.218187
2060 108.919865 34.219056
2061 108.919867 34.21881
2062 108.919864 34.218515
2063 108.919858 34.218236
2064 108.920573 34.216771
2065 108.95753 34.271507
2066 108.958146 34.271012
2067 108.958137 34.272081
2068 108.957542 34.271617
2069 108.958294 34.271032
2070 108.958732 34.271465
2071 108.958791 34.271631
2072 108.958238 34.272084
2073 108.934235 34.210655
2074 108.934258 34.216133
2075 108.934553 34.216132
2076 108.983611 34.221006
2077 108.984085 34.220081
2078 108.984057 34.221018
2079 108.981611 34.221044
2080 108.934219 34.20358
2081 108.934648 34.203575
2082 108.934559 34.210713
2083 108.93454 34.213427
2084 108.934201 34.213399
2085 108.934262 34.218
2086 108.974656 34.249355
2087 108.970879 34.249372
2088 108.912477 34.235762
2089 108.911054 34.23608
2090 108.910449 34.235087
2091 108.910178 34.23289
2092 108.910376 34.233183
2093 108.910984 34.23292
2094 108.929852 34.219861
2095 108.927275 34.219877
2096 108.970565 34.219044
2097 108.970115 34.218925
2098 108.970004 34.218614
2099 108.969112 34.221246
2100 108.967381 34.219216
2101 108.969104 34.219009
2102 108.970313 34.218838
2103 108.977506 34.21327
2104 108.971601 34.218483
2105 108.973098 34.217666
2106 108.974176 34.217073
2107 108.963033 34.206605
2108 108.976642 34.201982
2109 108.997602 34.220113
2110 108.991322 34.213131
2111 108.991258 34.211576
2112 109.003764 34.200741
2113 109.000959 34.208786
2114 108.999914 34.212316
2115 108.999867 34.231548
2116 109.007034 34.231908
2117 108.998478 34.236125
2118 108.996995 34.206524
2119 108.995183 34.209252
2120 108.997752 34.208586
2121 108.997882 34.208207
2122 109.006563 34.220696
2123 109.00661 34.220613
2124 109.006387 34.220621
2125 108.90565 34.270758
2126 108.905654 34.271424
2127 108.904923 34.271424
2128 108.904791 34.270752
2129 109.008002 34.202063
2130 108.987771 34.209693
2131 108.988928 34.21361
2132 109.007706 34.218443
2133 108.904698 34.206776
2134 108.958653 34.226939
2135 108.956786 34.22669
2136 108.955757 34.226679
2137 108.955738 34.22765
2138 108.954817 34.227561
2139 108.956787 34.227651
2140 108.954806 34.226681
2141 108.977473 34.212855
2142 108.977537 34.21183
2143 108.983423 34.252524
2144 108.983292 34.261041
2145 108.98341 34.257699
2146 108.964269 34.278694
2147 108.967569 34.2788
2148 108.967538 34.279297
2149 108.974518 34.252568
2150 109.00148 34.252626
2151 109.001623 34.252495
2152 109.001544 34.249151
2153 108.983404 34.249492
2154 108.998351 34.252519
2155 108.983389 34.261052
2156 108.97453 34.249357
2157 108.974528 34.247538
2158 108.97451 34.252512
2159 108.991721 34.252514
2160 108.98331 34.25253
2161 108.967588 34.27641
2162 109.006793 34.252536
2163 108.967473 34.265818
2164 108.983405 34.26561
2165 108.974488 34.242839
2166 108.974655 34.25251
2167 108.967738 34.278981
2168 108.967557 34.278977
2169 108.988231 34.252526
2170 108.961936 34.252504
2171 109.009264 34.252502
2172 108.983409 34.259643
2173 109.005734 34.252532
2174 108.964616 34.252474
2175 108.974651 34.260567
2176 108.967528 34.263901
2177 108.967608 34.278412
2178 108.983387 34.261124
2179 109.001501 34.244562
2180 108.96428 34.25248
2181 108.962294 34.252505
2182 108.983221 34.252531
2183 108.970551 34.252492
2184 108.967431 34.268993
2185 108.983418 34.26853
2186 109.001537 34.247761
2187 109.001486 34.254809
2188 109.00147 34.25905
2189 108.963145 34.278553
2190 108.988997 34.261362
2191 108.967976 34.260841
2192 109.001488 34.25652
2193 109.001532 34.252494
2194 108.97026 34.260744
2195 108.992059 34.252479
2196 108.915822 34.252455
2197 108.915599 34.25245
2198 108.905475 34.252352
2199 108.90527 34.270748
2200 108.911735 34.252457
2201 108.905488 34.25246
2202 108.905299 34.267674
2203 108.905486 34.249716
2204 108.905323 34.264961
2205 108.905398 34.258385
2206 108.905395 34.261032
2207 108.905521 34.246276
2208 108.905319 34.252462
2209 108.913536 34.252457
2210 108.905327 34.264391
2211 108.983433 34.271002
2212 108.997667 34.271018
2213 108.983305 34.271006
2214 108.994666 34.270997
2215 108.98343 34.270858
2216 109.001502 34.271027
2217 109.005922 34.271009
2218 109.001502 34.278939
2219 109.001637 34.271021
2220 108.979671 34.27101
2221 108.974528 34.271171
2222 108.979546 34.271013
2223 108.990594 34.271026
2224 109.001496 34.278807
2225 109.001489 34.273631
2226 109.001498 34.270874
2227 108.977312 34.27102
2228 109.00929 34.271011
2229 108.990865 34.271027
2230 108.927125 34.219801
2231 108.927254 34.231089
2232 108.94889 34.224361
2233 108.934371 34.228947
2234 108.9183 34.224469
2235 108.927238 34.228954
2236 108.914068 34.216495
2237 108.927178 34.224422
2238 108.927191 34.225843
2239 108.927139 34.221786
2240 108.916454 34.221833
2241 108.934364 34.219784
2242 108.914909 34.201845
2243 108.93445 34.219782
2244 108.927204 34.227005
2245 108.924762 34.224438
2246 108.947153 34.224369
2247 108.90021 34.24277
2248 108.934364 34.227082
2249 108.912651 34.226938
2250 108.934445 34.213396
2251 108.918251 34.224602
2252 108.934225 34.206764
2253 108.906352 34.21997
2254 108.934505 34.203578
2255 108.922337 34.230843
2256 108.906524 34.229699
2257 108.910128 34.228105
2258 108.904282 34.230708
2259 108.923383 34.232473
2260 108.927198 34.224548
2261 108.921138 34.228982
2262 108.91818 34.224513
2263 108.934357 34.219881
2264 108.910356 34.218155
2265 108.900358 34.222667
2266 108.93438 34.22441
2267 108.907708 34.21936
2268 108.927061 34.215097
2269 108.920264 34.227641
2270 108.934536 34.206648
2271 108.93453 34.205739
2272 108.934446 34.219881
2273 108.927198 34.226482
2274 108.911785 34.206775
2275 108.914939 34.216541
2276 108.942181 34.224388
2277 108.914924 34.213633
2278 108.941888 34.224385
2279 108.936363 34.224388
2280 108.921529 34.224437
2281 108.914912 34.200127
2282 108.934467 34.210711
2283 108.914894 34.216458
2284 108.934455 34.21613
2285 108.914917 34.204194
2286 108.92714 34.219878
2287 108.927081 34.213465
2288 108.907814 34.219287
2289 108.927077 34.216479
2290 108.934442 34.224409
2291 108.912779 34.226888
2292 108.934358 34.224526
2293 108.911791 34.206637
2294 108.927344 34.224417
2295 108.934445 34.213468
2296 108.914892 34.219279
2297 108.901511 34.222136
2298 108.923668 34.213561
2299 108.927156 34.206841
2300 108.927091 34.206576
2301 108.927089 34.206838
2302 108.927181 34.21346
2303 108.934366 34.213468
2304 108.934253 34.213468
2305 108.923602 34.200143
2306 108.903051 34.213463
2307 108.923655 34.203657
2308 108.914987 34.213566
2309 108.906502 34.213486
2310 108.917002 34.213556
2311 108.914916 34.209928
2312 108.908123 34.213513
2313 108.930828 34.21349
2314 108.923734 34.213495
2315 108.923652 34.208119
2316 108.923668 34.213494
2317 108.927095 34.208245
2318 108.918954 34.213538
2319 108.902855 34.213461
2320 108.914919 34.213571
2321 108.994292 34.201575
2322 108.951786 34.205492
2323 108.982909 34.206574
2324 108.991872 34.206677
2325 108.977784 34.215497
2326 109.006916 34.209258
2327 109.005278 34.214757
2328 109.006378 34.212174
2329 109.005184 34.214848
2330 108.98097 34.216368
2331 108.999574 34.216861
2332 109.002677 34.215917
2333 108.951779 34.210693
2334 109.006929 34.208852
2335 108.979897 34.215023
2336 108.951793 34.216911
2337 109.006285 34.212148
2338 108.951796 34.21979
2339 108.994465 34.207164
2340 108.994168 34.201575
2341 109.005046 34.214771
2342 108.999799 34.21244
2343 108.987778 34.220589
2344 108.970082 34.218242
2345 108.978875 34.210687
2346 108.995704 34.222252
2347 108.980271 34.215497
2348 109.007526 34.205417
2349 109.007545 34.20533
2350 108.994179 34.201496
2351 108.99943 34.223923
2352 108.983796 34.219645
2353 108.995563 34.222183
2354 108.979826 34.215066
2355 108.982001 34.217731
2356 108.99775 34.218928
2357 109.007438 34.205313
2358 108.981358 34.21685
2359 108.982813 34.206663
2360 108.997045 34.20158
2361 109.006358 34.212284
2362 108.98305 34.218893
2363 108.990096 34.206822
2364 108.98776 34.209043
2365 108.982814 34.206574
2366 109.000846 34.208778
2367 108.985601 34.210672
2368 108.981238 34.214012
2369 108.951874 34.224358
2370 108.982815 34.201545
2371 108.95177 34.21328
2372 108.951651 34.231628
2373 108.961748 34.213164
2374 108.951796 34.21321
2375 108.951796 34.227087
2376 108.970223 34.205541
2377 108.951802 34.228135
2378 108.973808 34.206599
2379 108.964872 34.213169
2380 108.951862 34.213207
2381 108.973809 34.205538
2382 108.973879 34.206662
2383 108.973782 34.210686
2384 108.964949 34.213169
2385 108.964821 34.213228
2386 108.942059 34.213318
2387 108.951785 34.22436
2388 108.951788 34.224474
2389 108.951799 34.23128
2390 108.9563 34.21318
2391 108.973805 34.204656
2392 108.970178 34.206609
2393 108.967431 34.210047
2394 108.97379 34.201905
2395 109.009277 34.260382
2396 109.001483 34.269411
2397 109.001233 34.260405
2398 109.00191 34.260385
2399 109.004867 34.260384
2400 108.918012 34.263517
2401 108.920358 34.271379
2402 108.905404 34.264388
2403 108.932934 34.278313
2404 108.910509 34.268585
2405 108.91782 34.265134
2406 108.91957 34.278158
2407 108.91861 34.271066
2408 108.946773 34.27858
2409 108.951862 34.278541
2410 108.920416 34.271077
2411 108.942132 34.278542
2412 108.942999 34.278515
2413 108.912961 34.268596
2414 108.92098 34.271083
2415 108.952687 34.27857
2416 108.927654 34.247521
2417 108.92096 34.271388
2418 108.920127 34.27119
2419 108.943751 34.27843
2420 108.917833 34.267162
2421 108.90542 34.25547
2422 108.918439 34.271465
2423 108.917831 34.267362
2424 108.927059 34.213528
2425 108.940075 34.203624
2426 108.960959 34.205582
2427 108.960942 34.203906
2428 108.951931 34.208237
2429 108.956351 34.20749
2430 108.970216 34.200318
2431 109.008909 34.216445
2432 109.009027 34.216505
2433 109.008846 34.216562
2434 109.008962 34.216612
2435 108.984199 34.209276
2436 108.986418 34.208992
2437 108.986226 34.205669
2438 108.985024 34.201537
2439 108.978495 34.213233
2440 108.965354 34.21916
2441 108.987471 34.239614
2442 108.986126 34.241864
2443 108.966775 34.228175
2444 108.966789 34.226967
2445 108.978713 34.227812
2446 108.979929 34.225968
2447 108.924756 34.221783
2448 108.98899 34.257723
2449 108.988995 34.259628
2450 109.001447 34.266496
2451 109.000645 34.264081
2452 108.90542 34.260893
2453 108.91771 34.268623
2454 108.9151 34.268607
2455 108.974649 34.271132
2456 108.985225 34.213295
2457 108.985191 34.213593
2458 108.988925 34.210367
2459 108.974547 34.25842
2460 108.974513 34.260577
2461 108.974652 34.258421
2462 108.974655 34.261813
2463 108.97465 34.264381
2464 108.974594 34.268418
2465 108.97465 34.270985
2466 108.97453 34.271006
2467 108.974504 34.26842
2468 108.974556 34.264362
2469 108.970401 34.226952
2470 108.969922 34.231699
2471 108.991141 34.213409
2472 108.991698 34.212921
2473 108.975293 34.222381
2474 108.975138 34.222669
2475 108.974742 34.222488
2476 108.975374 34.222235
2477 108.971792 34.224961
2478 108.97169 34.225062
2479 108.970265 34.231698
2480 108.970193 34.232019
2481 108.969184 34.233797
2482 108.969063 34.233765
2483 108.969892 34.231934
2484 108.989641 34.243994
2485 108.981981 34.240552
2486 108.991848 34.246194
2487 108.990679 34.24388
2488 108.996135 34.237431
2489 109.007528 34.244283
2490 109.007903 34.244522
2491 108.995205 34.244488
2492 108.967655 34.26159
2493 108.967944 34.261602
2494 108.967966 34.260087
2495 108.967697 34.260132
2496 108.997278 34.20813
2497 108.996818 34.206993
2498 108.997492 34.208583
2499 108.995927 34.207776
2500 108.996353 34.208302
2501 108.995904 34.208104
2502 108.95212 34.232156
2503 108.951831 34.232012
2504 108.906304 34.242272
2505 108.927538 34.231982
2506 108.927196 34.231992
2507 108.926987 34.231885
2508 108.927769 34.231871
2509 108.99967 34.278953
2510 108.992957 34.279628
2511 108.991903 34.279697
2512 108.99392 34.279639
2513 108.901618 34.222176
2514 108.901555 34.222086
2515 109.008105 34.202056
2516 109.000093 34.212353
2517 108.99449 34.211236
2518 108.999978 34.212462
2519 108.996431 34.215582
2520 108.95678 34.226311
2521 108.956079 34.226683
2522 108.965597 34.218101
2523 108.965276 34.219175
2524 108.965244 34.224803
2525 108.965242 34.224869
2526 109.003418 34.225885
2527 109.003263 34.225809
2528 109.004144 34.216752
2529 108.993339 34.244174
2530 108.992628 34.243503
2531 108.992032 34.245411
2532 109.009409 34.245542
2533 108.983625 34.279024
2534 108.940636 34.2626
2535 108.900928 34.228027
2536 108.904396 34.226455
2537 108.908002 34.224845
2538 108.909624 34.224133
2539 108.91056 34.223722
2540 108.900252 34.210558
2541 108.900329 34.21064
2542 108.955838 34.261046
2543 108.958333 34.260969
2544 108.958461 34.260968
2545 108.947306 34.261051
2546 108.944317 34.260979
2547 108.949358 34.26106
2548 108.949488 34.261061
2549 108.952448 34.261144
2550 108.979546 34.278925
2551 108.979496 34.27904
2552 108.979678 34.279734
2553 108.9795 34.2797
2554 108.918318 34.235634
2555 108.905242 34.264961
2556 108.917991 34.270445
2557 108.917705 34.27045
2558 108.908143 34.270802
2559 108.917979 34.272029
2560 108.974551 34.26601
2561 108.974636 34.26602
2562 108.990767 34.26782
2563 108.934362 34.220291
2564 108.933843 34.219875
2565 108.933821 34.219787
2566 108.934373 34.21938
2567 108.934965 34.219869
2568 108.934437 34.220288
2569 108.934458 34.219385
2570 108.934947 34.219786
2571 108.921991 34.25227
2572 108.927711 34.257339
2573 108.927602 34.254024
2574 108.92767 34.256102
2575 108.934513 34.254008
2576 108.901649 34.235921
2577 108.902958 34.231115
2578 108.909198 34.233876
2579 108.904302 34.226428
2580 108.904336 34.226483
2581 108.905309 34.227964
2582 108.906446 34.229734
2583 108.906515 34.229839
2584 108.908506 34.232882
2585 108.901574 34.222291
2586 108.906238 34.221947
2587 108.905761 34.220982
2588 108.913849 34.223406
2589 108.922389 34.230818
2590 108.914892 34.219376
2591 108.921609 34.216267
2592 108.922724 34.216327
2593 108.924795 34.216321
2594 108.926019 34.216332
2595 108.926053 34.214051
2596 108.956105 34.224291
2597 108.951795 34.219851
2598 108.953012 34.231629
2599 108.956158 34.219853
2600 108.958922 34.224346
2601 108.961309 34.224587
2602 108.941877 34.213322
2603 108.974604 34.237034
2604 108.974213 34.237216
2605 108.979942 34.228323
2606 108.976791 34.23372
2607 108.97426 34.232672
2608 108.96991 34.231794
2609 108.976689 34.233676
2610 108.976733 34.233603
2611 108.979878 34.228432
2612 108.988381 34.229403
2613 108.970243 34.231793
2614 108.989821 34.252608
2615 108.988239 34.252591
2616 108.989908 34.252509
2617 108.980838 34.252598
2618 108.983422 34.252599
2619 108.991779 34.248983
2620 108.992189 34.249954
2621 108.983296 34.259528
2622 108.991728 34.259496
2623 108.958959 34.239772
2624 108.925312 34.260833
2625 108.923984 34.260938
2626 108.934347 34.260517
2627 108.94548 34.261158
2628 108.969179 34.26079
2629 108.998851 34.252475
2630 109.00275 34.252631
2631 109.001478 34.252731
2632 109.003329 34.225696
2633 109.009166 34.22839
2634 108.989775 34.20591
2635 108.990288 34.206073
2636 108.900113 34.203536
2637 108.900113 34.203184
2638 108.90008 34.200073
2639 108.903332 34.20002
2640 108.903332 34.200127
2641 108.902794 34.213392
2642 108.902435 34.213455
2643 108.90247 34.213363
2644 108.902523 34.213088
2645 108.920826 34.200129
2646 108.92106 34.200021
2647 108.900298 34.222576
2648 108.901447 34.222042
2649 108.901509 34.222014
2650 108.904404 34.220778
2651 108.906313 34.219915
2652 108.907647 34.219265
2653 108.90136 34.222083
2654 108.901078 34.221474
2655 108.901141 34.221445
2656 108.901592 34.221976
2657 108.90784 34.219539
2658 108.904088 34.221158
2659 108.900131 34.222917
2660 108.904836 34.240819
2661 108.911637 34.237636
2662 108.91189 34.238034
2663 108.914557 34.236909
2664 108.91195 34.238125
2665 108.905271 34.241159
2666 108.942569 34.263402
2667 108.902994 34.213592
2668 108.905105 34.241225
2669 108.903005 34.244749
2670 108.905348 34.246315
2671 108.9593 34.231215
2672 108.959312 34.231891
2673 108.946052 34.23187
2674 108.959134 34.228188
2675 108.958943 34.231208
2676 108.931105 34.231844
2677 108.924002 34.232614
2678 108.923389 34.232858
2679 108.921682 34.233911
2680 108.915845 34.235024
2681 108.917102 34.234457
2682 108.921236 34.233217
2683 108.914801 34.230023
2684 108.920226 34.227584
2685 108.920286 34.227557
2686 108.91468 34.237
2687 108.919795 34.237325
2688 108.927361 34.237227
2689 108.923577 34.237226
2690 108.923443 34.233657
2691 108.924555 34.239994
2692 108.924564 34.237226
2693 108.924564 34.237165
2694 108.912958 34.237676
2695 108.918852 34.245137
2696 108.993925 34.278992
2697 108.987422 34.226057
2698 108.90032 34.220173
2699 108.900541 34.220068
2700 108.901652 34.220838
2701 108.901483 34.219789
2702 108.901894 34.220477
2703 108.903664 34.219664
2704 108.905603 34.21879
2705 108.904698 34.206706
2706 108.914895 34.216145
2707 108.913389 34.216942
2708 108.913313 34.216826
2709 108.902396 34.200064
2710 108.908102 34.200218
2711 108.90012 34.200207
2712 108.914908 34.202114
2713 108.910655 34.200213
2714 108.91481 34.204194
2715 108.914812 34.201845
2716 108.915098 34.202115
2717 108.91499 34.203656
2718 108.95917 34.22696
2719 108.934372 34.252562
2720 108.934498 34.252575
2721 108.934489 34.252377
2722 108.934363 34.252389
2723 108.938192 34.252419
2724 108.92223 34.252269
2725 108.915645 34.252351
2726 108.905317 34.25235
2727 108.918956 34.21078
2728 108.959631 34.224354
2729 108.958867 34.23977
2730 108.958939 34.237134
2731 108.958778 34.247582
2732 108.958653 34.253269
2733 108.94605 34.232608
2734 108.94369 34.232273
2735 108.94598 34.233452
2736 108.948336 34.233696
2737 108.998762 34.233091
2738 109.002113 34.213065
2739 109.001776 34.216003
2740 108.996687 34.23217
2741 108.998447 34.233554
2742 108.990778 34.224297
2743 109.004849 34.223501
2744 109.004429 34.223878
2745 108.994872 34.24073
2746 108.998549 34.233722
2747 108.996546 34.228266
2748 108.997016 34.227552
2749 108.998491 34.229344
2750 108.999208 34.228273
2751 108.999739 34.231492
2752 108.981917 34.238021
2753 108.997725 34.228802
2754 108.997611 34.228953
2755 108.960231 34.228263
2756 108.957362 34.228937
2757 108.957371 34.228177
2758 108.957448 34.228928
2759 108.957466 34.228181
2760 108.960671 34.23014
2761 108.959976 34.230071
2762 108.914917 34.206562
2763 108.914995 34.206562
2764 108.914995 34.206855
2765 108.914917 34.206854
2766 108.918418 34.206657
2767 108.918417 34.206764
2768 108.923653 34.20825
2769 108.920459 34.206658
2770 108.923653 34.206557
2771 108.93079 34.206858
2772 108.923718 34.206586
2773 108.930509 34.206651
2774 108.934398 34.20665
2775 108.934242 34.206553
2776 108.934399 34.206552
2777 108.934531 34.206764
2778 108.934614 34.205674
2779 108.936683 34.206917
2780 108.934629 34.207338
2781 108.934517 34.207338
2782 108.934396 34.207339
2783 108.934401 34.205813
2784 108.936681 34.206498
2785 108.934397 34.206866
2786 108.934217 34.206865
2787 108.930507 34.206759
2788 108.923719 34.206841
2789 108.923653 34.206842
2790 108.920451 34.20676
2791 108.941872 34.206564
2792 108.941872 34.206821
2793 108.932182 34.206861
2794 108.932182 34.206761
2795 108.932067 34.206651
2796 108.932067 34.206559
2797 108.941872 34.206862
2798 108.941872 34.206547
2799 108.93424 34.205814
2800 108.915022 34.200228
2801 108.998046 34.26048
2802 108.91425 34.23642
2803 108.962239 34.236258
2804 108.962236 34.235993
2805 108.962233 34.235244
2806 108.965186 34.237143
2807 108.965186 34.236395
2808 108.965186 34.236851
2809 108.964235 34.236248
2810 108.964238 34.236737
2811 108.963692 34.236254
2812 108.965413 34.236226
2813 108.966144 34.236531
2814 108.96636 34.236205
2815 108.959957 34.237135
2816 108.959959 34.236556
2817 108.959321 34.236555
2818 108.959337 34.236814
2819 108.959958 34.236803
2820 108.962025 34.236558
2821 108.959961 34.236265
2822 108.9603 34.235268
2823 108.960777 34.236262
2824 108.960777 34.235265
2825 108.964112 34.235197
2826 108.961562 34.23626
2827 108.961545 34.235262
2828 108.961558 34.235995
2829 108.961553 34.235732
2830 108.962233 34.235736
2831 108.961548 34.235473
2832 108.962229 34.235463
2833 108.960777 34.235502
2834 108.960296 34.235664
2835 108.960777 34.235664
2836 108.95964 34.235774
2837 108.960295 34.235782
2838 108.960298 34.235499
2839 108.959626 34.23549
2840 108.959665 34.23527
2841 108.959659 34.23505
2842 108.962678 34.235236
2843 108.963581 34.235182
2844 108.966737 34.235946
2845 108.958066 34.276378
2846 108.965785 34.233877
2847 108.965909 34.233983
2848 108.964276 34.233324
2849 108.962835 34.232717
2850 108.959458 34.203028
2851 109.001908 34.260318
2852 109.009316 34.245772
2853 109.009322 34.244239
2854 109.009415 34.25179
2855 109.009431 34.265837
2856 109.009431 34.267793
2857 109.009284 34.267103
2858 109.009279 34.265252
2859 109.009429 34.264823
2860 109.009269 34.249674
2861 109.009412 34.248939
2862 109.009267 34.253057
2863 108.992037 34.257593
2864 108.992034 34.256644
2865 108.9917 34.256673
2866 108.991799 34.256329
2867 108.991713 34.258018
2868 108.991805 34.258314
2869 108.991685 34.249497
2870 108.99049 34.24434
2871 108.995195 34.244568
2872 108.992462 34.243312
2873 108.992604 34.243668
2874 108.993743 34.244186
2875 109.006453 34.270862
2876 109.006451 34.271016
2877 108.962525 34.278611
2878 108.963727 34.278629
2879 109.00943 34.243654
2880 109.009605 34.240677
2881 109.009276 34.241388
2882 109.009403 34.241166
2883 109.009403 34.240773
2884 108.982356 34.24057
2885 108.980303 34.24001
2886 108.979805 34.239689
2887 108.989449 34.243242
2888 108.993399 34.225546
2889 108.989101 34.232177
2890 108.983762 34.240854
2891 108.982039 34.242695
2892 108.982496 34.242604
2893 108.983236 34.243336
2894 108.982384 34.242792
2895 108.983112 34.243185
2896 108.982147 34.242686
2897 108.983442 34.241358
2898 108.983687 34.240972
2899 108.985339 34.238414
2900 108.985867 34.237559
2901 108.978564 34.234437
2902 108.985808 34.237529
2903 108.985851 34.237459
2904 108.989041 34.232275
2905 108.994458 34.223899
2906 108.995502 34.222277
2907 108.967198 34.27875
2908 108.967189 34.278965
2909 108.968034 34.278986
2910 108.96804 34.278778
2911 108.960569 34.278268
2912 108.967515 34.21005
2913 108.985504 34.210644
2914 108.973781 34.210638
2915 108.97386 34.210638
2916 108.982916 34.210641
2917 108.975996 34.210636
2918 108.97707 34.270876
2919 108.977234 34.268527
2920 109.005045 34.258815
2921 109.005061 34.256516
2922 109.009292 34.258801
2923 109.005567 34.234076
2924 109.008949 34.228434
2925 109.009019 34.228322
2926 109.001512 34.241723
2927 109.001476 34.244167
2928 109.003032 34.238172
2929 109.003108 34.238067
2930 109.006922 34.231855
2931 109.001615 34.244168
2932 109.003186 34.238236
2933 109.003268 34.238134
2934 109.006472 34.232828
2935 109.00362 34.205158
2936 109.003693 34.200715
2937 109.003621 34.205084
2938 109.003691 34.205159
2939 109.003687 34.205082
2940 109.00802 34.201962
2941 109.003698 34.200618
2942 109.003769 34.200642
2943 108.997188 34.205689
2944 109.007848 34.218512
2945 109.008062 34.224889
2946 109.004909 34.223378
2947 109.008987 34.225293
2948 109.006428 34.220537
2949 109.009904 34.222175
2950 109.009872 34.222222
2951 109.004685 34.22344
2952 109.004764 34.223299
2953 108.997758 34.205073
2954 108.997715 34.205166
2955 108.934534 34.243519
2956 109.000278 34.205084
2957 109.000442 34.208328
2958 109.000276 34.20517
2959 109.006384 34.208748
2960 109.006842 34.208496
2961 109.00699 34.208454
2962 109.007274 34.208921
2963 109.007393 34.209355
2964 109.006848 34.209643
2965 109.006689 34.209728
2966 109.00638 34.209156
2967 109.006642 34.208798
2968 109.006515 34.209176
2969 109.007079 34.209291
2970 109.007202 34.208907
2971 108.993154 34.206779
2972 108.99504 34.209486
2973 108.914877 34.27945
2974 108.916573 34.279618
2975 108.917595 34.279886
2976 108.957006 34.27731
2977 108.958004 34.27706
2978 108.957948 34.276379
2979 108.957963 34.275195
2980 108.958308 34.275197
2981 108.9583 34.27638
2982 108.958016 34.277114
2983 108.95856 34.261058
2984 108.958325 34.261695
2985 108.958434 34.267435
2986 108.958515 34.263378
2987 108.958466 34.265815
2988 108.958468 34.265921
2989 108.95811 34.267439
2990 108.958161 34.265818
2991 108.958155 34.265924
2992 108.958111 34.268664
2993 108.958166 34.26573
2994 108.95815 34.266019
2995 108.958031 34.27199
2996 108.958371 34.271955
2997 108.958343 34.273403
2998 108.957991 34.273401
2999 108.958296 34.269703
3000 108.958397 34.269805
3001 108.958208 34.263373
3002 108.990595 34.278067
3003 108.990598 34.277201
3004 109.009289 34.270518
3005 109.009292 34.271445
3006 109.006936 34.27086
3007 109.009303 34.278506
3008 109.009301 34.27912
3009 109.006774 34.209217
3010 108.967228 34.252415
3011 108.96722 34.252641
3012 108.968006 34.252646
3013 108.968024 34.252421
3014 108.986666 34.242405
3015 108.987034 34.242388
3016 108.988189 34.242866
3017 108.906189 34.243136
3018 108.906978 34.242817
3019 108.907041 34.242699
3020 108.905467 34.242723
3021 108.903851 34.24178
3022 108.905407 34.243103
3023 108.905616 34.243503
3024 108.905419 34.243601
3025 108.982118 34.242896
3026 108.97905 34.242921
3027 108.921903 34.260886
3028 108.90617 34.258392
3029 108.906705 34.256594
3030 108.906589 34.255457
3031 108.969557 34.260868
3032 108.969056 34.260986
3033 108.990588 34.261415
3034 108.969572 34.260649
3035 108.970258 34.260626
3036 108.974514 34.260481
3037 108.974651 34.260481
3038 108.983292 34.260938
3039 108.98339 34.260945
3040 108.989006 34.261263
3041 108.988449 34.261384
3042 108.988439 34.261518
3043 108.973289 34.260797
3044 108.974546 34.260755
3045 108.97466 34.260756
3046 108.980477 34.261078
3047 108.983285 34.261242
3048 108.983388 34.261248
3049 108.990434 34.261389
3050 108.983231 34.270366
3051 108.983306 34.270519
3052 108.982626 34.27086
3053 108.983961 34.270861
3054 108.983654 34.241446
3055 108.983216 34.252602
3056 108.983215 34.259626
3057 108.983216 34.260933
3058 108.983217 34.261037
3059 108.983217 34.261126
3060 108.983217 34.261238
3061 108.983224 34.265887
3062 108.983228 34.268528
3063 108.983516 34.265609
3064 108.983493 34.246578
3065 108.983507 34.249492
3066 108.983544 34.252521
3067 108.983545 34.252599
3068 108.983212 34.257699
3069 108.983538 34.257699
3070 108.983533 34.259527
3071 108.983533 34.259642
3072 108.983529 34.260955
3073 108.983529 34.261131
3074 108.983529 34.261059
3075 108.983528 34.261256
3076 108.983524 34.262876
3077 108.985905 34.262882
3078 108.983409 34.258531
3079 108.983536 34.2587
3080 108.984446 34.26118
3081 108.984241 34.261295
3082 108.991664 34.249196
3083 108.992171 34.252469
3084 108.992172 34.252638
3085 108.992174 34.254833
3086 108.992176 34.257222
3087 108.992176 34.25897
3088 108.9916 34.252515
3089 108.9916 34.252603
3090 108.991602 34.255268
3091 108.991604 34.257699
3092 108.991606 34.259496
3093 108.991606 34.259669
3094 108.991016 34.262834
3095 108.990893 34.265555
3096 108.988994 34.259506
3097 108.986039 34.259517
3098 108.983409 34.259527
3099 109.003132 34.262396
3100 108.992173 34.260381
3101 108.992451 34.260594
3102 109.001906 34.260264
3103 109.001913 34.260443
3104 109.001226 34.260447
3105 108.992322 34.260988
3106 109.003147 34.260442
3107 109.004867 34.26026
3108 109.004867 34.260441
3109 108.996759 34.26065
3110 109.009281 34.260013
3111 109.00928 34.260694
3112 108.998045 34.260406
3113 108.967743 34.278801
3114 108.949407 34.261279
3115 108.951255 34.261292
3116 108.955845 34.261234
3117 108.949357 34.261016
3118 108.955842 34.260996
3119 108.949484 34.261018
3120 108.952447 34.261052
3121 108.949502 34.261282
3122 108.951332 34.261195
3123 108.95133 34.263324
3124 108.951332 34.261292
3125 108.958463 34.260871
3126 108.960817 34.26088
3127 108.96552 34.260818
3128 108.958458 34.261144
3129 108.958563 34.261143
3130 108.960286 34.261124
3131 108.962258 34.261102
3132 108.964162 34.26108
3133 108.964897 34.261072
3134 108.958327 34.261146
3135 108.958337 34.26087
3136 108.958368 34.260113
3137 108.958771 34.253753
3138 108.958359 34.258655
3139 108.958532 34.254565
3140 108.958619 34.257898
3141 108.958587 34.259549
3142 108.958563 34.260872
3143 108.958564 34.260973
3144 108.94926 34.261276
3145 108.949309 34.263283
3146 108.949312 34.263869
3147 108.949257 34.261014
3148 108.949257 34.26106
3149 108.949258 34.261174
3150 108.949575 34.261019
3151 108.949577 34.261062
3152 108.949582 34.261182
3153 108.949587 34.261283
3154 108.949664 34.263317
3155 108.948097 34.265888
3156 108.951076 34.26595
3157 108.947696 34.266007
3158 108.949889 34.265041
3159 108.94234 34.265908
3160 108.939321 34.266055
3161 108.941463 34.265944
3162 108.942484 34.265902
3163 108.939331 34.266149
3164 108.942341 34.266208
3165 108.94266 34.269717
3166 108.942608 34.268419
3167 108.942624 34.265895
3168 108.942628 34.265992
3169 108.942631 34.266096
3170 108.942634 34.266201
3171 108.942494 34.270053
3172 108.942425 34.269904
3173 108.942247 34.266212
3174 108.942241 34.265913
3175 108.942282 34.262642
3176 108.942243 34.266018
3177 108.942245 34.266116
3178 108.942339 34.268561
3179 108.96225 34.260863
3180 108.961086 34.224516
3181 108.971308 34.225018
3182 108.962949 34.224929
3183 108.964372 34.224711
3184 108.971492 34.224749
3185 108.966799 34.224703
3186 108.965244 34.224704
3187 108.965313 34.224703
3188 108.96524 34.224928
3189 108.965309 34.224928
3190 108.966796 34.224928
3191 108.968832 34.224928
3192 108.959486 34.224485
3193 108.959 34.224382
3194 108.942432 34.272386
3195 108.942347 34.272669
3196 108.942304 34.275178
3197 108.94314 34.271442
3198 108.949565 34.27141
3199 108.946474 34.271401
3200 108.951884 34.271414
3201 108.945161 34.271576
3202 108.951879 34.271667
3203 108.952249 34.278401
3204 108.959326 34.230057
3205 108.959067 34.226955
3206 108.959027 34.228187
3207 108.959366 34.226971
3208 108.959348 34.228191
3209 108.959198 34.230303
3210 108.959316 34.230573
3211 108.967747 34.257052
3212 108.967751 34.257367
3213 108.971033 34.242677
3214 108.967707 34.242707
3215 108.967705 34.242844
3216 108.967725 34.247512
3217 108.967708 34.249396
3218 108.967741 34.252408
3219 108.967772 34.252643
3220 108.967469 34.242704
3221 108.967464 34.242844
3222 108.96746 34.245118
3223 108.967466 34.247513
3224 108.974612 34.242828
3225 108.984353 34.2526
3226 108.970536 34.252633
3227 108.974518 34.252633
3228 108.974638 34.252633
3229 108.983222 34.252446
3230 108.970558 34.252424
3231 108.974489 34.252433
3232 108.974655 34.252433
3233 108.980303 34.252519
3234 108.980656 34.252446
3235 108.9916 34.252697
3236 108.990068 34.25261
3237 108.983309 34.252453
3238 108.983543 34.252458
3239 108.983423 34.252455
3240 108.988232 34.252464
3241 108.990181 34.25251
3242 108.9916 34.252322
3243 108.992984 34.252638
3244 108.992956 34.252472
3245 108.996861 34.25268
3246 109.001659 34.252734
3247 108.988238 34.252643
3248 108.998352 34.252474
3249 109.001623 34.252369
3250 109.001682 34.247633
3251 109.001684 34.249152
3252 109.001532 34.252369
3253 109.001463 34.247762
3254 109.001463 34.24915
3255 109.003803 34.252624
3256 109.005735 34.252653
3257 109.003804 34.252525
3258 109.009119 34.252515
3259 109.005732 34.252469
3260 109.009294 34.256516
3261 109.009294 34.255788
3262 109.009428 34.256314
3263 109.006794 34.252469
3264 109.006792 34.252652
3265 108.941954 34.250255
3266 108.942015 34.24279
3267 108.942016 34.242735
3268 108.942432 34.242739
3269 108.942431 34.24279
3270 108.942461 34.247595
3271 108.942486 34.249876
3272 108.942609 34.250257
3273 108.942019 34.24514
3274 108.942011 34.249932
3275 108.942445 34.245094
3276 108.942456 34.246743
3277 108.942532 34.260501
3278 108.942103 34.260513
3279 108.94197 34.254398
3280 108.942081 34.254526
3281 108.942173 34.257059
3282 108.942172 34.257683
3283 108.942171 34.25891
3284 108.942542 34.254514
3285 108.942476 34.257699
3286 108.94248 34.259587
3287 108.931307 34.260957
3288 108.93436 34.260931
3289 108.934464 34.260926
3290 108.940092 34.260765
3291 108.938831 34.260758
3292 108.938808 34.260993
3293 108.934373 34.261147
3294 108.934563 34.261144
3295 108.934555 34.261039
3296 108.923936 34.261078
3297 108.923737 34.260906
3298 108.974728 34.252633
3299 108.974735 34.25842
3300 108.974732 34.260481
3301 108.974404 34.260477
3302 108.974416 34.252633
3303 108.97442 34.258437
3304 108.976212 34.213258
3305 108.976212 34.21283
3306 108.974997 34.212828
3307 108.974302 34.213212
3308 108.985233 34.20711
3309 108.985233 34.206901
3310 108.985122 34.206679
3311 108.985331 34.206678
3312 108.987647 34.208994
3313 108.986724 34.208773
3314 108.987691 34.20153
3315 108.987701 34.206579
3316 108.988724 34.201528
3317 108.988714 34.203922
3318 108.98875 34.20438
3319 108.954353 34.206629
3320 108.938191 34.206552
3321 108.938336 34.204507
3322 108.939003 34.206551
3323 108.939018 34.205726
3324 108.9877 34.205907
3325 108.972526 34.216968
3326 108.975497 34.219467
3327 108.97162 34.221187
3328 108.974569 34.21998
3329 108.974341 34.219696
3330 108.970801 34.221238
3331 108.96989 34.221242
3332 108.966891 34.219463
3333 108.96685 34.2186
3334 108.964192 34.219574
3335 108.964313 34.219806
3336 108.964412 34.220092
3337 108.964379 34.219782
3338 108.964441 34.21976
3339 108.96433 34.219524
3340 108.992139 34.20157
3341 108.991959 34.204149
3342 108.992148 34.202191
3343 108.992111 34.203981
3344 108.992474 34.2042
3345 108.991747 34.205088
3346 108.991963 34.20522
3347 108.991929 34.205353
3348 108.992158 34.206544
3349 108.936726 34.202782
3350 108.936277 34.202775
3351 108.93627 34.203534
3352 108.935642 34.202233
3353 108.937663 34.203589
3354 108.93766 34.202268
3355 108.937661 34.202734
3356 108.939042 34.202706
3357 108.939726 34.203618
3358 108.938097 34.202726
3359 108.937661 34.20315
3360 108.937117 34.20315
3361 108.937649 34.204431
3362 108.939157 34.20361
3363 108.937659 34.203858
3364 108.937052 34.203856
3365 108.938635 34.203858
3366 108.93705 34.204155
3367 108.937654 34.204158
3368 108.938615 34.204155
3369 108.936809 34.20442
3370 108.929992 34.218524
3371 108.929974 34.218775
3372 108.927263 34.218728
3373 108.928094 34.218717
3374 108.928203 34.217709
3375 108.929088 34.216991
3376 108.930008 34.217042
3377 108.927297 34.21695
3378 108.92725 34.217649
3379 108.927467 34.217209
3380 108.929037 34.217324
3381 108.929959 34.217404
3382 108.928644 34.216981
3383 108.928634 34.216144
3384 108.973881 34.204314
3385 108.939057 34.205469
3386 108.939094 34.204888
3387 108.939073 34.205362
3388 108.939782 34.205372
3389 108.941889 34.214721
3390 108.938476 34.21462
3391 108.938638 34.214625
3392 108.938586 34.213425
3393 108.937412 34.213423
3394 108.938144 34.21168
3395 108.937403 34.212946
3396 108.938142 34.212944
3397 108.936142 34.215205
3398 108.93614 34.216132
3399 108.974781 34.202884
3400 108.97559 34.201893
3401 108.973873 34.20289
3402 108.972601 34.205542
3403 108.972603 34.204646
3404 108.972602 34.205006
3405 108.970759 34.20455
3406 108.970294 34.20455
3407 108.971866 34.204439
3408 108.972698 34.204238
3409 108.971512 34.202312
3410 108.972349 34.202303
3411 108.971504 34.20199
3412 108.972428 34.201989
3413 108.97355 34.201728
3414 108.993929 34.202654
3415 108.995722 34.202696
3416 108.984205 34.208467
3417 108.983306 34.208463
3418 108.983289 34.20801
3419 108.984209 34.208011
3420 108.985188 34.208467
3421 108.984202 34.208898
3422 108.986177 34.208891
3423 108.986337 34.208001
3424 108.987226 34.20801
3425 108.992132 34.201492
3426 108.992215 34.200912
3427 108.992081 34.200831
3428 108.992109 34.200501
3429 108.992021 34.200409
3430 108.992152 34.200022
3431 108.991494 34.200398
3432 108.991295 34.200498
3433 108.991295 34.200829
3434 108.990489 34.200886
3435 108.99053 34.200439
3436 108.993696 34.200918
3437 108.992941 34.200904
3438 108.987814 34.202439
3439 108.98858 34.202441
3440 108.98985 34.202449
3441 108.989452 34.202447
3442 108.988512 34.203365
3443 108.988513 34.20286
3444 108.989449 34.202865
3445 108.988525 34.203126
3446 108.987694 34.203123
3447 108.987695 34.203538
3448 108.988622 34.203529
3449 108.991077 34.204621
3450 108.991471 34.204006
3451 108.991265 34.20352
3452 108.991954 34.203505
3453 108.990442 34.204128
3454 108.99091 34.204131
3455 108.991957 34.203994
3456 108.99018 34.20449
3457 108.991077 34.204653
3458 108.990534 34.203728
3459 108.991352 34.203725
3460 108.991955 34.203726
3461 108.991024 34.203488
3462 108.990955 34.202659
3463 108.990956 34.202221
3464 108.991947 34.202654
3465 108.990423 34.20302
3466 108.991014 34.203019
3467 108.99195 34.203016
3468 108.991299 34.2036
3469 108.990308 34.203492
3470 109.002053 34.213586
3471 109.001864 34.215243
3472 108.996882 34.22022
3473 108.995533 34.220043
3474 108.995936 34.219391
3475 108.996203 34.220044
3476 108.950417 34.203323
3477 108.950415 34.202741
3478 108.949032 34.201636
3479 108.949716 34.201637
3480 108.950653 34.201636
3481 108.951761 34.20163
3482 108.955416 34.205589
3483 108.95542 34.204476
3484 108.953826 34.204486
3485 108.95608 34.20447
3486 108.959374 34.203823
3487 108.956195 34.204501
3488 108.958492 34.20422
3489 108.958481 34.203596
3490 108.956146 34.204174
3491 108.956143 34.203872
3492 108.956788 34.203869
3493 108.956793 34.204168
3494 108.956782 34.203592
3495 108.98676 34.240777
3496 108.98819 34.241352
3497 108.972488 34.249365
3498 108.97246 34.24754
3499 108.971004 34.24819
3500 108.97171 34.248188
3501 108.972833 34.247359
3502 108.973731 34.246452
3503 108.973731 34.246937
3504 108.974508 34.246932
3505 108.975614 34.239788
3506 108.975865 34.238196
3507 108.97705 34.239779
3508 108.976361 34.240752
3509 108.977051 34.240574
3510 108.977654 34.240574
3511 108.978272 34.235727
3512 108.97675 34.236592
3513 108.978312 34.235176
3514 108.978343 34.234851
3515 108.976912 34.235724
3516 108.982131 34.240146
3517 108.983466 34.239734
3518 108.955492 34.213272
3519 108.955494 34.214757
3520 108.998954 34.213344
3521 109.000309 34.213858
3522 109.000047 34.213759
3523 108.99943 34.214642
3524 108.998196 34.215396
3525 108.999588 34.214416
3526 108.99911 34.214489
3527 109.000059 34.214938
3528 108.925184 34.206582
3529 108.926777 34.20443
3530 108.923718 34.204761
3531 108.925174 34.20476
3532 108.928068 34.205429
3533 108.945249 34.235567
3534 108.947054 34.236229
3535 108.930774 34.202266
3536 108.930764 34.201398
3537 108.93077 34.201885
3538 108.930762 34.201196
3539 108.910027 34.238984
3540 108.910631 34.23991
3541 108.934408 34.235495
3542 108.933924 34.235492
3543 108.954433 34.224443
3544 108.954442 34.225372
3545 108.992161 34.246692
3546 108.983954 34.240937
3547 108.983885 34.241054
3548 108.90545 34.262863
3549 108.906874 34.26284
3550 108.916966 34.261004
3551 108.918042 34.262831
3552 108.934536 34.242873
3553 108.936985 34.242884
3554 108.942015 34.242865
3555 108.942113 34.242864
3556 108.942431 34.242862
3557 108.94235 34.242862
3558 108.94916 34.242877
3559 108.949228 34.242877
3560 108.952389 34.242868
3561 108.955565 34.242858
3562 108.95718 34.242805
3563 108.934497 34.242633
3564 108.952387 34.242673
3565 108.957141 34.242708
3566 108.942129 34.242648
3567 108.942352 34.242649
3568 108.943952 34.242653
3569 108.945768 34.242657
3570 108.949237 34.242663
3571 108.950849 34.242669
3572 108.955565 34.24266
3573 108.942412 34.238605
3574 108.942216 34.233473
3575 108.941922 34.232404
3576 108.941943 34.234069
3577 108.941949 34.236659
3578 108.942027 34.242648
3579 108.942438 34.242649
3580 108.949096 34.23295
3581 108.949184 34.232435
3582 108.949157 34.235608
3583 108.948738 34.231735
3584 108.949163 34.240583
3585 108.949154 34.242663
3586 108.94909 34.245068
3587 108.949125 34.247582
3588 108.949157 34.249863
3589 108.949175 34.251173
3590 108.949462 34.249859
3591 108.949389 34.245068
3592 108.949414 34.246684
3593 108.949427 34.247583
3594 108.949178 34.233394
3595 108.946207 34.253615
3596 108.943341 34.254511
3597 108.98291 34.209152
3598 108.982892 34.207784
3599 108.982902 34.207229
3600 108.980555 34.206585
3601 108.980555 34.206675
3602 108.982117 34.207785
3603 108.977903 34.209599
3604 108.98238 34.209154
3605 108.998316 34.262571
3606 108.998416 34.262571
3607 108.973788 34.209374
3608 108.973787 34.209602
3609 108.973794 34.208208
3610 108.969456 34.20809
3611 108.970612 34.20796
3612 108.973793 34.208492
3613 108.972026 34.236308
3614 108.971906 34.236305
3615 108.973064 34.2364
3616 108.962484 34.232582
3617 108.95605 34.231809
3618 108.963209 34.232606
3619 108.962433 34.232291
3620 108.962309 34.232271
3621 108.963518 34.232783
3622 108.963196 34.232594
3623 108.963419 34.232388
3624 108.944813 34.231892
3625 108.948954 34.231829
3626 108.949127 34.231828
3627 108.949183 34.231828
3628 108.951838 34.23182
3629 108.944472 34.231568
3630 108.944817 34.231628
3631 108.940967 34.231714
3632 108.943736 34.231577
3633 108.944673 34.231568
3634 108.943365 34.231786
3635 108.943617 34.231658
3636 108.951698 34.231573
3637 108.945268 34.231626
3638 108.94557 34.23168
3639 108.959277 34.23192
3640 108.958997 34.238157
3641 108.95917 34.234921
3642 108.959128 34.237134
3643 108.958984 34.234917
3644 108.949121 34.237175
3645 108.99394 34.240877
3646 108.994007 34.240769
3647 108.999016 34.238217
3648 109.0093 34.244833
3649 109.001463 34.247634
3650 109.001538 34.247634
3651 108.99649 34.237139
3652 108.93555 34.278536
3653 108.935344 34.279984
3654 108.920089 34.278298
3655 108.919838 34.27824
3656 108.919299 34.278059
3657 108.924042 34.278196
3658 108.924045 34.278134
3659 108.924428 34.278202
3660 108.924236 34.278168
3661 108.920538 34.27816
3662 108.920725 34.278091
3663 108.919462 34.27814
3664 108.920553 34.278298
3665 108.917927 34.275732
3666 108.917805 34.275905
3667 108.932384 34.271481
3668 108.929365 34.271366
3669 108.929356 34.27127
3670 108.930711 34.271204
3671 108.93302 34.271245
3672 108.932381 34.271231
3673 108.933026 34.271488
3674 108.923399 34.271149
3675 108.925044 34.271168
3676 108.926704 34.271179
3677 108.927827 34.271189
3678 108.905099 34.27075
3679 108.905167 34.26496
3680 108.918241 34.263522
3681 108.917723 34.265132
3682 108.917915 34.263506
3683 108.917918 34.263225
3684 108.917718 34.267161
3685 108.917898 34.26288
3686 108.9179 34.262831
3687 108.927822 34.260972
3688 108.927768 34.259222
3689 108.927818 34.260836
3690 108.92764 34.257338
3691 108.927591 34.256104
3692 108.927694 34.259224
3693 108.927905 34.260839
3694 108.927869 34.256098
3695 108.927912 34.257343
3696 108.927939 34.259219
3697 108.905504 34.258386
3698 108.905516 34.255468
3699 108.905318 34.252832
3700 108.905332 34.244717
3701 108.905442 34.24387
3702 108.905471 34.25185
3703 108.905626 34.246275
3704 108.905588 34.249716
3705 108.905317 34.24971
3706 108.905221 34.258396
3707 108.905189 34.260896
3708 108.905175 34.261026
3709 108.922906 34.27139
3710 108.905512 34.260892
3711 108.905512 34.26103
3712 108.938643 34.257045
3713 108.918772 34.257864
3714 108.918943 34.245138
3715 108.918928 34.24761
3716 108.918916 34.249778
3717 108.91901 34.239986
3718 108.918752 34.245136
3719 108.918689 34.253578
3720 108.918765 34.242855
3721 108.918628 34.247613
3722 108.918637 34.245134
3723 108.918872 34.253708
3724 108.918783 34.25387
3725 108.963042 34.209093
3726 108.963033 34.207068
3727 108.96924 34.207855
3728 108.965011 34.208972
3729 108.963039 34.208671
3730 108.963708 34.207859
3731 108.969481 34.208008
3732 108.962358 34.207862
3733 108.96501 34.209097
3734 108.917701 34.277268
3735 108.917781 34.27921
3736 109.009306 34.245204
3737 108.992032 34.227831
3738 109.005724 34.23405
3739 108.995666 34.229616
3740 109.004102 34.216732
3741 108.995573 34.229573
3742 108.995631 34.229486
3743 108.997074 34.227314
3744 108.99935 34.223887
3745 108.999292 34.223974
3746 109.000519 34.222126
3747 108.995724 34.229528
3748 108.990298 34.230228
3749 108.990392 34.230268
3750 108.999807 34.231383
3751 108.999932 34.23144
3752 109.005613 34.234001
3753 109.002426 34.232654
3754 109.002452 34.232611
3755 108.938945 34.252354
3756 108.937139 34.252529
3757 108.924191 34.2524
3758 108.922009 34.252492
3759 108.917911 34.267424
3760 108.935865 34.278346
3761 108.947099 34.278508
3762 108.967563 34.274233
3763 108.94204 34.232574
3764 108.939022 34.231716
3765 108.940692 34.23192
3766 108.938281 34.231803
3767 108.942202 34.232014
3768 108.943571 34.231686
3769 108.945254 34.231764
3770 108.942213 34.230884
3771 108.922861 34.232796
3772 108.919592 34.234047
3773 108.917739 34.234568
3774 108.917644 34.234426
3775 108.916425 34.236146
3776 108.991943 34.256328
3777 108.942038 34.231523
3778 108.996189 34.237646
3779 108.958462 34.261091
3780 108.918801 34.252569
3781 108.922405 34.252113
3782 108.92223 34.252032
3783 108.92148 34.251067
3784 108.922745 34.251047
3785 108.922747 34.251155
3786 108.922734 34.250094
3787 108.921475 34.250219
3788 108.921476 34.250539
3789 108.922739 34.250502
3790 108.921448 34.249723
3791 108.920593 34.25098
3792 108.920646 34.251565
3793 108.921816 34.251562
3794 108.919711 34.249981
3795 108.919427 34.250994
3796 108.919432 34.251272
3797 108.920224 34.251265
3798 108.920634 34.2519
3799 108.919469 34.249007
3800 108.920523 34.248419
3801 108.920554 34.24818
3802 108.920516 34.248181
3803 108.920506 34.247814
3804 108.920512 34.248052
3805 108.920143 34.248054
3806 108.920145 34.247965
3807 108.919715 34.24902
3808 108.922659 34.247725
3809 108.922673 34.248158
3810 108.925009 34.249044
3811 108.924205 34.249042
3812 108.924197 34.248398
3813 108.922684 34.248416
3814 108.924201 34.248746
3815 108.923786 34.248748
3816 108.924855 34.248744
3817 108.924215 34.24968
3818 108.924197 34.250095
3819 108.923826 34.250413
3820 108.924092 34.250861
3821 108.925061 34.249666
3822 108.925072 34.25177
3823 108.925068 34.251062
3824 108.924625 34.251056
3825 108.924201 34.247734
3826 108.924199 34.248087
3827 108.923573 34.248405
3828 108.92385 34.248092
3829 108.923846 34.247851
3830 108.925053 34.248403
3831 108.924201 34.247825
3832 108.925042 34.247812
3833 108.92421 34.249395
3834 108.924703 34.24939
3835 108.923795 34.249399
3836 108.923574 34.24969
3837 108.92356 34.24904
3838 108.934414 34.242845
3839 108.927573 34.242866
3840 108.924677 34.242871
3841 108.921737 34.242866
3842 108.924676 34.242608
3843 108.931216 34.242637
3844 108.915592 34.242842
3845 108.918873 34.242858
3846 108.927457 34.242866
3847 108.931215 34.242855
3848 108.907623 34.242629
3849 108.909205 34.242628
3850 108.912233 34.242627
3851 108.913835 34.242626
3852 108.916219 34.242625
3853 108.91872 34.242608
3854 108.918876 34.242608
3855 108.923636 34.242608
3856 108.927454 34.242614
3857 108.927571 34.242617
3858 108.934414 34.242634
3859 108.93459 34.245073
3860 108.934406 34.243607
3861 108.934304 34.24507
3862 108.934309 34.246655
3863 108.934592 34.246656
3864 108.934595 34.236661
3865 108.934597 34.233792
3866 108.934597 34.23416
3867 108.934594 34.238205
3868 108.934173 34.231942
3869 108.934318 34.233291
3870 108.934314 34.235494
3871 108.93431 34.237173
3872 108.934732 34.231204
3873 108.934091 34.231216
3874 108.92714 34.219951
3875 108.933944 34.219954
3876 108.934863 34.219953
3877 108.942587 34.219777
3878 108.943252 34.219859
3879 108.945729 34.219949
3880 108.945729 34.219685
3881 108.944594 34.219952
3882 108.947147 34.219945
3883 108.927277 34.219952
3884 108.929851 34.219952
3885 108.93427 34.219953
3886 108.934445 34.219953
3887 108.934356 34.219953
3888 108.934556 34.219953
3889 108.936293 34.219949
3890 108.927122 34.219701
3891 108.933951 34.219691
3892 108.934829 34.219687
3893 108.927274 34.2197
3894 108.929876 34.219697
3895 108.93427 34.21969
3896 108.934366 34.219689
3897 108.934455 34.219688
3898 108.934555 34.219688
3899 108.941099 34.219685
3900 108.934555 34.219782
3901 108.934555 34.219879
3902 108.934556 34.220199
3903 108.93456 34.224408
3904 108.93456 34.224527
3905 108.934562 34.22708
3906 108.93427 34.219784
3907 108.93427 34.21988
3908 108.93427 34.220212
3909 108.934266 34.22441
3910 108.934265 34.224527
3911 108.934261 34.228947
3912 108.92384 34.232795
3913 108.965695 34.212134
3914 108.963932 34.213172
3915 108.961773 34.215386
3916 108.962001 34.215386
3917 108.928038 34.269585
3918 108.924041 34.269758
3919 108.914468 34.226162
3920 108.912849 34.226858
3921 108.914531 34.226246
3922 108.912902 34.226984
3923 108.900019 34.206676
3924 108.957987 34.213226
3925 108.956268 34.214577
3926 108.961731 34.209866
3927 108.961734 34.212026
3928 108.958031 34.213175
3929 108.956317 34.212044
3930 108.959734 34.209869
3931 108.958029 34.212044
3932 108.958378 34.212044
3933 108.960382 34.20662
3934 108.958145 34.20662
3935 108.960808 34.209866
3936 108.959047 34.210658
3937 108.928493 34.254039
3938 108.987758 34.22339
3939 108.988797 34.215014
3940 108.988967 34.219033
3941 108.918793 34.200019
3942 108.914773 34.200126
3943 108.914818 34.200126
3944 108.912952 34.200114
3945 108.912952 34.200198
